,,,,,,,,Overall,Live  Channels (Phone/Chat),Occupancy,Forecast,,,,,,Daily Total Offered and Answered Volumes,,,,,,,,,,Phone,,,,,,,,,,,,Chat,,,,,,
,,,,,,,,,,,,,,,,,,,,,,,,,,,Service Level,,,,AHT,,Preventable Abandon,,,Systemic Abandon,,,Service Level,,,,,AHT,
Year,Month,Week,Week - Year,Week,Workday of Month,Date,Day of Week,%SLA,%SLA,Occupancy,Phone + Chat Forecast,Phone + Chat vs Forecast,Phone Forecast,Phone vs Forecast,Chat Forecast,Chat vs Forecast,Total live (Phone + Chat),Calls Offered,Calls Answered,Chats Offered,Chats Answered,Maven Resolutions,ZD Self Serve,Email,NPS,Live Volume per Agent,% SLA,ASA,IVR %SVL,IVR ASA,Avg Duration,Avg in mins,Abandon,Missed,Rate,Short,IVR,Rate,% SLA,ASA,Avg Response,Missed Chats,Abandon %,Avg Duration,Avg in mins
2018,Jan-18,1,1-2018,1,,2018-01-01,Mon,,,,,,,,,,,,,,,,,23,,,,,,,,,,,,,,,,,,,#REF!,,
2019,Aug-19,31,31-2019,31,1,2019-08-01,Thu,50%,45%,,,,,,,,666,365,347,301,295,,491,70,34,19.6,83%,0:46,,,,,13,5,4.9%,29,0,7.4%,,1:51,1:21,6,,,
2019,Dec-19,1,1-2020,1,18,2019-12-30,Mon,64%,64%,0%,586,-3%,318,6%,268,-13%,571,337,306,234,229,,337,66,18,18.4,64%,1:40,,,12:51,12.85,25,6,9.2%,0,0,0.0%,64%,2:04,1:23,5,,20:01,20.02
2021,Jan-21,53,53-2021,53,,2021-01-01,Fri,,,,,,,,,,,,,,,,216,31,3,,,,,,,,,,,,,,,,,,,,
2021,Jan-21,53,53-2021,53,,2021-01-02,Sat,,,,,,,,,,,,,,,,272,26,6,,,,,,,,,,,,,,,,,,,,
2021,Jan-21,53,1-2021,1,,2021-01-03,Sun,,,,,,,,,,,,,,,,271,45,4,,,,,,,,,,,,,,,,,,,,
2021,Jan-21,1,1-2021,1,1,2021-01-04,Mon,62%,62%,0%,972,4%,545,6%,427,3%,1016,578,554,438,428,,918,87,30,22.6,57%,1:22,,,11:51,11.85,22,2,4.2%,0,0,0.0%,68%,2:17,1:33,10,,20:02,20.03
2021,Jan-21,1,1-2021,1,2,2021-01-05,Tue,81%,84%,0%,960,-9%,521,-6%,439,-14%,869,492,481,377,372,,929,60,10,18.9,77%,0:59,,,12:05,12.08,8,3,2.2%,0,0,0.0%,92%,1:06,1:07,5,,19:34,19.57
2021,Jan-21,1,1-2021,1,3,2021-01-06,Wed,85%,87%,0%,849,-25%,462,-24%,387,-27%,635,351,347,284,280,,875,109,7,13.2,86%,0:48,,,11:32,11.53,2,2,1.1%,0,37,9.5%,89%,1:03,1:10,4,,22:04,22.07
2021,Jan-21,1,1-2021,1,4,2021-01-07,Thu,78%,86%,0%,214,7%,111,17%,103,-5%,228,130,130,98,95,,995,326,6,4.7,83%,0:48,,,10:36,10.60,0,0,0.0%,0,233,64.2%,91%,0:59,1:07,3,,18:44,18.73
2021,Jan-21,1,1-2021,1,5,2021-01-08,Fri,76%,86%,0%,251,-6%,144,6%,107,-22%,236,153,152,83,75,,830,267,6,4.8,88%,0:48,,,8:14,8.23,1,0,0.7%,0,230,60.1%,83%,0:59,1:03,8,,18:16,18.27
2021,Jan-21,1,1-2021,1,,2021-01-09,Sat,,,,,,,,,,,,,,,,239,34,1,,,,,,,,,,,,,,,,,,,,
2021,Jan-21,1,2-2021,2,,2021-01-10,Sun,,,,,,,,,,,,,,,,240,34,2,,,,,,,,,,,,,,,,,,,,
2021,Jan-21,2,2-2021,2,6,2021-01-11,Mon,72%,72%,0%,865,-10%,481,-10%,384,-11%,775,434,410,341,329,,809,75,22,18.0,75%,1:16,,,11:09,11.15,18,6,5.5%,0,0,0.0%,69%,3:23,2:06,12,,19:51,19.85
2021,Jan-21,2,2-2021,2,7,2021-01-12,Tue,81%,83%,0%,872,-20%,468,-14%,404,-27%,699,403,397,296,292,,680,60,2,15.5,83%,1:04,,,13:24,13.40,5,1,1.5%,0,0,0.0%,82%,1:33,1:20,4,,20:03,20.05
2021,Jan-21,2,2-2021,2,8,2021-01-13,Wed,77%,79%,0%,808,-7%,430,6%,378,-22%,749,456,426,293,291,,799,72,11,16.6,72%,1:10,,,11:33,11.55,11,19,6.6%,0,0,0.0%,89%,1:12,1:10,2,,18:34,18.57
2021,Jan-21,2,2-2021,2,9,2021-01-14,Thu,78%,80%,0%,779,0%,411,11%,368,-13%,775,456,446,319,318,,763,59,5,18.0,76%,0:58,,,11:55,11.92,7,3,2.2%,0,0,0.0%,85%,1:29,1:11,1,,19:01,19.02
2021,Jan-21,2,2-2021,2,10,2021-01-15,Fri,82%,83%,0%,649,5%,356,11%,293,-3%,680,397,387,283,281,,659,47,7,17.0,83%,0:54,,,11:31,11.52,4,6,2.5%,0,0,0.0%,83%,1:30,1:23,2,,18:24,18.40
2021,Jan-21,2,2-2021,2,,2021-01-16,Sat,,,,,,,,,,,,,,,,191,27,5,,,,,,,,,,,,,,,,,,,,
2021,Jan-21,2,3-2021,3,,2021-01-17,Sun,,,,,,,,,,,,,,,,128,31,3,,,,,,,,,,,,,,,,,,,,
2021,Jan-21,3,3-2021,3,11,2021-01-18,Mon,76%,78%,0%,588,-10%,335,-8%,254,-12%,531,307,302,224,220,,516,70,11,13.4,75%,1:05,,,12:30,12.50,5,0,1.6%,0,0,0.0%,82%,1:35,1:24,4,,19:19,19.32
2021,Jan-21,3,3-2021,3,12,2021-01-19,Tue,82%,83%,0%,834,-8%,449,-9%,385,-7%,767,408,403,359,355,,745,60,16,19.2,82%,0:54,,,10:20,10.33,4,1,1.2%,0,0,0.0%,84%,1:28,1:16,4,,16:25,16.42
2021,Jan-21,3,3-2021,3,13,2021-01-20,Wed,87%,88%,0%,789,-11%,427,-9%,363,-15%,699,390,383,309,304,,632,38,17,14.7,84%,0:51,,,10:50,10.83,5,2,1.8%,0,0,0.0%,92%,1:09,1:11,5,,20:01,20.02
2021,Jan-21,3,3-2021,3,14,2021-01-21,Thu,80%,80%,0%,734,3%,391,12%,342,-7%,754,437,427,317,311,,686,63,14,16.9,74%,1:09,,,11:44,11.73,9,1,2.3%,0,0,0.0%,89%,1:06,1:14,6,,19:48,19.80
2021,Jan-21,3,3-2021,3,15,2021-01-22,Fri,85%,85%,0%,620,8%,349,10%,271,6%,670,384,373,286,279,,598,51,11,14.9,80%,0:57,,,11:39,11.65,6,5,2.9%,0,0,0.0%,92%,0:53,1:04,7,,16:03,16.05
2021,Jan-21,3,3-2021,3,,2021-01-23,Sat,,,,,,,,,,,,,,,,198,33,1,,,,,,,,,,,,,,,,,,,,
2021,Jan-21,3,4-2021,4,,2021-01-24,Sun,,,,,,,,,,,,,,,,217,31,3,,,,,,,,,,,,,,,,,,,,
2021,Jan-21,4,4-2021,4,16,2021-01-25,Mon,78%,79%,0%,796,3%,450,-3%,346,12%,822,435,419,387,381,,708,81,22,19.1,76%,1:07,,,10:57,10.95,12,4,3.7%,0,0,0.0%,82%,1:40,1:25,6,,18:44,18.73
2021,Jan-21,4,4-2021,4,17,2021-01-26,Tue,83%,84%,0%,846,-10%,454,-9%,391,-11%,762,415,406,347,345,,688,61,8,18.1,79%,0:56,,,11:05,11.08,5,4,2.2%,0,0,0.0%,90%,1:17,1:12,2,,17:15,17.25
2021,Jan-21,4,4-2021,4,18,2021-01-27,Wed,64%,62%,0%,772,10%,412,16%,360,4%,852,476,445,376,363,,824,86,15,20.8,54%,2:07,,,12:13,12.22,29,2,6.5%,0,0,0.0%,72%,2:34,1:37,13,,20:05,20.08
2021,Jan-21,4,4-2021,4,19,2021-01-28,Thu,74%,75%,0%,742,-2%,398,-1%,345,-4%,725,393,384,332,328,,711,80,23,18.4,75%,1:13,,,12:52,12.87,7,2,2.3%,0,0,0.0%,74%,2:12,1:27,4,,19:26,19.43
2021,Jan-21,4,4-2021,4,20,2021-01-29,Fri,68%,68%,0%,676,-11%,376,-3%,299,-22%,600,365,342,235,230,,806,93,23,14.3,60%,1:34,,,12:17,12.28,21,2,6.3%,0,24,6.2%,80%,1:54,1:28,5,,18:15,18.25
2021,Jan-21,4,4-2021,4,,2021-01-30,Sat,,,,,,,,,,,,,,,,199,34,8,,,,,,,,,,,,,,,,,,,,
2021,Jan-21,4,5-2021,5,,2021-01-31,Sun,,,,,,,,,,,,,,,,274,34,8,,,,,,,,,,,,,,,,,,,,
2021,Feb-21,5,5-2021,5,1,2021-02-01,Mon,78%,80%,0%,1021,-13%,583,-6%,438,-23%,884,547,535,337,333,,898,77,23,19.6,79%,1:00,,,12:31,12.52,9,3,2.2%,0,0,0.0%,82%,1:35,1:29,4,,20:49,20.82
2021,Feb-21,5,5-2021,5,2,2021-02-02,Tue,74%,75%,0%,985,-15%,531,-13%,454,-16%,841,460,441,381,372,,870,83,20,18.9,73%,1:07,,,12:31,12.52,14,5,4.1%,0,0,0.0%,77%,2:14,1:40,9,,19:44,19.73
2021,Feb-21,5,5-2021,5,3,2021-02-03,Wed,84%,85%,0%,935,-13%,505,-9%,429,-17%,815,458,444,357,355,,893,59,11,17.7,83%,0:58,,,12:23,12.38,10,4,3.1%,0,0,0.0%,88%,1:18,1:14,2,,16:59,16.98
2021,Feb-21,5,5-2021,5,4,2021-02-04,Thu,78%,79%,0%,800,-6%,432,-2%,368,-12%,748,424,414,324,322,,799,62,16,16.6,77%,0:56,,,12:16,12.27,7,3,2.4%,0,0,0.0%,81%,1:50,1:28,2,,21:10,21.17
2021,Feb-21,5,5-2021,5,5,2021-02-05,Fri,72%,72%,0%,629,-9%,347,-7%,282,-12%,572,323,310,249,244,,726,64,7,13.6,72%,1:10,,,13:32,13.53,10,3,4.0%,0,27,7.7%,72%,2:29,1:39,5,,22:38,22.63
2021,Feb-21,5,5-2021,5,,2021-02-06,Sat,,,,,,,,,,,,,,,,254,34,5,,,,,,,,,,,,,,,,,,,,
2021,Feb-21,5,6-2021,6,,2021-02-07,Sun,,,,,,,,,,,,,,,,227,32,3,,,,,,,,,,,,,,,,,,,,
2021,Feb-21,6,6-2021,6,6,2021-02-08,Mon,67%,68%,0%,871,-9%,493,-9%,378,-8%,796,447,422,349,339,,763,53,23,20.4,68%,1:10,,,12:59,12.98,22,3,5.6%,0,0,0.0%,68%,2:38,1:51,10,,17:34,17.57
2021,Feb-21,6,6-2021,6,7,2021-02-09,Tue,79%,81%,0%,876,-10%,468,-9%,408,-11%,787,424,414,363,354,,811,74,18,18.3,79%,0:55,,,12:00,12.00,9,1,2.4%,0,0,0.0%,83%,1:32,1:18,9,,18:11,18.18
2021,Feb-21,6,6-2021,6,8,2021-02-10,Wed,74%,75%,0%,849,2%,454,-4%,394,8%,862,435,415,427,422,,767,70,15,20.5,66%,1:16,,,12:21,12.35,18,2,4.6%,0,0,0.0%,85%,1:34,1:26,5,,16:19,16.32
2021,Feb-21,6,6-2021,6,9,2021-02-11,Thu,73%,74%,0%,761,-8%,402,-5%,359,-11%,701,383,371,318,310,,722,57,16,16.3,72%,1:05,,,12:26,12.43,10,2,3.1%,0,0,0.0%,76%,2:02,1:39,8,,22:38,22.63
2021,Feb-21,6,6-2021,6,10,2021-02-12,Fri,76%,77%,0%,637,-6%,349,0%,288,-13%,601,350,339,251,248,,519,40,7,15.8,74%,1:12,,,12:35,12.58,10,1,3.1%,0,0,0.0%,80%,1:42,1:23,3,,16:31,16.52
2021,Feb-21,6,6-2021,6,,2021-02-13,Sat,,,,,,,,,,,,,,,,171,29,4,,,,,,,,,,,,,,,,,,,,
2021,Feb-21,6,7-2021,7,,2021-02-14,Sun,,,,,,,,,,,,,,,,175,24,4,,,,,,,,,,,,,,,,,,,,
2021,Feb-21,7,7-2021,7,11,2021-02-15,Mon,77%,79%,0%,583,-3%,335,-6%,247,2%,568,315,306,253,247,,577,62,13,14.8,79%,1:04,,,11:44,11.73,8,1,2.9%,0,0,0.0%,79%,1:34,1:23,6,,17:52,17.87
2021,Feb-21,7,7-2021,7,12,2021-02-16,Tue,80%,82%,0%,837,-21%,446,-16%,391,-25%,665,373,369,292,286,,679,66,11,16.4,80%,0:57,,,12:19,12.32,4,0,1.1%,0,0,0.0%,84%,1:28,1:17,6,,23:03,23.05
2021,Feb-21,7,7-2021,7,13,2021-02-17,Wed,82%,84%,0%,812,-18%,435,-13%,376,-25%,663,380,370,283,281,,673,58,9,15.8,78%,1:09,,,11:15,11.25,8,2,2.6%,0,0,0.0%,91%,1:07,1:07,2,,17:56,17.93
2021,Feb-21,7,7-2021,7,14,2021-02-18,Thu,78%,80%,0%,743,-10%,399,-9%,345,-11%,669,362,353,307,304,,677,85,7,16.1,80%,1:01,,,12:19,12.32,8,1,2.5%,0,0,0.0%,80%,1:41,1:20,3,,16:38,16.63
2021,Feb-21,7,7-2021,7,15,2021-02-19,Fri,72%,72%,0%,600,-5%,332,0%,268,-11%,571,332,321,239,232,,626,48,6,13.8,68%,1:08,,,13:20,13.33,10,1,3.3%,0,0,0.0%,78%,2:02,1:19,7,,17:33,17.55
2021,Feb-21,7,7-2021,7,,2021-02-20,Sat,,,,,,,,,,,,,,,,149,37,4,,,,,,,,,,,,,,,,,,,,
2021,Feb-21,7,8-2021,8,,2021-02-21,Sun,,,,,,,,,,,,,,,,198,37,9,,,,,,,,,,,,,,,,,,,,
2021,Feb-21,8,8-2021,8,16,2021-02-22,Mon,66%,69%,0%,781,5%,450,3%,331,8%,819,461,429,358,347,,686,85,28,23.7,65%,1:29,,,10:58,10.97,24,8,6.9%,0,0,0.0%,74%,1:59,1:36,11,,19:11,19.18
2021,Feb-21,8,8-2021,8,17,2021-02-23,Tue,63%,65%,0%,806,-9%,438,-2%,367,-17%,733,428,405,305,300,,751,63,16,20.4,61%,1:46,,,11:26,11.43,18,5,5.4%,0,0,0.0%,71%,2:15,1:30,5,,20:40,20.67
2021,Feb-21,8,8-2021,8,18,2021-02-24,Wed,78%,83%,0%,824,-19%,441,-10%,383,-29%,670,397,387,273,271,,805,72,12,16.3,81%,1:02,,,13:15,13.25,5,5,2.5%,0,0,0.0%,85%,1:17,1:12,2,,21:32,21.53
2021,Feb-21,8,8-2021,8,19,2021-02-25,Thu,74%,76%,0%,727,-6%,385,0%,342,-13%,684,386,361,298,295,,722,62,14,16.9,73%,1:09,,,10:01,10.02,21,4,6.5%,0,0,0.0%,81%,1:37,1:24,3,,20:30,20.50
2021,Feb-21,8,8-2021,8,20,2021-02-26,Fri,61%,66%,0%,608,-10%,337,-1%,270,-22%,545,334,315,211,210,,659,77,16,13.5,59%,1:42,,,11:47,11.78,16,3,5.7%,0,27,7.5%,78%,1:41,1:24,1,,18:41,18.68
2021,Feb-21,8,8-2021,8,,2021-02-27,Sat,,,,,,,,,,,,,,,,215,32,2,,,,,,,,,,,,,,,,,,,,
2021,Feb-21,8,9-2021,9,,2021-02-28,Sun,,,,,,,,,,,,,,,,227,33,7,,,,,,,,,,,,,,,,,,,,
2021,Mar-21,9,9-2021,9,1,2021-03-01,Mon,32%,32%,0%,957,94%,545,62%,411,138%,1860,881,543,979,662,,1049,80,35,46.5,37%,4:26,,,7:29,7.48,333,5,38.4%,0,0,0.0%,28%,18:01,14:08,317,,20:40,20.67
2021,Mar-21,9,9-2021,9,2,2021-03-02,Tue,62%,66%,0%,922,-1%,496,7%,426,-10%,914,532,488,382,372,,894,74,11,21.8,59%,1:35,,,11:46,11.77,35,9,8.3%,0,0,0.0%,75%,1:53,1:19,10,,18:06,18.10
2021,Mar-21,9,9-2021,9,3,2021-03-03,Wed,60%,63%,0%,875,-11%,472,-12%,403,-9%,783,416,396,367,355,,805,67,12,19.8,63%,1:39,,,12:36,12.60,17,3,4.8%,0,0,0.0%,64%,2:47,1:37,12,,19:37,19.62
2021,Mar-21,9,9-2021,9,4,2021-03-04,Thu,51%,55%,0%,749,-4%,404,11%,345,-22%,719,448,419,271,263,,696,69,13,18.0,53%,2:03,,,13:03,13.05,27,2,6.5%,0,0,0.0%,58%,3:32,2:21,8,,19:43,19.72
2021,Mar-21,9,9-2021,9,5,2021-03-05,Fri,73%,76%,0%,590,11%,325,14%,265,8%,657,371,362,286,281,,686,71,29,16.6,66%,1:16,,,14:05,14.08,8,1,2.4%,0,0,0.0%,89%,1:08,1:10,5,,16:25,16.42
2021,Mar-21,9,9-2021,9,,2021-03-06,Sat,,,,,,,,,,,,,,,,155,27,9,,,,,,,,,,,,,,,,,,,,
2021,Mar-21,9,10-2021,10,,2021-03-07,Sun,,,,,,,,,,,,,,,,185,22,4,,,,,,,,,,,,,,,,,,,,
2021,Mar-21,10,10-2021,10,6,2021-03-08,Mon,74%,82%,0%,816,-9%,461,-9%,355,-9%,744,420,412,324,320,,745,90,19,18.6,77%,1:01,,,12:43,12.72,8,0,1.9%,0,0,0.0%,88%,1:17,1:07,4,,18:19,18.32
2021,Mar-21,10,10-2021,10,7,2021-03-09,Tue,21%,22%,0%,821,48%,438,46%,383,50%,1211,638,526,573,516,,976,160,11,28.8,20%,4:41,,,13:00,13.00,110,2,17.6%,0,0,0.0%,24%,10:05,4:42,57,,26:41,26.68
2021,Mar-21,10,10-2021,10,8,2021-03-10,Wed,65%,70%,0%,795,8%,425,4%,370,13%,859,442,416,417,412,,864,91,15,21.2,60%,1:48,,,13:43,13.72,21,5,5.9%,0,0,0.0%,81%,1:49,1:18,5,,16:00,16.00
2021,Mar-21,10,10-2021,10,9,2021-03-11,Thu,67%,71%,0%,713,2%,376,10%,337,-7%,727,415,389,312,304,,712,65,11,19.1,66%,1:33,,,12:15,12.25,21,5,6.3%,0,0,0.0%,77%,2:14,1:25,8,,18:10,18.17
2021,Mar-21,10,10-2021,10,10,2021-03-12,Fri,61%,65%,0%,597,-4%,326,0%,270,-9%,571,326,299,245,239,,785,79,17,14.8,60%,1:50,,,11:04,11.07,25,2,8.3%,0,25,7.1%,71%,2:27,1:34,6,,17:41,17.68
2021,Mar-21,10,10-2021,10,,2021-03-13,Sat,,,,,,,,,,,,,,,,186,11,5,,,,,,,,,,,,,,,,,,,,
2021,Mar-21,10,11-2021,11,,2021-03-14,Sun,,,,,,,,,,,,,,,,253,21,5,,,,,,,,,,,,,,,,,,,,
2021,Mar-21,11,11-2021,11,11,2021-03-15,Mon,35%,36%,0%,766,3%,429,3%,336,2%,787,444,391,343,314,,690,58,29,22.8,38%,2:59,,,12:12,12.20,49,4,11.9%,0,0,0.0%,33%,8:07,3:45,29,,24:40,24.67
2021,Mar-21,11,11-2021,11,12,2021-03-16,Tue,58%,60%,0%,784,-10%,417,-3%,367,-17%,709,406,378,303,289,,696,61,11,19.7,61%,1:41,,,12:44,12.73,22,6,6.9%,0,0,0.0%,59%,4:01,2:18,14,,21:17,21.28
2021,Mar-21,11,11-2021,11,13,2021-03-17,Wed,55%,58%,0%,760,-6%,407,1%,353,-13%,718,410,392,308,297,,757,72,14,19.1,60%,1:28,,,11:59,11.98,13,5,4.4%,0,0,0.0%,55%,4:01,2:37,11,,22:03,22.05
2021,Mar-21,11,11-2021,11,14,2021-03-18,Thu,54%,57%,0%,696,0%,373,7%,323,-9%,693,398,380,295,285,,669,54,9,18.0,52%,1:46,,,13:53,13.88,18,0,4.5%,0,0,0.0%,64%,2:46,1:48,10,,20:35,20.58
2021,Mar-21,11,11-2021,11,15,2021-03-19,Fri,46%,48%,0%,562,7%,310,12%,252,0%,601,349,314,252,240,,556,52,10,17.2,48%,2:40,,,12:43,12.72,33,2,10.0%,0,0,0.0%,49%,4:38,2:27,12,,21:49,21.82
2021,Mar-21,11,11-2021,11,,2021-03-20,Sat,,,,,,,,,,,,,,,,212,21,8,,,,,,,,,,,,,,,,,,,,
2021,Mar-21,11,12-2021,12,,2021-03-21,Sun,,,,,,,,,,,,,,,,165,28,6,,,,,,,,,,,,,,,,,,,,
2021,Mar-21,12,12-2021,12,16,2021-03-22,Mon,64%,69%,,731,-10%,420,-7%,311,-14%,656,389,367,267,259,,591,65,25,18.0,67%,1:52,,,12:48,12.80,19,3,5.7%,0,0,0.0%,71%,2:40,1:54,8,,20:59,20.98
2021,Mar-21,12,12-2021,12,17,2021-03-23,Tue,64%,67%,,755,-14%,410,-12%,345,-15%,651,359,343,292,284,,758,51,12,17.5,63%,1:27,,,11:57,11.95,9,7,4.5%,0,0,0.0%,71%,2:16,1:37,8,,21:07,21.12
2021,Mar-21,12,12-2021,12,18,2021-03-24,Wed,66%,70%,,771,-14%,412,-14%,359,-13%,666,355,343,311,302,,706,62,6,16.7,67%,1:17,,,13:05,13.08,9,3,3.4%,0,0,0.0%,74%,2:09,1:30,9,,20:13,20.22
2021,Mar-21,12,12-2021,12,19,2021-03-25,Thu,75%,80%,,681,-15%,360,-11%,321,-19%,580,321,318,259,254,,674,44,10,14.7,83%,0:55,,,12:48,12.80,2,1,0.9%,0,0,0.0%,76%,2:05,1:40,5,,19:19,19.32
2021,Mar-21,12,12-2021,12,20,2021-03-26,Fri,69%,74%,,569,-16%,315,-15%,254,-17%,479,269,263,210,205,,581,54,13,13.4,72%,1:07,,,11:49,11.82,3,3,2.2%,0,20,6.9%,76%,2:22,1:56,5,,20:59,20.98
2021,Mar-21,12,12-2021,12,,2021-03-27,Sat,,,,,,,,,,,,,,,,177,19,4,,,,,,,,,,,,,,,,,,,,
2021,Mar-21,12,13-2021,13,,2021-03-28,Sun,,,,,,,,,,,,,,,,247,27,10,,,,,,,,,,,,,,,,,,,,
2021,Mar-21,13,13-2021,13,21,2021-03-29,Mon,73%,77%,,797,-15%,453,-9%,344,-23%,680,414,383,266,263,,660,59,21,20.3,73%,1:33,,,12:39,12.65,31,0,7.5%,0,0,0.0%,82%,2:01,1:36,3,,19:29,19.48
2021,Mar-21,13,13-2021,13,22,2021-03-30,Tue,60%,62%,,762,-13%,420,-11%,343,-15%,666,375,360,291,278,,794,48,19,18.2,64%,1:28,,,12:25,12.42,14,1,4.0%,0,0,0.0%,60%,3:10,1:52,13,,23:19,23.32
2021,Mar-21,13,13-2021,13,23,2021-03-31,Wed,58%,62%,,713,-19%,397,-20%,316,-18%,576,317,304,259,254,,698,65,11,13.9,58%,1:01,,,13:26,13.43,10,3,4.1%,0,0,0.0%,66%,2:53,1:50,5,,22:52,22.87
2021,Apr-21,13,13-2021,13,1,2021-04-01,Thu,68%,71%,,921,-19%,498,-18%,423,-20%,745,406,390,339,327,,790,55,7,19.4,73%,1:24,,,12:09,12.15,16,0,3.9%,0,0,0.0%,68%,2:29,1:37,12,,19:42,19.70
2021,Apr-21,13,13-2021,13,2,2021-04-02,Fri,85%,88%,,718,-36%,395,-30%,323,-43%,462,278,276,184,181,,506,34,9,14.3,87%,0:48,,,13:00,13.00,1,1,0.7%,0,0,0.0%,90%,1:00,1:17,3,,17:48,17.80
2021,Apr-21,13,13-2021,13,,2021-04-03,Sat,,,,,,,,,,,,,,,,105,27,6,,,,,,,,,,,,,,,,,,,,
2021,Apr-21,13,14-2021,14,,2021-04-04,Sun,,,,,,,,,,,,,,,,129,21,2,,,,,,,,,,,,,,,,,,,,
2021,Apr-21,14,14-2021,14,3,2021-04-05,Mon,72%,75%,,882,-27%,499,-18%,383,-39%,644,409,392,235,231,,589,53,22,18.4,71%,1:25,,,11:07,11.12,15,2,4.2%,0,0,0.0%,81%,2:11,1:41,4,,17:57,17.95
2021,Apr-21,14,14-2021,14,4,2021-04-06,Tue,58%,61%,,811,-15%,444,-11%,367,-20%,689,396,374,293,282,,700,71,15,17.2,56%,1:38,,,12:24,12.40,18,4,5.6%,0,0,0.0%,67%,2:27,1:33,11,,19:56,19.93
2021,Apr-21,14,14-2021,14,5,2021-04-07,Wed,64%,66%,,760,-12%,408,-5%,351,-19%,670,387,372,283,279,,696,53,13,18.6,62%,1:27,,,12:19,12.32,11,4,3.9%,0,0,0.0%,71%,2:29,1:41,4,,18:37,18.62
2021,Apr-21,14,14-2021,14,6,2021-04-08,Thu,66%,69%,,786,-17%,421,-7%,365,-28%,653,390,366,263,261,,657,47,8,15.0,69%,1:22,,,12:56,12.93,19,5,6.2%,0,0,0.0%,68%,2:41,1:45,2,,20:34,20.57
2021,Apr-21,14,14-2021,14,7,2021-04-09,Fri,71%,77%,,639,-29%,348,-28%,290,-30%,453,251,242,202,199,,589,70,11,10.4,76%,1:06,,,10:55,10.92,6,3,3.6%,0,18,6.7%,79%,2:08,1:52,3,,17:47,17.78
2021,Apr-21,14,14-2021,14,,2021-04-10,Sat,,,,,,,,,,,,,,,,173,32,4,,,,,,,,,,,,,,,,,,,,
2021,Apr-21,14,15-2021,15,,2021-04-11,Sun,,,,,,,,,,,,,,,,158,15,6,,,,,,,,,,,,,,,,,,,,
2021,Apr-21,15,15-2021,15,8,2021-04-12,Mon,70%,74%,,801,-16%,449,-10%,352,-23%,672,402,383,270,265,,614,51,28,16.4,73%,1:30,,,12:22,12.37,13,6,4.7%,0,0,0.0%,75%,2:44,1:42,5,,19:42,19.70
2021,Apr-21,15,15-2021,15,9,2021-04-13,Tue,66%,70%,,772,-12%,414,-7%,358,-18%,679,386,366,293,287,,739,59,24,17.0,71%,1:07,,,12:36,12.60,13,7,5.2%,0,0,0.0%,68%,2:34,1:47,6,,22:45,22.75
2021,Apr-21,15,15-2021,15,10,2021-04-14,Wed,59%,62%,,769,-11%,410,-8%,359,-14%,685,378,367,307,298,,691,46,19,16.9,60%,1:49,,,13:00,13.00,11,0,2.9%,0,0,0.0%,64%,3:11,2:03,9,,19:06,19.10
2021,Apr-21,15,15-2021,15,11,2021-04-15,Thu,50%,53%,,738,3%,392,4%,346,2%,761,407,373,354,349,,702,63,25,19.3,48%,2:00,,,12:17,12.28,29,5,8.4%,0,0,0.0%,59%,3:28,2:22,5,,20:33,20.55
2021,Apr-21,15,15-2021,15,12,2021-04-16,Fri,57%,61%,,610,-3%,332,1%,278,-8%,591,335,303,256,248,,524,49,6,17.6,58%,1:44,,,12:17,12.28,29,3,9.6%,0,0,0.0%,66%,2:35,1:40,8,,21:03,21.05
2021,Apr-21,15,15-2021,15,,2021-04-17,Sat,,,,,,,,,,,,,,,,229,22,6,,,,,,,,,,,,,,,,,,,,
2021,Apr-21,15,15-2021,16,,2021-04-18,Sun,,,,,,,,,,,,,,,,157,29,9,,,,,,,,,,,,,,,,,,,,
2021,Apr-21,16,16-2021,16,13,2021-04-19,Mon,72%,76%,,766,-13%,430,-13%,336,-14%,665,376,366,289,282,,695,46,32,15.8,78%,1:11,,,10:58,10.97,8,2,2.7%,0,0,0.0%,73%,2:02,1:35,7,,20:04,20.07
2021,Apr-21,16,16-2021,16,14,2021-04-20,Tue,79%,84%,,754,-18%,411,-12%,344,-25%,620,361,350,259,254,,585,51,13,14.7,82%,0:55,,,12:21,12.35,7,4,3.0%,0,0,0.0%,87%,1:15,1:16,5,,20:49,20.82
2021,Apr-21,16,16-2021,16,15,2021-04-21,Wed,61%,64%,,725,-6%,391,0%,334,-14%,679,391,373,288,280,,644,60,13,17.2,63%,1:51,,,11:57,11.95,17,1,4.6%,0,0,0.0%,65%,2:47,1:49,8,,22:31,22.52
2021,Apr-21,16,16-2021,16,16,2021-04-22,Thu,82%,87%,,704,-18%,384,-11%,320,-26%,577,340,332,237,235,,605,52,12,13.7,85%,0:55,,,12:51,12.85,3,5,2.4%,0,0,0.0%,91%,1:02,1:11,2,,17:08,17.13
2021,Apr-21,16,16-2021,16,17,2021-04-23,Fri,77%,81%,,588,-15%,326,-8%,262,-23%,502,300,293,202,200,,430,37,10,13.2,79%,1:00,,,11:22,11.37,5,2,2.3%,0,0,0.0%,83%,1:31,1:33,2,,22:43,22.72
2021,Apr-21,16,16-2021,16,,2021-04-24,Sat,,,,,,,,,,,,,,,,127,18,3,,,,,,,,,,,,,,,,,,,,
2021,Apr-21,16,16-2021,17,,2021-04-25,Sun,,,,,,,,,,,,,,,,155,13,6,,,,,,,,,,,,,,,,,,,,
2021,Apr-21,17,17-2021,17,18,2021-04-26,Mon,69%,71%,,777,-16%,436,-10%,341,-24%,649,391,374,258,252,,644,39,25,17.5,64%,1:24,,,10:31,10.52,14,3,4.3%,0,0,0.0%,81%,1:42,1:34,6,,23:20,23.33
2021,Apr-21,17,17-2021,17,19,2021-04-27,Tue,66%,68%,,738,-13%,396,-9%,341,-19%,638,361,349,277,270,,650,68,8,16.8,67%,1:18,,,11:15,11.25,9,3,3.3%,0,0,0.0%,69%,2:15,1:37,7,,19:44,19.73
2021,Apr-21,17,17-2021,17,20,2021-04-28,Wed,84%,86%,,733,-17%,397,-9%,336,-26%,610,360,356,250,247,,647,50,13,17.1,87%,0:48,,,10:02,10.03,1,3,1.1%,0,0,0.0%,85%,1:30,1:16,3,,18:57,18.95
2021,Apr-21,17,17-2021,17,21,2021-04-29,Thu,67%,68%,,768,-18%,414,-12%,354,-25%,630,365,349,265,262,,565,63,10,17.5,62%,1:42,,,11:34,11.57,14,2,4.4%,0,0,0.0%,76%,1:46,1:33,3,,21:00,21.00
2021,Apr-21,17,17-2021,17,22,2021-04-30,Fri,62%,64%,,594,-7%,334,-6%,260,-8%,553,313,287,240,232,,498,84,10,14.6,57%,1:39,,,10:10,10.17,18,8,8.3%,0,21,6.3%,72%,2:33,1:41,8,,17:51,17.85
2021,May-21,17,17-2021,17,,2021-05-01,Sat,,,,,,,,,,,,,,,,143,31,7,,,,,,,,,,,,,,,,,,,,
2021,May-21,17,17-2021,18,,2021-05-02,Sun,,,,,,,,,,,,,,,,206,19,8,,,,,,,,,,,,,,,,,,,,
2021,May-21,18,18-2021,18,1,2021-05-03,Mon,49%,50%,,851,-4%,499,1%,352,-11%,816,504,454,312,302,,796,48,22,23.7,44%,2:15,,,10:27,10.45,45,5,9.9%,0,0,0.0%,59%,3:40,2:21,10,,24:01,24.02
2021,May-21,18,18-2021,18,2,2021-05-04,Tue,68%,69%,,819,-8%,454,-5%,364,-12%,751,430,414,321,312,,806,57,15,19.5,62%,1:23,,,12:42,12.70,13,3,3.7%,0,0,0.0%,79%,1:52,1:33,9,,18:20,18.33
2021,May-21,18,18-2021,18,3,2021-05-05,Wed,70%,71%,,777,-5%,433,-1%,344,-10%,736,427,402,309,304,,726,62,14,18.4,63%,1:38,,,13:03,13.05,21,4,5.9%,0,0,0.0%,83%,1:44,1:33,5,,19:08,19.13
2021,May-21,18,18-2021,18,4,2021-05-06,Thu,77%,80%,,665,5%,370,4%,295,5%,695,385,363,310,309,,720,56,13,17.0,78%,1:09,,,11:34,11.57,18,4,5.7%,0,0,0.0%,83%,1:34,1:18,1,,17:00,17.00
2021,May-21,18,18-2021,18,5,2021-05-07,Fri,59%,63%,,524,-9%,297,2%,227,-22%,479,303,290,176,175,,636,76,8,12.9,58%,1:38,,,14:12,14.20,11,2,4.3%,0,24,7.3%,71%,2:22,1:32,1,,19:18,19.30
2021,May-21,18,18-2021,18,,2021-05-08,Sat,,,,,,,,,,,,,,,,116,35,3,,,,,,,,,,,,,,,,,,,,
2021,May-21,18,18-2021,19,,2021-05-09,Sun,,,,,,,,,,,,,,,,92,15,1,,,,,,,,,,,,,,,,,,,,
2021,May-21,19,19-2021,19,6,2021-05-10,Mon,52%,54%,,726,-14%,422,-11%,303,-19%,623,378,355,245,237,,656,44,27,17.3,57%,1:35,,,13:24,13.40,23,0,6.1%,0,0,0.0%,49%,3:58,2:07,8,,20:43,20.72
2021,May-21,19,19-2021,19,7,2021-05-11,Tue,73%,77%,,728,-17%,401,-9%,327,-27%,604,366,349,238,233,,575,51,18,16.3,73%,1:15,,,11:29,11.48,14,3,4.6%,0,0,0.0%,82%,1:28,1:18,5,,18:49,18.82
2021,May-21,19,19-2021,19,8,2021-05-12,Wed,72%,76%,,705,-7%,389,-3%,316,-12%,656,376,364,280,271,,619,55,10,16.2,77%,1:04,,,11:42,11.70,9,3,3.2%,0,0,0.0%,75%,1:51,1:29,9,,19:47,19.78
2021,May-21,19,19-2021,19,9,2021-05-13,Thu,60%,63%,,632,-1%,344,3%,288,-7%,624,356,331,268,261,,565,54,8,15.0,63%,1:51,,,12:40,12.67,19,6,7.0%,0,0,0.0%,63%,2:41,1:44,7,,20:14,20.23
2021,May-21,19,19-2021,19,10,2021-05-14,Fri,55%,58%,,530,-2%,299,5%,231,-11%,520,315,299,205,200,,499,39,16,16.8,57%,1:46,,,12:43,12.72,15,1,5.1%,0,0,0.0%,60%,3:01,1:32,5,,24:34,24.57
2021,May-21,19,19-2021,19,,2021-05-15,Sat,,,,,,,,,,,,,,,,97,13,6,,,,,,,,,,,,,,,,,,,,
2021,May-21,19,19-2021,20,,2021-05-16,Sun,,,,,,,,,,,,,,,,137,13,2,,,,,,,,,,,,,,,,,,,,
2021,May-21,20,20-2021,20,11,2021-05-17,Mon,56%,61%,,681,-3%,393,-3%,287,-4%,658,381,348,277,274,,630,75,20,18.8,52%,2:20,,,11:34,11.57,30,3,8.7%,0,0,0.0%,74%,2:22,1:35,3,,18:47,18.78
2021,May-21,20,20-2021,20,12,2021-05-18,Tue,66%,71%,,695,-12%,382,-10%,313,-15%,609,342,326,267,262,,694,51,20,14.3,69%,1:29,,,12:36,12.60,10,6,4.7%,0,0,0.0%,73%,2:07,1:30,5,,20:48,20.80
2021,May-21,20,20-2021,20,13,2021-05-19,Wed,68%,73%,,674,-14%,372,-15%,302,-14%,577,317,304,260,255,,624,51,11,13.6,78%,1:01,,,13:26,13.43,10,3,4.1%,0,0,0.0%,67%,2:53,1:50,5,,22:50,22.83
2021,May-21,20,20-2021,20,14,2021-05-20,Thu,67%,72%,,616,-2%,344,-1%,272,-3%,606,341,322,265,261,,684,56,5,14.3,60%,1:44,,,14:37,14.62,15,4,5.6%,0,0,0.0%,87%,1:08,1:12,4,,15:13,15.22
2021,May-21,20,20-2021,20,15,2021-05-21,Fri,56%,58%,,500,-1%,285,-1%,215,-1%,495,282,260,213,207,,466,42,9,14.7,49%,2:02,,,13:16,13.27,21,1,7.8%,0,0,0.0%,70%,2:16,1:31,6,,19:06,19.10
2021,May-21,20,20-2021,20,,2021-05-22,Sat,,,,,,,,,,,,,,,,148,23,4,,,,,,,,,,,,,,,,,,,,
2021,May-21,20,20-2021,21,,2021-05-23,Sun,,,,,,,,,,,,,,,,75,21,7,,,,,,,,,,,,,,,,,,,,
2021,May-21,21,21-2021,21,16,2021-05-24,Mon,67%,71%,,653,-7%,388,-7%,265,-8%,605,361,315,244,242,,498,57,27,20.2,56%,2:57,,,11:19,11.32,45,1,12.7%,0,0,0.0%,92%,1:06,1:02,2,,17:54,17.90
2021,May-21,21,21-2021,21,17,2021-05-25,Tue,61%,63%,,675,2%,380,8%,295,-6%,689,412,379,277,272,,639,64,20,17.4,58%,1:44,,,10:33,10.55,32,1,8.0%,0,0,0.0%,71%,2:27,1:37,5,,23:37,23.62
2021,May-21,21,21-2021,21,18,2021-05-26,Wed,72%,75%,,687,-5%,380,-2%,307,-8%,656,374,355,282,276,,619,65,10,18.1,69%,1:10,,,10:18,10.30,14,5,5.1%,0,0,0.0%,84%,1:26,1:16,6,,19:49,19.82
2021,May-21,21,21-2021,21,19,2021-05-27,Thu,58%,59%,,609,5%,334,13%,275,-5%,639,379,355,260,255,,555,36,15,16.6,53%,1:49,,,11:08,11.13,18,6,6.3%,0,0,0.0%,67%,2:40,1:42,5,,25:17,25.28
2021,May-21,21,21-2021,21,20,2021-05-28,Fri,65%,67%,,505,2%,288,7%,217,-6%,514,309,290,205,202,,474,28,16,15.8,57%,1:37,,,11:01,11.02,18,1,6.1%,0,0,0.0%,81%,1:46,1:27,3,,19:29,19.48
2021,May-21,21,21-2021,21,,2021-05-29,Sat,,,,,,,,,,,,,,,,84,15,3,,,,,,,,,,,,,,,,,,,,
2021,May-21,21,21-2021,22,,2021-05-30,Sun,,,,,,,,,,,,,,,,105,23,4,,,,,,,,,,,,,,,,,,,,
2021,May-21,22,22-2021,22,,2021-05-31,Mon,,,,,,,,,,,,,,,,244,61,7,,,,,,,,,,,,,,,,,,,,
2021,Jun-21,22,22-2021,22,1,2021-06-01,Tue,55%,58%,,881,-5%,497,-4%,384,-7%,836,479,450,357,345,,778,80,23,22.4,55%,1:57,,,12:45,12.75,25,4,6.1%,0,0,0.0%,62%,2:59,2:03,12,,21:44,21.73
2021,Jun-21,22,22-2021,22,2,2021-06-02,Wed,67%,71%,,817,-6%,452,0%,365,-13%,769,450,426,319,316,,811,75,16,18.8,69%,1:32,,,12:35,12.58,17,7,5.3%,0,0,0.0%,75%,2:23,1:48,3,,23:52,23.87
2021,Jun-21,22,22-2021,22,3,2021-06-03,Thu,57%,59%,,748,3%,413,11%,335,-7%,770,460,429,310,304,,710,50,9,20.5,55%,1:37,,,12:56,12.93,26,5,6.7%,0,0,0.0%,65%,2:59,1:49,6,,20:48,20.80
2021,Jun-21,22,22-2021,22,4,2021-06-04,Fri,49%,55%,,558,22%,320,11%,238,37%,683,356,309,327,321,,618,119,11,19.4,46%,2:26,,,11:49,11.82,44,3,13.2%,0,26,6.8%,64%,3:06,2:11,6,,20:04,20.07
2021,Jun-21,22,22-2021,22,,2021-06-05,Sat,,,,,,,,,,,,,,,,117,22,6,,,,,,,,,,,,,,,,,,,,
2021,Jun-21,22,22-2021,23,,2021-06-06,Sun,,,,,,,,,,,,,,,,138,21,4,,,,,,,,,,,,,,,,,,,,
2021,Jun-21,23,23-2021,23,5,2021-06-07,Mon,40%,43%,,633,17%,395,14%,238,21%,739,451,411,288,278,,712,71,17,20.0,43%,2:03,,,12:17,12.28,39,1,8.9%,0,0,0.0%,43%,6:05,2:58,10,,25:55,25.92
2021,Jun-21,23,23-2021,23,6,2021-06-08,Tue,60%,65%,,752,-11%,422,-6%,330,-16%,672,396,377,276,267,,613,64,10,17.5,63%,1:26,,,12:36,12.60,15,4,4.8%,0,0,0.0%,67%,2:22,1:41,9,,20:34,20.57
2021,Jun-21,23,23-2021,23,7,2021-06-09,Wed,79%,86%,,723,-13%,397,-3%,326,-25%,631,385,375,246,243,,615,68,7,14.7,83%,0:59,,,12:47,12.78,9,1,2.6%,0,0,0.0%,91%,1:03,1:10,3,,18:23,18.38
2021,Jun-21,23,23-2021,23,8,2021-06-10,Thu,71%,78%,,678,-15%,372,-4%,306,-27%,578,356,348,222,215,,567,60,7,13.8,76%,1:03,,,13:45,13.75,7,1,2.2%,0,0,0.0%,80%,1:37,1:27,7,,21:04,21.07
2021,Jun-21,23,23-2021,23,9,2021-06-11,Fri,68%,78%,,528,-24%,297,-11%,231,-41%,400,263,254,137,134,,466,69,13,11.1,70%,1:07,,,12:24,12.40,6,3,3.4%,0,19,6.7%,93%,0:50,1:05,3,,18:09,18.15
2021,Jun-21,23,23-2021,23,,2021-06-12,Sat,,,,,,,,,,,,,,,,124,25,1,,,,,,,,,,,,,,,,,,,,
2021,Jun-21,23,23-2021,24,,2021-06-13,Sun,,,,,,,,,,,,,,,,95,17,7,,,,,,,,,,,,,,,,,,,,
2021,Jun-21,24,24-2021,24,10,2021-06-14,Mon,63%,70%,,681,-5%,391,-4%,290,-5%,650,375,352,275,271,,517,74,26,17.4,65%,1:22,,,11:56,11.93,22,1,6.1%,0,0,0.0%,76%,2:08,1:35,4,,20:57,20.95
2021,Jun-21,24,24-2021,24,11,2021-06-15,Tue,58%,62%,,684,-4%,394,-5%,290,-4%,654,375,357,279,272,,606,56,10,15.2,61%,1:39,,,13:28,13.47,15,3,4.8%,0,0,0.0%,63%,2:33,1:37,7,,22:15,22.25
2021,Jun-21,24,24-2021,24,12,2021-06-16,Wed,69%,73%,,692,-9%,379,1%,313,-19%,633,381,372,252,248,,540,44,14,13.8,73%,1:05,,,14:13,14.22,8,1,2.4%,0,0,0.0%,74%,2:04,1:42,4,,24:15,24.25
2021,Jun-21,24,24-2021,24,13,2021-06-17,Thu,70%,76%,,649,-10%,356,-3%,293,-18%,585,346,329,239,235,,511,54,13,14.8,72%,1:18,,,13:44,13.73,12,5,4.9%,0,0,0.0%,81%,1:53,1:26,4,,19:44,19.73
2021,Jun-21,24,24-2021,24,14,2021-06-18,Fri,70%,76%,,519,3%,298,13%,221,-12%,533,338,331,195,192,,417,56,9,13.7,72%,1:12,,,13:44,13.73,7,0,2.1%,0,0,0.0%,84%,1:30,1:27,3,,21:28,21.47
2021,Jun-21,24,24-2021,24,,2021-06-19,Sat,,,,,,,,,,,,,,,,105,18,4,,,,,,,,,,,,,,,,,,,,
2021,Jun-21,24,24-2021,25,,2021-06-20,Sun,,,,,,,,,,,,,,,,75,13,7,,,,,,,,,,,,,,,,,,,,
2021,Jun-21,25,25-2021,25,15,2021-06-21,Mon,61%,65%,,644,-4%,375,0%,269,-8%,621,374,356,247,242,,542,51,23,17.4,58%,1:39,,,12:32,12.53,16,2,4.8%,0,0,0.0%,75%,2:04,1:33,5,,20:21,20.35
2021,Jun-21,25,25-2021,25,16,2021-06-22,Tue,82%,89%,,674,-14%,385,-10%,289,-19%,581,346,341,235,234,,537,56,18,14.5,87%,0:50,,,12:17,12.28,1,4,1.4%,0,0,0.0%,91%,1:08,1:10,1,,20:26,20.43
2021,Jun-21,25,25-2021,25,17,2021-06-23,Wed,79%,83%,,669,-18%,374,-13%,295,-23%,551,325,314,226,223,,596,49,11,13.1,78%,1:05,,,12:51,12.85,4,7,3.4%,0,0,0.0%,89%,1:19,1:17,3,,22:15,22.25
2021,Jun-21,25,25-2021,25,18,2021-06-24,Thu,79%,82%,,661,-17%,363,-14%,298,-21%,549,313,306,236,231,,499,44,13,13.1,81%,1:00,,,13:31,13.52,4,3,2.2%,0,0,0.0%,84%,1:31,1:20,5,,18:44,18.73
2021,Jun-21,25,25-2021,25,19,2021-06-25,Fri,70%,76%,,505,-18%,286,-15%,219,-21%,414,242,238,172,171,,455,66,14,10.5,75%,1:07,,,11:52,11.87,2,2,1.7%,0,22,8.3%,77%,1:57,1:23,1,,19:50,19.83
2021,Jun-21,25,25-2021,25,,2021-06-26,Sat,,,,,,,,,,,,,,,,80,19,2,,,,,,,,,,,,,,,,,,,,
2021,Jun-21,25,25-2021,26,,2021-06-27,Sun,,,,,,,,,,,,,,,,92,18,4,,,,,,,,,,,,,,,,,,,,
2021,Jun-21,26,26-2021,26,20,2021-06-28,Mon,46%,46%,,651,6%,379,11%,272,-1%,689,421,374,268,261,,517,67,27,18.8,44%,2:25,,,12:25,12.42,43,4,11.2%,0,0,0.0%,50%,4:08,2:06,7,,23:12,23.20
2021,Jun-21,26,26-2021,26,21,2021-06-29,Tue,70%,72%,,732,-20%,412,-17%,320,-24%,585,343,329,242,236,,603,49,11,14.8,70%,1:16,,,13:12,13.20,10,4,4.1%,0,0,0.0%,74%,2:09,1:41,6,,22:24,22.40
2021,Jun-21,26,26-2021,26,22,2021-06-30,Wed,62%,63%,,671,0%,377,4%,294,-4%,674,391,373,283,276,,567,51,13,16.4,67%,1:17,,,12:34,12.57,13,5,4.6%,0,0,0.0%,58%,3:21,2:02,7,,21:37,21.62
2021,Jul-21,26,26-2021,26,1,2021-07-01,Thu,75%,76%,,834,-19%,464,-13%,370,-25%,679,402,387,277,275,,690,43,11,16.6,76%,1:20,,,11:08,11.13,10,5,3.7%,0,0,0.0%,77%,2:05,1:32,2,,19:20,19.33
2021,Jul-21,26,26-2021,26,2,2021-07-02,Fri,66%,67%,,649,-19%,367,-7%,282,-35%,525,343,332,182,174,,420,48,7,15.7,65%,1:33,,,13:21,13.35,10,1,3.2%,0,0,0.0%,71%,2:07,1:29,8,,19:32,19.53
2021,Jul-21,26,,26,,2021-07-03,Sat,,,,,,,,,,,,,,,,136,18,3,,,,,,,,,,,,,,,,,,,,
2021,Jul-21,26,,27,,2021-07-04,Sun,,,,,,,,,,,,,,,,77,11,15,,,,,,,,,,,,,,,,,,,,
2021,Jul-21,27,27-2021,27,3,2021-07-05,Mon,42%,100%,,,,,,,,12,1,1,11,11,,256,101,3,,100%,0:41,,,3:54,3.90,0,0,0.0%,0,0,0.0%,100%,0:00,0:00,0,,12:59,12.98
2021,Jul-21,27,27-2021,27,4,2021-07-06,Tue,45%,46%,,815,-12%,456,1%,359,-28%,719,459,423,260,248,,637,77,32,19.4,47%,1:54,,,12:44,12.73,31,5,7.8%,0,0,0.0%,45%,4:52,2:15,12,,24:49,24.82
2021,Jul-21,27,27-2021,27,5,2021-07-07,Wed,55%,58%,,724,-6%,406,1%,318,-15%,683,412,396,271,266,,593,60,12,17.7,60%,1:28,,,12:28,12.47,12,4,3.9%,0,0,0.0%,56%,3:25,2:01,5,,24:53,24.88
2021,Jul-21,27,27-2021,27,6,2021-07-08,Thu,60%,67%,,661,-13%,365,-7%,296,-20%,578,340,333,238,234,,587,76,11,15.4,67%,1:23,,,12:46,12.77,4,3,2.1%,0,0,0.0%,66%,3:16,2:06,4,,21:58,21.97
2021,Jul-21,27,27-2021,27,7,2021-07-09,Fri,67%,71%,,587,-14%,335,-13%,252,-15%,506,292,278,214,206,,537,41,12,14.8,67%,1:26,,,12:44,12.73,9,5,4.8%,0,0,0.0%,76%,2:10,1:46,8,,22:47,22.78
2021,Jul-21,27,,27,,2021-07-10,Sat,,,,,,,,,,,,,,,,103,15,3,,,,,,,,,,,,,,,,,,,,
2021,Jul-21,27,,28,,2021-07-11,Sun,,,,,,,,,,,,,,,,92,15,4,,,,,,,,,,,,,,,,,,,,
2021,Jul-21,28,28-2021,28,8,2021-07-12,Mon,71%,77%,,726,-16%,416,-13%,310,-20%,607,360,344,247,241,,558,65,30,17.5,77%,1:32,,,11:45,11.75,13,3,4.4%,0,0,0.0%,76%,2:12,1:40,6,,21:57,21.95
2021,Jul-21,28,28-2021,28,9,2021-07-13,Tue,73%,79%,,739,-14%,411,-5%,328,-25%,636,389,372,247,243,,573,66,5,16.0,79%,1:01,,,11:54,11.90,11,6,4.4%,0,0,0.0%,80%,1:37,1:21,4,,20:14,20.23
2021,Jul-21,28,28-2021,28,10,2021-07-14,Wed,68%,75%,,680,-16%,375,-9%,305,-24%,573,340,324,233,231,,687,73,12,14.6,73%,1:18,,,13:17,13.28,13,3,4.7%,0,0,0.0%,77%,1:54,1:23,2,,20:20,20.33
2021,Jul-21,28,28-2021,28,11,2021-07-15,Thu,60%,66%,,662,-15%,362,-4%,300,-28%,563,348,325,215,212,,577,80,7,15.7,65%,1:32,,,13:33,13.55,22,1,6.6%,0,0,0.0%,67%,2:33,1:41,3,,21:12,21.20
2021,Jul-21,28,28-2021,28,12,2021-07-16,Fri,66%,73%,,552,-16%,313,-12%,239,-21%,466,276,263,190,186,,401,58,16,13.7,71%,1:22,,,14:28,14.47,12,1,4.7%,0,0,0.0%,75%,2:38,1:42,4,,19:56,19.93
2021,Jul-21,28,,28,,2021-07-17,Sat,,,,,,,,,,,,,,,,67,19,3,,,,,,,,,,,,,,,,,,,,
2021,Jul-21,28,,29,,2021-07-18,Sun,,,,,,,,,,,,,,,,129,28,3,,,,,,,,,,,,,,,,,,,,
2021,Jul-21,29,29-2021,29,13,2021-07-19,Mon,76%,81%,,694,-16%,396,-12%,298,-20%,586,348,342,238,233,,469,46,17,13.6,84%,1:09,,,13:31,13.52,5,1,1.7%,0,0,0.0%,77%,1:45,1:28,5,,21:22,21.37
2021,Jul-21,29,29-2021,29,14,2021-07-20,Tue,73%,79%,,707,-24%,393,-20%,314,-30%,534,313,309,221,218,,613,49,16,13.2,75%,1:05,,,12:40,12.67,4,0,1.3%,0,0,0.0%,84%,1:36,1:25,3,,20:37,20.62
2021,Jul-21,29,29-2021,29,15,2021-07-21,Wed,63%,67%,,669,-6%,374,-9%,295,-3%,626,341,329,285,280,,555,51,7,14.5,73%,1:23,,,14:08,14.13,10,2,3.5%,0,0,0.0%,60%,3:56,2:16,5,,22:37,22.62
2021,Jul-21,29,29-2021,29,16,2021-07-22,Thu,70%,75%,,626,-13%,346,-11%,280,-16%,543,309,295,234,227,,567,45,9,12.9,78%,1:00,,,14:05,14.08,10,4,4.5%,0,0,0.0%,70%,2:33,1:51,7,,21:08,21.13
2021,Jul-21,29,29-2021,29,17,2021-07-23,Fri,64%,66%,,528,-15%,307,-12%,221,-20%,447,270,256,177,170,,465,28,11,12.2,69%,1:36,,,14:16,14.27,12,2,5.2%,0,0,0.0%,62%,2:49,1:52,7,,21:20,21.33
2021,Jul-21,29,,29,,2021-07-24,Sat,,,,,,,,,,,,,,,,87,21,4,,,,,,,,,,,,,,,,,,,,
2021,Jul-21,29,,30,,2021-07-25,Sun,,,,,,,,,,,,,,,,85,14,6,,,,,,,,,,,,,,,,,,,,
2021,Jul-21,30,30-2021,30,18,2021-07-26,Mon,56%,61%,,672,-6%,392,-8%,280,-2%,633,359,340,274,267,,566,81,25,15.8,64%,1:30,,,12:41,12.68,18,1,5.3%,0,0,0.0%,57%,3:17,1:50,7,,21:18,21.30
2021,Jul-21,30,30-2021,30,19,2021-07-27,Tue,77%,81%,,721,-27%,401,-22%,320,-34%,526,314,305,212,209,,531,72,15,12.1,81%,1:02,,,12:49,12.82,7,2,2.9%,0,0,0.0%,81%,1:38,1:31,3,,20:55,20.92
2021,Jul-21,30,30-2021,30,20,2021-07-28,Wed,64%,67%,,652,-9%,360,-5%,292,-15%,591,343,321,248,243,,552,96,18,15.2,66%,1:34,,,13:43,13.72,16,6,6.4%,0,0,0.0%,68%,2:39,1:51,5,,21:41,21.68
2021,Jul-21,30,30-2021,30,21,2021-07-29,Thu,69%,75%,,636,-15%,354,-17%,282,-13%,539,294,275,245,239,,604,87,8,12.7,68%,1:28,,,13:06,13.10,17,2,6.5%,0,18,5.8%,83%,1:26,1:16,6,,19:52,19.87
2021,Jul-21,30,30-2021,30,22,2021-07-30,Fri,79%,81%,,571,-20%,327,-15%,244,-28%,454,279,274,175,171,,478,37,10,14.0,77%,0:59,,,13:10,13.17,4,1,1.8%,0,0,0.0%,88%,1:29,1:20,4,,21:21,21.35
2021,Jul-21,30,,30,,2021-07-31,Sat,,,,,,,,,,,,,,,,172,35,4,,,,,,,,,,,,,,,,,,,,
2021,Aug-21,30,,31,,2021-08-01,Sun,,,,,,,,,,,,,,,,152,17,8,,,,,,,,,,,,,,,,,,,,
2021,Aug-21,31,31-2021,31,1,2021-08-02,Mon,76%,78%,,886,-24%,520,-18%,366,-33%,672,426,414,246,242,,540,46,21,17.5,76%,1:00,,,10:38,10.63,7,5,2.8%,0,0,0.0%,81%,1:26,1:20,4,,21:45,21.75
2021,Aug-21,31,31-2021,31,2,2021-08-03,Tue,77%,79%,,854,-21%,476,-19%,378,-24%,675,387,372,288,283,,696,55,5,16.2,77%,1:08,,,12:38,12.63,9,6,3.9%,0,0,0.0%,82%,1:31,1:18,5,,20:36,20.60
2021,Aug-21,31,31-2021,31,3,2021-08-04,Wed,72%,73%,,794,-18%,439,-16%,355,-21%,648,368,353,280,272,,637,69,16,14.1,73%,1:17,,,12:31,12.52,13,2,4.1%,0,0,0.0%,74%,2:10,1:31,8,,22:12,22.20
2021,Aug-21,31,31-2021,31,4,2021-08-05,Thu,85%,86%,,702,-12%,391,-6%,311,-19%,618,366,355,252,250,,587,53,5,13.6,85%,0:51,,,11:25,11.42,6,5,3.0%,0,0,0.0%,88%,1:16,1:12,2,,19:56,19.93
2021,Aug-21,31,31-2021,31,5,2021-08-06,Fri,75%,75%,,551,-21%,314,-14%,237,-30%,435,270,255,165,164,,486,73,14,11.4,68%,1:43,,,10:05,10.08,11,4,5.6%,0,16,5.6%,87%,1:20,1:18,1,,20:22,20.37
2021,Aug-21,31,,31,,2021-08-07,Sat,,,,,,,,,,,,,,,,127,23,8,,,,,,,,,,,,,,,,,,,,
2021,Aug-21,31,,32,,2021-08-08,Sun,,,,,,,,,,,,,,,,100,14,7,,,,,,,,,,,,,,,,,,,,
2021,Aug-21,32,32-2021,32,6,2021-08-09,Mon,68%,70%,,756,-17%,440,-12%,316,-25%,624,387,366,237,236,,565,51,22,14.9,63%,1:29,,,12:18,12.30,19,2,5.4%,0,0,0.0%,81%,1:54,1:31,1,,23:32,23.53
2021,Aug-21,32,32-2021,32,7,2021-08-10,Tue,75%,78%,,759,-20%,417,-21%,342,-20%,606,331,320,275,269,,571,73,11,13.3,82%,0:59,,,12:28,12.47,7,4,3.3%,0,0,0.0%,73%,2:05,1:35,6,,23:13,23.22
2021,Aug-21,32,32-2021,32,8,2021-08-11,Wed,67%,68%,,735,-17%,404,-16%,331,-18%,612,340,325,272,269,,626,60,12,13.9,65%,1:35,,,12:26,12.43,13,2,4.4%,0,0,0.0%,71%,2:21,1:33,3,,20:12,20.20
2021,Aug-21,32,32-2021,32,9,2021-08-12,Thu,74%,75%,,659,-14%,360,-12%,299,-15%,570,317,301,253,245,,596,42,11,13.6,75%,1:07,,,12:16,12.27,14,2,5.0%,0,0,0.0%,76%,2:00,1:24,8,,21:53,21.88
2021,Aug-21,32,32-2021,32,10,2021-08-13,Fri,69%,70%,,554,-14%,313,-7%,241,-23%,478,292,279,186,183,,412,27,11,12.3,64%,1:26,,,13:02,13.03,10,3,4.5%,0,0,0.0%,79%,1:50,1:30,3,,22:27,22.45
2021,Aug-21,32,,32,,2021-08-14,Sat,,,,,,,,,,,,,,,,158,21,4,,,,,,,,,,,,,,,,,,,,
2021,Aug-21,32,,33,,2021-08-15,Sun,,,,,,,,,,,,,,,,100,19,2,,,,,,,,,,,,,,,,,,,,
2021,Aug-21,33,33-2021,33,11,2021-08-16,Mon,84%,87%,,711,-14%,411,-9%,300,-21%,609,373,365,236,235,,503,46,23,14.6,84%,0:51,,,10:44,10.73,3,5,2.1%,0,0,0.0%,92%,1:09,1:26,1,,19:03,19.05
2021,Aug-21,33,33-2021,33,12,2021-08-17,Tue,84%,85%,,726,-18%,399,-16%,327,-19%,598,334,327,264,262,,667,37,17,14.6,83%,1:11,,,11:47,11.78,5,2,2.1%,0,0,0.0%,88%,1:23,1:19,2,,20:18,20.30
2021,Aug-21,33,33-2021,33,13,2021-08-18,Wed,73%,74%,,707,-13%,390,-9%,317,-17%,617,354,347,263,256,,581,49,10,14.9,78%,1:05,,,12:32,12.53,5,2,2.0%,0,0,0.0%,68%,2:15,1:41,7,,20:46,20.77
2021,Aug-21,33,33-2021,33,14,2021-08-19,Thu,87%,92%,,646,-18%,359,-9%,287,-29%,531,327,316,204,202,,514,62,9,13.0,92%,0:50,,,11:10,11.17,7,4,3.4%,0,0,0.0%,91%,1:06,1:13,2,,21:25,21.42
2021,Aug-21,33,33-2021,33,15,2021-08-20,Fri,82%,83%,,472,5%,276,5%,196,5%,495,289,280,206,203,,435,36,5,12.4,80%,1:11,,,13:28,13.47,7,2,3.1%,0,0,0.0%,88%,1:16,1:23,3,,22:02,22.03
2021,Aug-21,33,,33,,2021-08-21,Sat,,,,,,,,,,,,,,,,87,22,6,,,,,,,,,,,,,,,,,,,,
2021,Aug-21,33,,34,,2021-08-22,Sun,,,,,,,,,,,,,,,,107,13,9,,,,,,,,,,,,,,,,,,,,
2021,Aug-21,34,34-2021,34,16,2021-08-23,Mon,70%,73%,,612,-4%,371,-8%,241,2%,588,342,327,246,240,,496,77,24,14.9,71%,1:08,,,11:09,11.15,10,5,4.4%,0,0,0.0%,75%,2:03,1:35,6,,21:54,21.90
2021,Aug-21,34,34-2021,34,17,2021-08-24,Tue,83%,86%,,629,-13%,362,-18%,267,-7%,547,298,286,249,246,,553,65,9,12.9,84%,1:04,,,12:43,12.72,10,2,4.0%,0,0,0.0%,88%,1:16,1:29,3,,22:10,22.17
2021,Aug-21,34,34-2021,34,18,2021-08-25,Wed,77%,78%,,646,-10%,366,-11%,280,-9%,582,326,316,256,248,,632,61,17,14.2,78%,1:10,,,12:49,12.82,8,2,3.1%,0,0,0.0%,78%,1:48,1:30,8,,22:11,22.18
2021,Aug-21,34,34-2021,34,19,2021-08-26,Thu,72%,72%,,570,13%,321,10%,249,17%,644,353,242,291,290,,649,55,6,16.1,59%,0:55,,,8:44,8.73,108,3,31.4%,0,0,0.0%,88%,1:26,1:27,1,,22:41,22.68
2021,Aug-21,34,34-2021,34,20,2021-08-27,Fri,80%,82%,,479,-11%,282,-14%,197,-6%,427,242,236,185,184,,484,63,8,11.7,80%,0:58,,,10:53,10.88,3,3,2.5%,0,15,5.8%,84%,1:53,1:42,1,,20:08,20.13
2021,Aug-21,34,,34,,2021-08-28,Sat,,,,,,,,,,,,,,,,81,17,6,,,,,,,,,,,,,,,,,,,,
2021,Aug-21,34,,35,,2021-08-29,Sun,,,,,,,,,,,,,,,,130,22,3,,,,,,,,,,,,,,,,,,,,
2021,Aug-21,35,35-2021,35,21,2021-08-30,Mon,65%,66%,,659,-14%,393,-17%,266,-11%,564,326,313,238,234,,557,65,15,17.4,61%,1:34,,,13:19,13.32,12,1,4.0%,0,0,0.0%,74%,2:22,1:38,4,,21:34,21.57
2021,Aug-21,35,35-2021,35,22,2021-08-31,Tue,80%,84%,,642,0%,376,-5%,266,6%,640,359,345,281,279,,598,92,11,17.3,80%,0:55,,,10:50,10.83,8,6,3.9%,0,0,0.0%,89%,1:17,1:20,2,,22:00,22.00
2021,Sep-21,35,35-2021,35,1,2021-09-01,Wed,66%,68%,,861,-19%,497,-18%,364,-20%,700,409,385,291,284,,646,76,14,18.2,63%,1:27,,,12:00,12.00,22,2,5.9%,0,0,0.0%,74%,2:05,1:30,7,,21:09,21.15
2021,Sep-21,35,35-2021,35,2,2021-09-02,Thu,51%,53%,,772,-7%,436,-4%,336,-11%,717,418,387,299,291,,677,73,8,19.4,50%,1:48,,,12:22,12.37,27,4,7.4%,0,0,0.0%,57%,3:26,2:01,8,,21:05,21.08
2021,Sep-21,35,35-2021,35,3,2021-09-03,Fri,55%,56%,,602,-12%,351,-13%,251,-10%,532,306,292,226,213,,487,40,5,14.8,56%,1:36,,,14:31,14.52,12,2,4.6%,0,0,0.0%,55%,3:18,2:00,13,,23:35,23.58
2021,Sep-21,35,,35,,2021-09-04,Sat,,,,,,,,,,,,,,,,128,16,3,,,,,,,,,,,,,,,,,,,,
2021,Sep-21,35,,36,,2021-09-05,Sun,,,,,,,,,,,,,,,,116,15,5,,,,,,,,,,,,,,,,,,,,
2021,Sep-21,36,,36,,2021-09-06,Mon,62%,100%,,,,,,,,13,3,3,10,10,,208,27,2,,100%,0:33,,,4:51,4.85,0,0,0.0%,0,11,78.6%,100%,0:25,1:02,0,,33:23,33.38
2021,Sep-21,36,36-2021,36,4,2021-09-07,Tue,75%,79%,,729,-12%,422,-13%,307,-11%,641,367,358,274,263,,695,69,18,15.3,82%,0:56,,,12:00,12.00,9,0,2.5%,0,0,0.0%,76%,2:21,1:47,11,,23:37,23.62
2021,Sep-21,36,36-2021,36,5,2021-09-08,Wed,77%,81%,,678,-6%,386,-9%,292,-1%,639,350,341,289,280,,668,66,14,15.2,86%,0:49,,,13:00,13.00,5,4,2.6%,0,0,0.0%,76%,1:59,1:38,9,,20:53,20.88
2021,Sep-21,36,36-2021,36,6,2021-09-09,Thu,68%,71%,,700,-9%,398,-13%,302,-5%,635,347,333,288,282,,599,84,5,15.5,69%,1:19,,,13:39,13.65,10,4,4.0%,0,0,0.0%,73%,2:05,1:36,6,,22:07,22.12
2021,Sep-21,36,36-2021,36,7,2021-09-10,Fri,64%,69%,,562,-21%,324,-19%,238,-24%,443,261,242,182,176,,602,80,15,11.1,67%,1:28,,,14:19,14.32,15,4,7.3%,0,19,6.8%,72%,2:59,2:03,6,,22:19,22.32
2021,Sep-21,36,,36,,2021-09-11,Sat,,,,,,,,,,,,,,,,104,14,3,,,,,,,,,,,,,,,,,,,,
2021,Sep-21,36,,37,,2021-09-12,Sun,,,,,,,,,,,,,,,,114,17,3,,,,,,,,,,,,,,,,,,,,
2021,Sep-21,37,37-2021,37,8,2021-09-13,Mon,63%,66%,,705,-10%,416,-16%,289,-1%,637,350,337,287,275,,621,95,24,15.7,71%,1:21,,,12:41,12.68,11,2,3.7%,0,0,0.0%,61%,2:47,1:49,12,,24:41,24.68
2021,Sep-21,37,37-2021,37,9,2021-09-14,Tue,67%,71%,,681,-18%,386,-21%,295,-14%,558,305,292,253,247,,566,61,13,12.9,77%,1:00,,,12:56,12.93,8,5,4.3%,0,0,0.0%,63%,2:40,1:43,6,,25:00,25.00
2021,Sep-21,37,37-2021,37,10,2021-09-15,Wed,60%,63%,,683,-13%,386,-14%,297,-13%,591,332,323,259,251,,584,60,13,15.6,59%,1:50,,,14:55,14.92,8,1,2.7%,0,0,0.0%,68%,2:58,1:53,8,,20:54,20.90
2021,Sep-21,37,37-2021,37,11,2021-09-16,Thu,49%,52%,,660,-7%,373,-5%,287,-8%,616,353,329,263,249,,580,76,4,16.0,54%,2:14,,,14:09,14.15,24,0,6.8%,0,0,0.0%,50%,4:58,2:42,14,,26:50,26.83
2021,Sep-21,37,37-2021,37,12,2021-09-17,Fri,68%,73%,,539,-4%,310,-6%,229,0%,519,291,282,228,218,,507,58,6,13.0,73%,1:08,,,13:08,13.13,9,0,3.1%,0,0,0.0%,73%,2:07,1:36,10,,22:47,22.78
2021,Sep-21,37,,37,,2021-09-18,Sat,,,,,,,,,,,,,,,,97,11,2,,,,,,,,,,,,,,,,,,,,
2021,Sep-21,37,,38,,2021-09-19,Sun,,,,,,,,,,,,,,,,90,16,4,,,,,,,,,,,,,,,,,,,,
2021,Sep-21,38,38-2021,38,13,2021-09-20,Mon,44%,46%,,676,-15%,399,-22%,277,-6%,573,313,245,260,251,,510,66,22,17.4,36%,2:51,,,9:37,9.62,67,1,21.7%,0,0,0.0%,59%,4:58,2:33,9,,25:11,25.18
2021,Sep-21,38,38-2021,38,14,2021-09-21,Tue,64%,71%,,669,-15%,385,-13%,284,-19%,566,335,306,231,229,,585,79,11,16.4,67%,1:14,,,11:51,11.85,25,4,8.7%,0,0,0.0%,77%,1:54,1:29,2,,21:55,21.92
2021,Sep-21,38,38-2021,38,15,2021-09-22,Wed,47%,50%,,649,-5%,370,-6%,279,-4%,616,347,323,269,262,,581,54,17,15.9,51%,1:51,,,13:48,13.80,24,0,6.9%,0,0,0.0%,49%,5:32,3:06,7,,26:18,26.30
2021,Sep-21,38,38-2021,38,16,2021-09-23,Thu,65%,70%,,632,-3%,365,-11%,267,7%,612,325,308,287,282,,544,65,11,14.6,69%,1:16,,,12:00,12.00,14,3,5.2%,0,0,0.0%,71%,2:20,1:45,5,,23:14,23.23
2021,Sep-21,38,38-2021,38,17,2021-09-24,Fri,62%,66%,,522,-2%,306,-6%,216,3%,510,288,270,222,220,,518,49,9,14.2,62%,1:40,,,14:57,14.95,14,4,6.3%,0,0,0.0%,72%,2:15,1:37,2,,22:31,22.52
2021,Sep-21,38,,38,,2021-09-25,Sat,,,,,,,,,,,,,,,,124,12,2,,,,,,,,,,,,,,,,,,,,
2021,Sep-21,38,,39,,2021-09-26,Sun,,,,,,,,,,,,,,,,114,22,6,,,,,,,,,,,,,,,,,,,,
2021,Sep-21,39,39-2021,39,18,2021-09-27,Mon,54%,59%,,690,-6%,408,-8%,282,-4%,648,376,347,272,261,,557,77,19,18.5,60%,1:52,,,12:13,12.22,24,5,7.7%,0,0,0.0%,58%,3:59,2:26,11,,23:18,23.30
2021,Sep-21,39,39-2021,39,19,2021-09-28,Tue,41%,45%,,660,-3%,377,1%,283,-8%,639,379,333,260,252,,485,89,21,17.8,46%,2:25,,,13:21,13.35,39,7,12.1%,0,0,0.0%,44%,4:50,2:42,8,,23:33,23.55
2021,Sep-21,39,39-2021,39,20,2021-09-29,Wed,53%,59%,,654,-15%,376,-13%,278,-17%,557,326,309,231,224,,638,98,10,15.0,55%,1:55,,,13:52,13.87,17,0,5.2%,0,19,5.5%,64%,3:05,1:59,7,,21:37,21.62
2021,Sep-21,39,,39,,2021-09-30,Thu,24%,,,,,,,,,,,,,,,675,88,6,,60%,,,,,,,,,,,,,,,,,,
2021,Oct-21,39,39-2021,39,1,2021-10-01,Fri,28%,29%,,699,6%,415,10%,284,0%,742,458,392,284,261,,560,64,10,21.4,24%,4:08,,,12:31,12.52,64,2,14.4%,0,0,0.0%,37%,6:51,3:16,23,,26:14,26.23
2021,Oct-21,39,,39,,2021-10-02,Sat,,,,,,,,,,,,,,,,173,19,1,,,,,,,,,,,,,,,,,,,,
2021,Oct-21,39,,40,,2021-10-03,Sun,,,,,,,,,,,,,,,,152,15,3,,,,,,,,,,,,,,,,,,,,
2021,Oct-21,40,40-2021,40,2,2021-10-04,Mon,41%,44%,,829,-7%,493,-3%,336,-14%,767,478,436,289,276,,700,76,25,19.2,40%,2:25,,,12:39,12.65,39,3,8.8%,0,0,0.0%,50%,4:48,2:59,13,,25:46,25.77
2021,Oct-21,40,40-2021,40,3,2021-10-05,Tue,43%,45%,,806,-4%,462,-2%,344,-7%,776,455,422,321,306,,732,79,8,18.9,42%,2:25,,,12:36,12.60,29,4,7.3%,0,0,0.0%,50%,4:23,2:23,15,,26:42,26.70
2021,Oct-21,40,40-2021,40,4,2021-10-06,Wed,36%,40%,,734,-14%,421,-8%,313,-22%,629,386,347,243,234,,684,100,14,16.8,37%,3:18,,,13:46,13.77,35,4,10.1%,0,0,0.0%,44%,5:27,3:16,9,,26:55,26.92
2021,Oct-21,40,40-2021,40,5,2021-10-07,Thu,39%,41%,,668,-1%,378,-2%,290,1%,663,371,330,292,276,,629,66,16,19.4,36%,3:07,,,14:19,14.32,39,2,11.1%,0,0,0.0%,48%,5:11,2:58,16,,24:40,24.67
2021,Oct-21,40,40-2021,40,6,2021-10-08,Fri,47%,51%,,591,-17%,346,-13%,245,-23%,490,302,280,188,180,,528,52,10,15.3,52%,2:28,,,15:00,15.00,22,0,7.3%,0,22,6.8%,49%,5:10,2:42,8,,24:38,24.63
2021,Oct-21,40,40-2021,40,,2021-10-09,Sat,,,,,,,,,,,,,,,,,15,3,,,,,,,,,,,,,,,,,,,,
2021,Oct-21,40,41-2021,41,,2021-10-10,Sun,,,,,,,,,,,,,,,,,12,2,,,,,,,,,,,,,,,,,,,,
2021,Oct-21,41,41-2021,41,7,2021-10-11,Mon,41%,44%,,518,2%,307,-5%,211,13%,529,291,263,238,228,,483,60,19,15.1,42%,2:37,,,11:16,11.27,28,0,9.6%,0,0,0.0%,47%,4:42,3:10,10,,27:00,27.00
2021,Oct-21,41,41-2021,41,8,2021-10-12,Tue,38%,41%,,749,-12%,426,-16%,323,-8%,657,359,326,298,277,,500,79,14,17.5,43%,2:24,,,12:36,12.60,30,3,9.2%,0,0,0.0%,39%,6:16,3:20,21,,25:54,25.90
2021,Oct-21,41,41-2021,41,9,2021-10-13,Wed,31%,32%,,687,3%,387,6%,300,-1%,710,412,359,298,286,,542,68,9,19.7,29%,3:46,,,12:49,12.82,52,1,12.9%,0,0,0.0%,37%,6:00,3:15,12,,27:44,27.73
2021,Oct-21,41,41-2021,41,10,2021-10-14,Thu,51%,56%,,669,-4%,376,-1%,293,-8%,641,372,350,269,259,,606,77,11,15.6,54%,1:57,,,14:00,14.00,21,1,5.9%,0,0,0.0%,58%,4:12,2:40,10,,24:45,24.75
2021,Oct-21,41,41-2021,41,11,2021-10-15,Fri,46%,51%,,560,0%,326,-3%,234,4%,559,316,289,243,233,,484,89,5,15.2,46%,2:23,,,13:19,13.32,27,0,8.5%,0,0,0.0%,58%,4:09,2:33,10,,23:45,23.75
2021,Oct-21,41,41-2021,41,,2021-10-16,Sat,,,,,,,,,,,,,,,,130,15,4,,,,,,,,,,,,,,,,,,,,
2021,Oct-21,41,42-2021,42,,2021-10-17,Sun,,,,,,,,,,,,,,,,111,22,6,,,,,,,,,,,,,,,,,,,,
2021,Oct-21,42,42-2021,42,12,2021-10-18,Mon,63%,67%,,696,-8%,406,-10%,290,-5%,641,366,347,275,270,,619,63,20,14.9,68%,1:26,,,12:09,12.15,17,2,5.2%,0,0,0.0%,66%,3:06,2:03,5,,22:52,22.87
2021,Oct-21,42,42-2021,42,13,2021-10-19,Tue,49%,53%,,716,-13%,408,-10%,308,-16%,625,367,338,258,237,,605,69,15,15.6,56%,1:59,,,13:07,13.12,26,3,7.9%,0,0,0.0%,49%,4:55,2:40,21,,23:22,23.37
2021,Oct-21,42,42-2021,42,14,2021-10-20,Wed,45%,49%,,678,-6%,389,-11%,289,2%,639,345,304,294,285,,579,82,13,15.6,49%,2:28,,,14:14,14.23,40,1,11.9%,0,0,0.0%,49%,4:20,2:18,9,,23:57,23.95
2021,Oct-21,42,42-2021,42,15,2021-10-21,Thu,49%,52%,,635,-12%,360,-9%,275,-15%,561,326,303,235,217,,612,52,3,14.6,59%,2:00,,,14:00,14.00,22,1,7.1%,0,0,0.0%,42%,5:27,3:02,18,,25:11,25.18
2021,Oct-21,42,42-2021,42,16,2021-10-22,Fri,51%,55%,,537,3%,319,-2%,218,10%,551,312,297,239,227,,441,61,13,13.0,58%,1:51,,,13:58,13.97,13,2,4.8%,0,0,0.0%,51%,4:06,2:28,12,,23:18,23.30
2021,Oct-21,42,42-2021,42,,2021-10-23,Sat,,,,,,,,,,,,,,,,99,15,2,,,,,,,,,,,,,,,,,,,,
2021,Oct-21,42,43-2021,43,,2021-10-24,Sun,,,,,,,,,,,,,,,,112,20,4,,,,,,,,,,,,,,,,,,,,
2021,Oct-21,43,43-2021,43,17,2021-10-25,Mon,36%,38%,,678,2%,404,-2%,274,7%,691,397,351,294,279,,587,70,17,16.5,37%,2:46,,,13:16,13.27,44,2,11.6%,0,0,0.0%,39%,5:57,2:52,15,,24:49,24.82
2021,Oct-21,43,43-2021,43,18,2021-10-26,Tue,43%,46%,,728,11%,414,2%,314,23%,809,424,387,385,372,,701,80,11,17.9,49%,2:16,,,13:33,13.55,37,0,8.7%,0,0,0.0%,43%,5:59,3:13,13,,26:28,26.47
2021,Oct-21,43,43-2021,43,19,2021-10-27,Wed,50%,55%,,664,16%,376,7%,288,26%,767,404,384,363,353,,745,95,10,16.9,55%,1:50,,,14:38,14.63,19,1,5.0%,0,0,0.0%,54%,4:18,2:35,10,,24:00,24.00
2021,Oct-21,43,43-2021,43,20,2021-10-28,Thu,59%,63%,,637,16%,363,12%,274,20%,737,407,385,330,312,,665,52,12,15.8,63%,1:39,,,14:36,14.60,20,2,5.4%,0,0,0.0%,62%,3:27,2:01,18,,23:08,23.13
2021,Oct-21,43,43-2021,43,21,2021-10-29,Fri,77%,82%,,574,-4%,336,-5%,238,-2%,552,318,311,234,234,,534,43,12,12.1,80%,0:52,,,13:43,13.72,1,6,2.2%,0,0,0.0%,84%,1:40,1:34,0,,20:31,20.52
2021,Oct-21,43,43-2021,43,,2021-10-30,Sat,,,,,,,,,,,,,,,,118,33,3,,,,,,,,,,,,,,,,,,,,
2021,Oct-21,43,44-2021,44,,2021-10-31,Sun,,,,,,,,,,,,,,,,112,11,6,,,,,,,,,,,,,,,,,,,,
2021,Nov-21,44,44-2021,44,1,2021-11-01,Mon,43%,46%,,900,-8%,540,-13%,360,1%,831,469,418,362,346,,818,97,25,21.0,43%,2:44,,,12:34,12.57,46,5,10.9%,0,0,0.0%,50%,4:42,2:35,16,,23:49,23.82
2021,Nov-21,44,44-2021,44,2,2021-11-02,Tue,44%,48%,,877,-13%,502,-14%,375,-11%,764,432,388,332,323,,837,82,13,19.1,49%,1:58,,,13:25,13.42,41,3,10.2%,0,0,0.0%,46%,4:20,2:21,9,,22:03,22.05
2021,Nov-21,44,44-2021,44,3,2021-11-03,Wed,45%,49%,,813,-13%,463,-10%,350,-18%,704,416,381,288,278,,698,96,8,16.4,44%,2:20,,,15:01,15.02,34,1,8.4%,0,0,0.0%,57%,4:03,2:32,10,,19:57,19.95
2021,Nov-21,44,44-2021,44,4,2021-11-04,Thu,32%,34%,,723,0%,414,1%,309,-3%,720,420,370,300,278,,694,80,13,18.9,36%,2:44,,,14:06,14.10,47,3,11.9%,0,0,0.0%,32%,7:28,4:11,22,,26:18,26.30
2021,Nov-21,44,44-2021,44,5,2021-11-05,Fri,58%,63%,,565,-14%,330,-15%,235,-13%,485,280,262,205,200,,611,58,6,11.3,65%,1:43,,,13:53,13.88,15,3,6.4%,0,27,8.8%,60%,2:46,1:44,5,,21:06,21.10
2021,Nov-21,44,44-2021,44,,2021-11-06,Sat,,,,,,,,,,,,,,,,134,10,0,,,,,,,,,,,,,,,,,,,,
2021,Nov-21,44,45-2021,45,,2021-11-07,Sun,,,,,,,,,,,,,,,,127,23,7,,,,,,,,,,,,,,,,,,,,
2021,Nov-21,45,45-2021,45,6,2021-11-08,Mon,37%,41%,,768,-7%,458,-6%,310,-9%,711,430,388,281,269,,637,88,20,16.3,37%,2:35,,,14:03,14.05,39,3,9.8%,0,0,0.0%,46%,5:09,2:49,12,,26:02,26.03
2021,Nov-21,45,45-2021,45,7,2021-11-09,Tue,45%,49%,,770,-9%,434,-11%,336,-6%,703,387,351,316,305,,683,97,16,16.1,43%,2:29,,,16:02,16.03,29,7,9.3%,0,0,0.0%,57%,3:03,2:10,11,,22:06,22.10
2021,Nov-21,45,45-2021,45,8,2021-11-10,Wed,61%,67%,,753,-14%,424,-19%,329,-8%,644,342,323,302,296,,627,78,9,14.6,65%,1:31,,,14:25,14.42,13,6,5.6%,0,0,0.0%,70%,2:35,1:58,6,,22:22,22.37
2021,Nov-21,45,45-2021,45,9,2021-11-11,Thu,58%,64%,,499,7%,296,7%,203,7%,534,316,303,218,213,,475,73,8,12.7,64%,1:38,,,15:51,15.85,11,2,4.1%,0,0,0.0%,64%,3:14,2:13,5,,21:36,21.60
2021,Nov-21,45,45-2021,45,10,2021-11-12,Fri,61%,67%,,565,-20%,328,-16%,237,-24%,454,275,259,179,176,,521,60,11,11.6,55%,1:47,,,14:17,14.28,15,1,5.8%,0,22,7.4%,85%,1:34,1:30,3,,23:25,23.42
2021,Nov-21,45,45-2021,45,,2021-11-13,Sat,,,,,,,,,,,,,,,,140,17,3,,,,,,,,,,,,,,,,,,,,
2021,Nov-21,45,46-2021,46,,2021-11-14,Sun,,,,,,,,,,,,,,,,120,18,7,,,,,,,,,,,,,,,,,,,,
2021,Nov-21,46,46-2021,46,11,2021-11-15,Mon,48%,51%,,722,-4%,426,-1%,296,-9%,692,423,380,269,256,,620,76,21,16.3,48%,2:05,,,12:40,12.67,38,5,10.2%,0,0,0.0%,55%,4:54,2:52,13,,23:04,23.07
2021,Nov-21,46,46-2021,46,12,2021-11-16,Tue,47%,50%,,747,6%,421,4%,326,10%,795,437,387,358,341,,606,80,10,18.1,46%,2:31,,,12:19,12.32,46,4,11.4%,0,0,0.0%,54%,4:14,2:31,17,,21:38,21.63
2021,Nov-21,46,46-2021,46,13,2021-11-17,Wed,64%,67%,,723,-8%,410,-3%,313,-15%,664,397,374,267,265,,587,87,8,15.3,59%,1:40,,,12:32,12.53,21,2,5.8%,0,0,0.0%,80%,1:56,1:37,2,,20:42,20.70
2021,Nov-21,46,46-2021,46,14,2021-11-18,Thu,57%,59%,,662,-8%,376,-10%,286,-7%,606,339,311,267,262,,553,56,6,15.0,49%,2:17,,,13:56,13.93,25,3,8.3%,0,0,0.0%,72%,2:33,1:52,5,,22:28,22.47
2021,Nov-21,46,46-2021,46,15,2021-11-19,Fri,66%,68%,,538,0%,315,2%,223,-2%,539,320,302,219,217,,475,42,9,13.3,60%,1:35,,,13:17,13.28,16,2,5.6%,0,0,0.0%,79%,1:47,1:36,2,,21:23,21.38
2021,Nov-21,46,46-2021,46,,2021-11-20,Sat,,,,,,,,,,,,,,,,137,3,2,,,,,,,,,,,,,,,,,,,,
2021,Nov-21,46,47-2021,47,,2021-11-21,Sun,,,,,,,,,,,,,,,,127,10,4,,,,,,,,,,,,,,,,,,,,
2021,Nov-21,47,47-2021,47,16,2021-11-22,Mon,58%,59%,,695,-7%,420,-2%,275,-15%,644,410,388,234,224,,510,6,0,14.2,56%,2:00,,,14:17,14.28,19,3,5.4%,0,0,0.0%,63%,4:06,2:41,10,,23:16,23.27
2021,Nov-21,47,47-2021,47,17,2021-11-23,Tue,83%,87%,,717,-22%,412,-19%,305,-27%,556,333,323,223,222,,509,72,14,11.8,83%,0:55,,,15:00,15.00,7,3,3.0%,0,0,0.0%,93%,0:56,1:21,1,,19:59,19.98
2021,Nov-21,47,47-2021,47,18,2021-11-24,Wed,86%,90%,,735,-45%,415,-46%,320,-44%,403,225,221,178,178,,414,60,7,8.1,88%,0:47,,,15:18,15.30,0,4,1.8%,0,0,0.0%,93%,0:58,1:11,0,,21:35,21.58
2021,Nov-21,47,47-2021,47,,2021-11-25,Thu,,,,,,,,,,,,,,,,146,42,2,,,,,,,,,,,,,,,,,,,,
2021,Nov-21,47,47-2021,47,,2021-11-26,Fri,,,,,,,,,,,,,,,,203,36,7,,,,,,,,,,,,,,,,,,,,
2021,Nov-21,47,47-2021,47,,2021-11-27,Sat,,,,,,,,,,,,,,,,74,11,4,,,,,,,,,,,,,,,,,,,,
2021,Nov-21,47,48-2021,48,,2021-11-28,Sun,,,,,,,,,,,,,,,,128,7,10,,,,,,,,,,,,,,,,,,,,
2021,Nov-21,48,48-2021,48,19,2021-11-29,Mon,54%,57%,,688,-9%,409,8%,279,-35%,623,441,410,182,177,,671,93,39,15.2,56%,2:02,,,13:17,13.28,28,3,7.0%,0,0,0.0%,58%,3:35,1:59,5,,21:20,21.33
2021,Nov-21,48,48-2021,48,20,2021-11-30,Tue,47%,51%,,714,2%,413,8%,301,-7%,727,447,408,280,268,,700,99,7,18.6,50%,2:15,,,13:42,13.70,36,3,8.7%,0,0,0.0%,53%,4:28,2:29,12,,21:25,21.42
2021,Dec-21,48,48-2021,48,1,2021-12-01,Wed,50%,54%,,935,-14%,539,-15%,396,-13%,802,459,415,343,331,,816,93,22,18.7,48%,2:36,,,14:32,14.53,43,1,9.6%,0,0,0.0%,62%,3:29,2:08,12,,24:09,24.15
2021,Dec-21,48,48-2021,48,2,2021-12-02,Thu,59%,63%,,841,-15%,475,-10%,366,-20%,719,427,394,292,289,,667,79,11,17.5,59%,1:47,,,13:38,13.63,30,3,7.7%,0,0,0.0%,68%,2:24,1:36,3,,22:18,22.30
2021,Dec-21,48,48-2021,48,3,2021-12-03,Fri,44%,46%,,658,-5%,386,7%,272,-21%,627,412,348,215,206,,572,65,5,16.6,41%,2:30,,,13:41,13.68,57,7,15.5%,0,0,0.0%,57%,3:19,1:58,9,,20:21,20.35
2021,Dec-21,48,48-2021,48,,2021-12-04,Sat,,,,,,,,,,,,,,,,145,15,3,,,,,,,,,,,,,,,,,,,,
2021,Dec-21,48,49-2021,49,,2021-12-05,Sun,,,,,,,,,,,,,,,,130,30,3,,,,,,,,,,,,,,,,,,,,
2021,Dec-21,49,49-2021,49,4,2021-12-06,Mon,58%,62%,,775,-9%,467,-4%,308,-18%,702,449,421,253,241,,595,71,25,17.3,64%,1:29,,,12:00,12.00,21,7,6.2%,0,0,0.0%,58%,3:15,1:52,12,,19:38,19.63
2021,Dec-21,49,49-2021,49,5,2021-12-07,Tue,43%,46%,,755,-6%,432,-7%,323,-4%,712,403,360,309,299,,692,68,15,18.5,43%,2:51,,,13:52,13.87,43,0,10.7%,0,0,0.0%,49%,4:06,2:23,10,,22:09,22.15
2021,Dec-21,49,49-2021,49,6,2021-12-08,Wed,65%,70%,,796,-15%,456,-11%,340,-19%,679,404,372,275,270,,694,68,14,17.0,67%,1:37,,,11:52,11.87,31,1,7.9%,0,0,0.0%,74%,2:25,1:46,5,,21:54,21.90
2021,Dec-21,49,49-2021,49,7,2021-12-09,Thu,55%,60%,,739,-10%,410,-5%,329,-16%,663,388,352,275,272,,613,83,10,16.1,56%,1:45,,,12:36,12.60,33,3,9.3%,0,0,0.0%,66%,2:51,1:46,3,,21:15,21.25
2021,Dec-21,49,49-2021,49,8,2021-12-10,Fri,68%,78%,,606,-31%,351,-26%,255,-38%,416,259,250,157,154,,467,77,12,9.2,75%,1:30,,,13:13,13.22,7,2,3.5%,0,20,7.2%,83%,1:29,1:20,3,,18:52,18.87
2021,Dec-21,49,49-2021,49,,2021-12-11,Sat,,,,,,,,,,,,,,,,112,14,2,,,,,,,,,,,,,,,,,,,,
2021,Dec-21,49,50-2021,50,,2021-12-12,Sun,,,,,,,,,,,,,,,,108,20,7,,,,,,,,,,,,,,,,,,,,
2021,Dec-21,50,50-2021,50,9,2021-12-13,Mon,58%,64%,,725,-7%,427,-8%,298,-5%,673,391,369,282,278,,591,91,25,15.3,56%,1:50,,,14:14,14.23,21,1,5.6%,0,0,0.0%,76%,2:06,1:41,4,,19:26,19.43
2021,Dec-21,50,50-2021,50,10,2021-12-14,Tue,41%,44%,,753,-15%,428,-12%,325,-18%,641,376,327,265,255,,655,75,22,16.9,39%,2:55,,,14:44,14.73,48,1,13.0%,0,0,0.0%,52%,4:03,2:06,10,,22:54,22.90
2021,Dec-21,50,50-2021,50,11,2021-12-15,Wed,73%,81%,,752,-15%,428,-11%,324,-20%,640,382,369,258,255,,502,81,11,13.9,80%,0:56,,,12:37,12.62,7,6,3.4%,0,0,0.0%,83%,1:36,1:12,3,,18:59,18.98
2021,Dec-21,50,50-2021,50,12,2021-12-16,Thu,55%,60%,,715,-17%,397,-14%,318,-19%,596,340,307,256,253,,602,64,9,15.3,56%,1:31,,,14:42,14.70,31,2,9.7%,0,0,0.0%,65%,3:02,2:03,3,,19:45,19.75
2021,Dec-21,50,50-2021,50,13,2021-12-17,Fri,58%,66%,,584,-26%,339,-22%,245,-31%,434,266,254,168,163,,417,73,10,10.7,67%,1:27,,,13:52,13.87,11,1,4.5%,0,15,5.3%,64%,2:29,1:37,5,,19:43,19.72
2021,Dec-21,50,50-2021,50,,2021-12-18,Sat,,,,,,,,,,,,,,,,114,25,2,,,,,,,,,,,,,,,,,,,,
2021,Dec-21,50,51-2021,51,,2021-12-19,Sun,,,,,,,,,,,,,,,,82,14,9,,,,,,,,,,,,,,,,,,,,
2021,Dec-21,51,51-2021,51,14,2021-12-20,Mon,61%,68%,,712,-15%,426,-12%,286,-19%,607,374,358,233,230,,561,75,18,14.6,61%,1:42,,,12:55,12.92,15,1,4.3%,0,0,0.0%,78%,1:57,1:29,3,,20:05,20.08
2021,Dec-21,51,51-2021,51,15,2021-12-21,Tue,56%,63%,,717,-14%,412,-8%,305,-21%,619,377,352,242,238,,505,93,5,15.1,63%,1:35,,,12:39,12.65,22,3,6.6%,0,0,0.0%,64%,3:24,2:11,4,,23:47,23.78
2021,Dec-21,51,51-2021,51,16,2021-12-22,Wed,78%,87%,,719,-27%,416,-27%,303,-28%,522,304,301,218,217,,429,94,8,13.1,88%,0:54,,,15:11,15.18,1,2,1.0%,0,0,0.0%,85%,1:28,1:31,1,,20:25,20.42
2021,Dec-21,51,51-2021,51,17,2021-12-23,Thu,84%,92%,,682,-45%,387,-43%,295,-48%,374,220,218,154,152,,305,50,8,8.9,92%,0:44,,,13:40,13.67,0,2,0.9%,0,0,0.0%,92%,0:57,1:09,2,,17:13,17.22
2021,Dec-21,51,51-2021,51,,2021-12-24,Fri,,,,,,,,,,,,,,,,95,47,4,,,,,,,,,,,,,,,,,,,,
2021,Dec-21,51,51-2021,51,,2021-12-25,Sat,,,,,,,,,,,,,,,,15,5,1,,,,,,,,,,,,,,,,,,,,
2021,Dec-21,51,52-2021,52,,2021-12-26,Sun,,,,,,,,,,,,,,,,67,17,7,,,,,,,,,,,,,,,,,,,,
2021,Dec-21,52,52-2021,52,,2021-12-27,Mon,,,,,,,,,,,,,,,,453,134,28,,,,,,,,,,,,,,,,,,,,
2021,Dec-21,52,52-2021,52,,2021-12-28,Tue,,,,,,,,,,,,,,,,523,83,19,,,,,,,,,,,,,,,,,,,,
2021,Dec-21,52,52-2021,52,18,2021-12-29,Wed,76%,84%,,752,-33%,426,-23%,326,-46%,502,326,320,176,175,,450,64,14,12.4,80%,1:00,,,15:20,15.33,2,4,1.8%,0,0,0.0%,91%,0:58,1:06,1,,17:29,17.48
2021,Dec-21,52,52-2021,52,19,2021-12-30,Thu,65%,71%,,676,-25%,383,-17%,293,-35%,508,317,306,191,190,,484,50,4,13.2,68%,1:12,,,14:03,14.05,10,1,3.5%,0,0,0.0%,76%,1:56,1:47,1,,21:48,21.80
2021,Dec-21,52,52-2021,52,20,2021-12-31,Fri,82%,92%,,566,-66%,333,-59%,233,-76%,192,136,132,56,56,,172,30,5,5.3,90%,0:43,,,12:17,12.28,0,4,2.9%,0,0,0.0%,98%,0:42,1:19,0,,15:34,15.57
2022,Jan-22,52,1-2022,0,,2022-01-01,Sat,,,,,,,,,,,,,,,,172,17,3,,,,,,,,,,,,,,,,,,,,
2022,Jan-22,52,1-2022,1,,2022-01-02,Sun,,,,,,,,,,,,,,,,214,37,8,,,,,,,,,,,,,,,,,,,,
2022,Jan-22,1,1-2022,1,,2022-01-03,Mon,,,,,,,,,,,,,,,,931,139,27,,,,,,,,,,,,,,,,,,,,
2022,Jan-22,1,1-2022,1,1,2022-01-04,Tue,22%,23%,0%,1070,-7%,613,-1%,457,-14%,997,605,478,392,359,,942,123,18,24.0,19%,7:10,,,13:53,13.88,125,2,21.0%,0,0,0.0%,28%,8:14,4:12,33,,25:50,25.83
2022,Jan-22,1,1-2022,1,2,2022-01-05,Wed,37%,39%,0%,982,-12%,550,-12%,432,-11%,868,485,424,383,362,,864,70,15,19.7,36%,3:37,,,15:08,15.13,59,2,12.6%,0,0,0.0%,43%,6:17,3:12,21,,25:38,25.63
2022,Jan-22,1,1-2022,1,3,2022-01-06,Thu,46%,50%,0%,880,-13%,491,-12%,389,-14%,766,430,395,336,332,,764,97,11,17.8,45%,2:09,,,14:36,14.60,28,7,8.1%,0,0,0.0%,57%,3:18,2:22,4,,24:03,24.05
2022,Jan-22,1,1-2022,1,4,2022-01-07,Fri,63%,72%,0%,676,-29%,393,-24%,283,-35%,483,300,287,183,180,,795,85,11,10.5,66%,1:32,,,15:26,15.43,6,7,4.3%,0,0,0.0%,81%,1:43,1:28,3,,21:18,21.30
2022,Jan-22,1,1-2022,1,,2022-01-08,Sat,,,,,,,,,,,,,,,,223,24,1,,,,,,,,,,,,,,,,,,,,
2022,Jan-22,1,2-2022,2,,2022-01-09,Sun,,,,,,,,,,,,,,,,133,16,5,,,,,,,,,,,,,,,,,,,,
2022,Jan-22,2,2-2022,2,5,2022-01-10,Mon,28%,30%,0%,810,-2%,472,1%,338,-7%,792,478,402,314,304,,829,94,15,20.6,22%,4:27,,,14:28,14.47,72,4,15.9%,0,0,0.0%,42%,5:56,2:55,10,,22:50,22.83
2022,Jan-22,2,2-2022,2,6,2022-01-11,Tue,33%,35%,0%,898,-19%,508,-13%,390,-26%,729,441,356,288,279,,724,103,16,18.9,22%,4:40,,,14:45,14.75,83,2,19.3%,0,0,0.0%,56%,5:33,3:03,9,,23:05,23.08
2022,Jan-22,2,2-2022,2,7,2022-01-12,Wed,38%,40%,0%,864,-13%,477,-7%,387,-21%,750,444,405,306,290,,716,82,7,18.8,39%,2:37,,,13:04,13.07,35,4,8.8%,0,0,0.0%,41%,6:30,3:19,16,,25:18,25.30
2022,Jan-22,2,2-2022,2,,2022-01-13,Thu,,,,,,,,,,,,,,,,917,274,12,,,,,,,,,,,,,,,,,,,,
2022,Jan-22,2,2-2022,2,,2022-01-14,Fri,,,,,,,,,,,,,,,,731,91,10,,,,,,,,,,,,,,,,,,,,
2022,Jan-22,2,2-2022,2,,2022-01-15,Sat,,,,,,,,,,,,,,,,126,18,8,,,,,,,,,,,,,,,,,,,,
2022,Jan-22,2,3-2022,3,,2022-01-16,Sun,,,,,,,,,,,,,,,,119,21,3,,,,,,,,,,,,,,,,,,,,
2022,Jan-22,3,3-2022,3,8,2022-01-17,Mon,51%,56%,0%,571,0%,332,10%,239,-15%,569,365,328,204,200,,512,77,8,15.0,53%,2:17,,,15:37,15.62,33,4,10.1%,0,0,0.0%,62%,2:59,1:44,4,,24:11,24.18
2022,Jan-22,3,3-2022,3,9,2022-01-18,Tue,41%,45%,0%,850,-7%,478,5%,372,-23%,791,503,447,288,267,,717,97,9,20.5,41%,3:37,,,13:36,13.60,54,2,11.1%,0,0,0.0%,51%,5:17,2:51,21,,22:58,22.97
2022,Jan-22,3,3-2022,3,10,2022-01-19,Wed,47%,52%,0%,828,-12%,455,-3%,373,-24%,725,441,403,284,269,,721,114,11,17.5,49%,2:39,,,14:40,14.67,34,4,8.6%,0,0,0.0%,57%,5:09,2:29,15,,24:43,24.72
2022,Jan-22,3,3-2022,3,11,2022-01-20,Thu,56%,62%,0%,775,-10%,428,-5%,347,-16%,698,408,386,290,281,,682,87,10,16.0,62%,1:36,,,14:13,14.22,19,3,5.4%,0,0,0.0%,61%,3:06,1:58,9,,22:14,22.23
2022,Jan-22,3,3-2022,3,12,2022-01-21,Fri,30%,32%,0%,619,10%,357,10%,262,10%,680,391,334,289,265,,571,91,9,17.2,33%,3:51,,,14:20,14.33,55,2,14.6%,0,0,0.0%,31%,8:21,4:35,24,,27:27,27.45
2022,Jan-22,3,3-2022,3,,2022-01-22,Sat,,,,,,,,,,,,,,,,157,24,4,,,,,,,,,,,,,,,,,,,,
2022,Jan-22,3,4-2022,4,,2022-01-23,Sun,,,,,,,,,,,,,,,,177,20,4,,,,,,,,,,,,,,,,,,,,
2022,Jan-22,4,4-2022,4,13,2022-01-24,Mon,36%,39%,0%,768,-4%,449,-4%,319,-3%,738,430,384,308,299,,676,108,25,16.8,42%,3:24,,,15:10,15.17,44,2,10.7%,0,0,0.0%,34%,7:12,3:42,9,,26:14,26.23
2022,Jan-22,4,4-2022,4,14,2022-01-25,Tue,45%,50%,0%,810,-9%,464,-5%,346,-15%,735,440,411,295,284,,743,105,13,16.0,49%,2:13,,,14:28,14.47,27,2,6.6%,0,0,0.0%,52%,4:54,2:30,11,,26:00,26.00
2022,Jan-22,4,4-2022,4,15,2022-01-26,Wed,49%,54%,0%,789,-6%,443,-5%,346,-9%,738,423,390,315,301,,686,108,11,15.9,50%,2:45,,,13:41,13.68,31,2,7.8%,0,0,0.0%,59%,5:36,2:51,14,,25:26,25.43
2022,Jan-22,4,4-2022,4,16,2022-01-27,Thu,44%,49%,0%,789,-8%,435,-4%,354,-12%,727,416,379,311,299,,770,105,13,16.9,52%,1:57,,,14:15,14.25,32,5,8.9%,0,0,0.0%,45%,4:53,2:31,12,,26:26,26.43
2022,Jan-22,4,4-2022,4,17,2022-01-28,Fri,67%,74%,0%,611,-16%,351,-13%,260,-20%,514,305,297,209,204,,616,79,9,12.1,75%,1:17,,,13:19,13.32,5,3,2.6%,0,0,0.0%,72%,2:22,1:39,5,,23:57,23.95
2022,Jan-22,4,4-2022,4,,2022-01-29,Sat,,,,,,,,,,,,,,,,155,45,3,,,,,,,,,,,,,,,,,,,,
2022,Jan-22,4,5-2022,5,,2022-01-30,Sun,,,,,,,,,,,,,,,,144,37,4,,,,,,,,,,,,,,,,,,,,
2022,Jan-22,5,5-2022,5,18,2022-01-31,Mon,46%,48%,0%,771,2%,454,4%,317,-2%,785,474,435,311,300,,714,110,18,18.0,48%,2:12,,,13:08,13.13,36,3,8.2%,0,0,0.0%,49%,5:59,2:59,11,,23:32,23.53
2022,Feb-22,5,5-2022,5,1,2022-02-01,Tue,30%,31%,0%,1091,-16%,628,-11%,463,-22%,921,562,461,359,341,,950,90,11,21.9,27%,4:35,,,13:45,13.75,98,3,18.0%,0,0,0.0%,36%,7:40,3:52,18,,24:15,24.25
2022,Feb-22,5,5-2022,5,2,2022-02-02,Wed,61%,64%,0%,999,-20%,562,-14%,437,-27%,802,484,451,318,313,,801,88,13,17.8,59%,1:52,,,13:39,13.65,29,4,6.8%,0,0,0.0%,72%,3:07,1:50,5,,21:05,21.08
2022,Feb-22,5,5-2022,5,3,2022-02-03,Thu,48%,49%,0%,894,-12%,499,-8%,395,-15%,791,457,423,334,321,,864,94,11,17.2,44%,2:35,,,13:47,13.78,32,2,7.4%,0,0,0.0%,56%,3:53,2:12,13,,22:02,22.03
2022,Feb-22,5,5-2022,5,4,2022-02-04,Fri,64%,66%,0%,682,-9%,398,-5%,284,-14%,623,379,351,244,239,,673,84,8,13.5,61%,1:47,,,13:00,13.00,20,8,7.4%,0,0,0.0%,75%,2:06,1:29,5,,19:26,19.43
2022,Feb-22,5,5-2022,5,,2022-02-05,Sat,,,,,,,,,,,,,,,,139,11,8,,,,,,,,,,,,,,,,,,,,
2022,Feb-22,5,6-2022,6,,2022-02-06,Sun,,,,,,,,,,,,,,,,173,28,3,,,,,,,,,,,,,,,,,,,,
2022,Feb-22,6,6-2022,6,5,2022-02-07,Mon,31%,32%,0%,834,-7%,490,-3%,344,-12%,777,473,390,304,284,,708,127,14,19.7,29%,4:17,,,12:32,12.53,82,1,17.5%,0,0,0.0%,37%,8:14,4:03,20,,24:53,24.88
2022,Feb-22,6,6-2022,6,6,2022-02-08,Tue,29%,29%,0%,923,-13%,526,-9%,397,-17%,805,477,393,328,310,,783,94,9,19.6,28%,4:22,,,13:56,13.93,81,3,17.6%,0,0,0.0%,30%,9:25,4:33,18,,27:43,27.72
2022,Feb-22,6,6-2022,6,7,2022-02-09,Wed,20%,18%,0%,882,-7%,491,1%,391,-17%,823,497,383,326,262,,720,135,10,19.7,19%,6:10,,,13:18,13.30,110,4,22.9%,0,0,0.0%,17%,19:54,10:21,64,,32:36,32.60
2022,Feb-22,6,6-2022,6,8,2022-02-10,Thu,47%,50%,0%,821,-19%,452,-14%,369,-25%,665,387,355,278,266,,708,83,8,16.2,52%,2:01,,,14:17,14.28,29,3,8.3%,0,0,0.0%,47%,5:14,2:47,12,,23:00,23.00
2022,Feb-22,6,6-2022,6,9,2022-02-11,Fri,46%,49%,0%,647,-19%,370,-6%,277,-35%,526,347,310,179,165,,596,63,13,12.8,48%,3:34,,,13:40,13.67,34,3,10.7%,0,0,0.0%,51%,6:38,3:43,14,,26:16,26.27
2022,Feb-22,6,6-2022,6,,2022-02-12,Sat,,,,,,,,,,,,,,,,152,11,2,,,,,,,,,,,,,,,,,,,,
2022,Feb-22,6,7-2022,7,,2022-02-13,Sun,,,,,,,,,,,,,,,,144,21,4,,,,,,,,,,,,,,,,,,,,
2022,Feb-22,7,7-2022,7,10,2022-02-14,Mon,63%,67%,0%,828,-17%,484,-13%,344,-22%,691,421,399,270,266,,618,69,22,16.5,66%,1:46,,,15:00,15.00,20,2,5.2%,0,0,0.0%,69%,2:32,1:49,4,,23:19,23.32
2022,Feb-22,7,7-2022,7,11,2022-02-15,Tue,48%,53%,0%,871,-19%,494,-11%,377,-29%,705,439,417,266,255,,687,92,14,15.5,54%,1:30,,,14:57,14.95,21,1,5.0%,0,0,0.0%,51%,4:08,2:13,11,,22:24,22.40
2022,Feb-22,7,7-2022,7,12,2022-02-16,Wed,56%,63%,0%,849,-14%,471,-10%,378,-20%,727,424,391,303,296,,675,122,11,15.5,63%,1:23,,,14:35,14.58,30,3,7.8%,0,0,0.0%,63%,2:47,1:50,7,,22:13,22.22
2022,Feb-22,7,7-2022,7,13,2022-02-17,Thu,58%,64%,0%,792,-15%,439,-8%,353,-24%,673,405,369,268,261,,750,97,11,15.7,62%,2:01,,,13:53,13.88,34,2,8.9%,0,0,0.0%,67%,4:30,2:53,7,,22:42,22.70
2022,Feb-22,7,7-2022,7,14,2022-02-18,Fri,42%,45%,0%,632,-14%,367,-13%,265,-15%,542,318,290,224,212,,534,74,9,13.9,49%,2:18,,,15:00,15.00,26,2,8.8%,0,0,0.0%,39%,6:07,3:11,12,,25:45,25.75
2022,Feb-22,7,7-2022,7,,2022-02-19,Sat,,,,,,,,,,,,,,,,144,20,3,,,,,,,,,,,,,,,,,,,,
2022,Feb-22,7,8-2022,8,,2022-02-20,Sun,,,,,,,,,,,,,,,,119,13,5,,,,,,,,,,,,,,,,,,,,
2022,Feb-22,8,8-2022,8,15,2022-02-21,Mon,74%,81%,0%,553,-12%,324,-14%,229,-9%,488,280,271,208,206,,471,64,13,11.6,79%,1:12,,,15:17,15.28,8,1,3.2%,0,0,0.0%,84%,1:42,1:22,2,,22:40,22.67
2022,Feb-22,8,8-2022,8,16,2022-02-22,Tue,40%,41%,0%,832,-22%,480,-21%,352,-23%,648,377,341,271,256,,621,101,11,16.6,42%,2:57,,,15:51,15.85,32,4,9.5%,0,0,0.0%,39%,9:09,4:10,15,,26:45,26.75
2022,Feb-22,8,8-2022,8,17,2022-02-23,Wed,45%,47%,0%,801,-15%,451,-8%,350,-25%,678,415,364,263,246,,698,75,10,16.5,48%,2:50,,,13:18,13.30,47,4,12.3%,0,0,0.0%,45%,7:02,3:39,17,,28:37,28.62
2022,Feb-22,8,8-2022,8,18,2022-02-24,Thu,60%,64%,0%,808,-14%,448,-19%,360,-8%,695,363,349,332,316,,573,102,5,17.4,69%,1:19,,,14:17,14.28,10,4,3.9%,0,0,0.0%,58%,3:35,2:11,16,,21:07,21.12
2022,Feb-22,8,8-2022,8,19,2022-02-25,Fri,68%,71%,0%,619,-26%,357,-25%,262,-26%,461,268,250,193,187,,526,73,5,11.5,68%,1:20,,,13:08,13.13,16,2,6.7%,0,0,0.0%,76%,2:17,1:29,6,,19:11,19.18
2022,Feb-22,8,8-2022,8,,2022-02-26,Sat,,,,,,,,,,,,,,,,179,24,1,,,,,,,,,,,,,,,,,,,,
2022,Feb-22,8,9-2022,9,,2022-02-27,Sun,,,,,,,,,,,,,,,,144,20,2,,,,,,,,,,,,,,,,,,,,
2022,Feb-22,9,9-2022,9,20,2022-02-28,Mon,60%,62%,0%,784,-8%,462,0%,322,-19%,724,464,428,260,251,,719,77,14,16.8,64%,1:40,,,13:22,13.37,31,5,7.8%,0,0,0.0%,59%,3:42,1:57,9,,25:03,25.05
2022,Mar-22,9,9-2022,9,1,2022-03-01,Tue,50%,52%,0%,1063,-18%,613,-14%,450,-23%,875,530,484,345,332,,815,90,9,18.2,52%,2:02,,,15:05,15.08,42,4,8.7%,0,0,0.0%,51%,4:34,2:37,13,,25:35,25.58
2022,Mar-22,9,9-2022,9,2,2022-03-02,Wed,44%,46%,0%,978,-16%,553,-12%,425,-22%,820,489,440,331,304,,813,89,12,17.6,47%,3:12,,,16:13,16.22,48,1,10.0%,0,0,0.0%,44%,5:49,3:12,27,,24:00,24.00
2022,Mar-22,9,9-2022,9,3,2022-03-03,Thu,40%,42%,0%,874,-18%,489,-19%,385,-16%,716,394,342,322,297,,693,99,7,16.7,40%,2:34,,,15:08,15.13,49,3,13.2%,0,0,0.0%,44%,7:20,3:39,25,,26:48,26.80
2022,Mar-22,9,9-2022,9,4,2022-03-04,Fri,43%,44%,0%,664,-6%,390,0%,274,-14%,627,391,346,236,225,,609,86,8,15.9,38%,2:51,,,14:53,14.88,45,0,11.5%,0,0,0.0%,55%,3:50,2:12,11,,22:34,22.57
2022,Mar-22,9,9-2022,9,,2022-03-05,Sat,,,,,,,,,,,,,,,,142,13,2,,,,,,,,,,,,,,,,,,,,
2022,Mar-22,9,10-2022,10,,2022-03-06,Sun,,,,,,,,,,,,,,,,153,18,6,,,,,,,,,,,,,,,,,,,,
2022,Mar-22,10,10-2022,10,5,2022-03-07,Mon,22%,21%,0%,812,-7%,477,-5%,335,-11%,753,455,372,298,255,,776,90,16,20.1,21%,6:37,,,12:36,12.60,81,2,18.2%,0,0,0.0%,20%,16:35,7:23,43,,29:59,29.98
2022,Mar-22,10,10-2022,10,6,2022-03-08,Tue,60%,64%,0%,902,-20%,516,-20%,386,-20%,720,412,389,308,301,,732,87,8,16.4,59%,1:49,,,13:15,13.25,21,2,5.6%,0,0,0.0%,71%,2:21,1:39,7,,22:12,22.20
2022,Mar-22,10,10-2022,10,7,2022-03-09,Wed,44%,46%,0%,864,-16%,482,-11%,382,-21%,728,427,373,301,290,,688,87,9,16.2,41%,3:11,,,13:25,13.42,52,2,12.6%,0,0,0.0%,54%,5:53,3:06,11,,26:04,26.07
2022,Mar-22,10,10-2022,10,8,2022-03-10,Thu,43%,47%,0%,802,-15%,443,-11%,359,-21%,681,396,349,285,270,,683,106,11,16.2,39%,2:54,,,15:04,15.07,40,7,11.9%,0,0,0.0%,57%,5:09,2:57,15,,24:47,24.78
2022,Mar-22,10,10-2022,10,9,2022-03-11,Fri,67%,71%,0%,627,-16%,361,-16%,266,-15%,527,302,284,225,223,,476,53,5,13.2,66%,1:29,,,13:48,13.80,14,4,6.0%,0,0,0.0%,78%,1:53,1:35,2,,23:53,23.88
2022,Mar-22,10,10-2022,10,,2022-03-12,Sat,,,,,,,,,,,,,,,,130,11,2,,,,,,,,,,,,,,,,,,,,
2022,Mar-22,10,11-2022,11,,2022-03-13,Sun,,,,,,,,,,,,,,,,126,12,3,,,,,,,,,,,,,,,,,,,,
2022,Mar-22,11,11-2022,11,10,2022-03-14,Mon,37%,40%,0%,809,-16%,475,-13%,334,-20%,682,415,368,267,243,,547,113,16,15.7,40%,3:04,,,14:03,14.05,44,3,11.3%,0,0,0.0%,40%,8:18,4:31,24,,25:52,25.87
2022,Mar-22,11,11-2022,11,11,2022-03-15,Tue,23%,23%,0%,850,-20%,483,-19%,367,-20%,683,391,313,292,259,,647,90,9,18.5,20%,6:05,,,12:59,12.98,78,0,19.9%,0,0,0.0%,27%,13:50,5:34,33,,34:20,34.33
2022,Mar-22,11,11-2022,11,12,2022-03-16,Wed,42%,44%,0%,829,-20%,462,-11%,367,-32%,663,412,359,251,240,,675,70,14,17.7,41%,2:55,,,13:15,13.25,48,5,12.9%,0,0,0.0%,49%,5:33,2:58,11,,25:00,25.00
2022,Mar-22,11,11-2022,11,13,2022-03-17,Thu,53%,59%,0%,773,-23%,430,-16%,343,-32%,593,360,333,233,229,,656,84,8,16.0,56%,1:51,,,12:02,12.03,23,4,7.5%,0,0,0.0%,63%,3:08,1:57,4,,22:53,22.88
2022,Mar-22,11,11-2022,11,14,2022-03-18,Fri,41%,44%,0%,614,-31%,357,-28%,257,-35%,424,256,236,168,156,,480,53,8,12.5,48%,2:52,,,13:30,13.50,18,2,7.8%,0,0,0.0%,38%,8:06,3:49,12,,27:30,27.50
2022,Mar-22,11,11-2022,11,,2022-03-19,Sat,,,,,,,,,,,,,,,,137,13,1,,,,,,,,,,,,,,,,,,,,
2022,Mar-22,11,12-2022,12,,2022-03-20,Sun,,,,,,,,,,,,,,,,122,14,4,,,,,,,,,,,,,,,,,,,,
2022,Mar-22,12,12-2022,12,15,2022-03-21,Mon,50%,54%,0%,765,-16%,449,-14%,316,-20%,640,387,352,253,242,,595,73,17,16.6,54%,2:27,,,13:23,13.38,32,3,9.0%,0,0,0.0%,53%,5:15,3:06,11,,25:11,25.18
2022,Mar-22,12,12-2022,12,16,2022-03-22,Tue,54%,61%,0%,814,-13%,469,-20%,345,-4%,707,375,330,332,320,,745,110,14,16.4,55%,1:47,,,10:07,10.12,25,20,12.0%,0,0,0.0%,67%,4:31,2:31,12,,25:13,25.22
2022,Mar-22,12,12-2022,12,17,2022-03-23,Wed,49%,54%,0%,787,-18%,446,-19%,341,-16%,649,363,325,286,277,,736,95,14,15.5,54%,2:00,,,14:49,14.82,35,3,10.5%,0,0,0.0%,54%,4:43,2:30,9,,24:29,24.48
2022,Mar-22,12,12-2022,12,18,2022-03-24,Thu,48%,53%,0%,790,-25%,440,-18%,350,-34%,592,362,329,230,222,,616,89,7,13.6,48%,2:16,,,14:03,14.05,27,6,9.1%,0,0,0.0%,60%,3:28,2:07,8,,23:36,23.60
2022,Mar-22,12,12-2022,12,19,2022-03-25,Fri,44%,47%,0%,600,-16%,346,-10%,254,-23%,507,311,260,196,188,,579,62,12,12.5,40%,3:06,,,14:43,14.72,49,2,16.4%,0,0,0.0%,59%,4:02,2:07,8,,26:49,26.82
2022,Mar-22,12,12-2022,12,,2022-03-26,Sat,,,,,,,,,,,,,,,,,22,5,,,,,,,,,,,,,,,,,,,,
2022,Mar-22,12,13-2022,13,,2022-03-27,Sun,,,,,,,,,,,,,,,,,24,5,,,,,,,,,,,,,,,,,,,,
2022,Mar-22,13,13-2022,13,20,2022-03-28,Mon,30%,32%,0%,769,-19%,456,-23%,313,-12%,625,349,301,276,250,,537,99,18,16.7,35%,3:21,,,13:44,13.73,46,2,13.8%,0,0,0.0%,28%,11:37,5:27,26,,31:17,31.28
2022,Mar-22,13,13-2022,13,21,2022-03-29,Tue,33%,36%,0%,854,-24%,481,-19%,373,-30%,651,389,319,262,243,,749,89,7,18.1,36%,3:46,,,12:19,12.32,68,2,18.0%,0,0,0.0%,36%,7:22,3:38,19,,26:26,26.43
2022,Mar-22,13,13-2022,13,22,2022-03-30,Wed,43%,46%,0%,802,-19%,458,-14%,344,-26%,650,396,355,254,246,,612,89,9,16.0,40%,2:49,,,13:59,13.98,39,2,10.4%,0,0,0.0%,56%,5:07,2:51,8,,24:28,24.47
2022,Mar-22,13,13-2022,13,23,2022-03-31,Thu,24%,25%,0%,709,-9%,404,2%,305,-24%,647,414,346,233,208,,722,74,14,18.0,22%,5:05,,,14:11,14.18,66,2,16.4%,0,0,0.0%,30%,13:19,6:19,25,,33:11,33.18
2022,Apr-22,13,13-2022,13,1,2022-04-01,Fri,39%,40%,0%,792,-15%,466,-10%,326,-22%,675,420,364,255,244,,662,43,10,18.8,36%,2:44,,,12:19,12.32,55,1,13.3%,0,0,0.0%,46%,4:43,2:13,11,,24:43,24.72
2022,Apr-22,13,13-2022,13,,2022-04-02,Sat,,,,,,,,,,,,,,,,,15,5,,,,,,,,,,,,,,,,,,,,
2022,Apr-22,13,14-2022,14,,2022-04-03,Sun,,,,,,,,,,,,,,,,,8,5,,,,,,,,,,,,,,,,,,,,
2022,Apr-22,14,14-2022,14,2,2022-04-04,Mon,18%,17%,0%,943,-6%,555,-5%,388,-7%,890,528,417,362,305,,824,96,13,23.0,17%,5:51,,,11:31,11.52,111,0,21.0%,1,0,0.2%,17%,14:01,7:45,57,,27:56,27.93
2022,Apr-22,14,14-2022,14,3,2022-04-05,Tue,20%,20%,0%,919,-12%,523,-10%,396,-14%,811,471,372,340,301,,799,99,9,22.2,22%,5:37,,,13:03,13.05,97,2,21.0%,0,0,0.0%,18%,13:46,6:02,39,,28:56,28.93
2022,Apr-22,14,14-2022,14,4,2022-04-06,Wed,37%,38%,0%,827,-19%,475,-15%,352,-25%,670,405,344,265,250,,711,73,8,18.4,34%,3:45,,,12:47,12.78,57,4,15.1%,0,0,0.0%,45%,7:42,3:48,15,,28:33,28.55
2022,Apr-22,14,14-2022,14,5,2022-04-07,Thu,42%,44%,0%,764,-9%,430,-6%,334,-13%,693,404,362,289,269,,682,79,15,18.7,48%,1:58,,,12:13,12.22,38,4,10.4%,0,0,0.0%,39%,9:41,4:51,20,,29:51,29.85
2022,Apr-22,14,14-2022,14,6,2022-04-08,Fri,58%,62%,0%,665,-28%,388,-26%,277,-29%,482,286,265,196,184,,521,54,5,13.0,58%,2:07,,,13:46,13.77,17,4,7.3%,0,0,0.0%,67%,3:18,2:12,12,,21:12,21.20
2022,Apr-22,14,14-2022,14,,2022-04-09,Sat,,,,,,,,,,,,,,,,,11,7,,,,,,,,,,,,,,,,,,,,
2022,Apr-22,14,15-2022,15,,2022-04-10,Sun,,,,,,,,,,,,,,,,,17,3,,,,,,,,,,,,,,,,,,,,
2022,Apr-22,15,15-2022,15,7,2022-04-11,Mon,29%,30%,0%,835,-15%,486,-15%,349,-15%,710,412,345,298,255,,624,82,18,18.1,29%,3:53,,,13:55,13.92,66,1,16.3%,0,0,0.0%,31%,16:29,6:24,43,,33:54,33.90
2022,Apr-22,15,15-2022,15,8,2022-04-12,Tue,44%,48%,0%,840,-23%,473,-19%,367,-29%,645,384,349,261,249,,665,71,4,15.4,48%,2:12,,,15:00,15.00,33,2,9.1%,0,0,0.0%,47%,8:00,3:21,12,,30:25,30.42
2022,Apr-22,15,15-2022,15,9,2022-04-13,Wed,39%,40%,0%,781,-14%,440,-8%,341,-21%,674,406,351,268,258,,570,59,17,16.1,33%,2:50,,,13:33,13.55,52,3,13.5%,0,0,0.0%,51%,5:53,3:14,10,,23:12,23.20
2022,Apr-22,15,15-2022,15,10,2022-04-14,Thu,63%,66%,0%,756,-18%,424,-8%,332,-30%,622,391,372,231,222,,465,52,12,14.5,64%,1:19,,,13:42,13.70,14,5,4.9%,0,0,0.0%,69%,2:33,1:46,9,,25:57,25.95
2022,Apr-22,15,15-2022,15,11,2022-04-15,Fri,78%,83%,0%,625,-41%,362,-35%,263,-49%,369,235,228,134,134,,344,37,6,9.7,75%,1:16,,,15:34,15.57,5,2,3.0%,0,0,0.0%,96%,0:58,1:09,0,,21:05,21.08
2022,Apr-22,15,15-2022,15,,2022-04-16,Sat,,,,,,,,,,,,,,,,92,17,1,,,,,,,,,,,,,,,,,,,,
2022,Apr-22,15,16-2022,16,,2022-04-17,Sun,,,,,,,,,,,,,,,,93,16,4,,,,,,,,,,,,,,,,,,,,
2022,Apr-22,16,16-2022,16,12,2022-04-18,Mon,51%,52%,0%,799,-30%,463,-21%,336,-42%,562,366,323,196,188,,534,56,17,14.1,49%,2:17,,,13:21,13.35,38,5,11.7%,0,0,0.0%,59%,5:35,3:05,8,,25:32,25.53
2022,Apr-22,16,16-2022,16,13,2022-04-19,Tue,61%,63%,0%,810,-30%,460,-28%,350,-33%,566,331,304,235,230,,629,64,9,13.8,62%,1:51,,,14:26,14.43,21,6,8.2%,0,0,0.0%,64%,3:54,2:35,5,,21:38,21.63
2022,Apr-22,16,16-2022,16,14,2022-04-20,Wed,47%,48%,0%,760,-14%,432,-15%,328,-13%,651,366,332,285,269,,576,78,9,15.7,48%,2:10,,,14:46,14.77,31,3,9.3%,0,0,0.0%,47%,6:01,3:02,16,,25:58,25.97
2022,Apr-22,16,16-2022,16,15,2022-04-21,Thu,56%,58%,0%,719,-11%,404,-6%,315,-17%,642,381,349,261,250,,575,69,9,14.9,56%,1:53,,,14:14,14.23,29,3,8.4%,0,0,0.0%,60%,6:22,3:39,11,,25:45,25.75
2022,Apr-22,16,16-2022,16,16,2022-04-22,Fri,70%,71%,0%,602,-18%,353,-17%,249,-19%,494,292,284,202,198,,467,41,6,10.7,77%,0:58,,,13:18,13.30,6,2,2.7%,0,0,0.0%,63%,3:13,1:57,4,,25:34,25.57
2022,Apr-22,16,16-2022,16,,2022-04-23,Sat,,,,,,,,,,,,,,,,142,15,4,,,,,,,,,,,,,,,,,,,,
2022,Apr-22,16,17-2022,17,,2022-04-24,Sun,,,,,,,,,,,,,,,,128,15,4,,,,,,,,,,,,,,,,,,,,
2022,Apr-22,17,17-2022,17,17,2022-04-25,Mon,57%,58%,0%,761,-15%,449,-20%,312,-8%,644,358,324,286,276,,654,79,16,15.9,56%,2:12,,,14:47,14.78,33,1,9.5%,0,0,0.0%,61%,3:44,2:12,10,,22:02,22.03
2022,Apr-22,17,17-2022,17,18,2022-04-26,Tue,61%,63%,0%,826,-21%,466,-17%,360,-27%,651,388,362,263,256,,587,72,12,15.9,59%,2:18,,,14:36,14.60,22,4,6.7%,0,0,0.0%,70%,3:12,1:50,7,,24:38,24.63
2022,Apr-22,17,17-2022,17,19,2022-04-27,Wed,52%,52%,0%,751,-15%,425,-11%,326,-20%,641,379,348,262,254,,560,56,9,15.1,53%,1:56,,,14:34,14.57,25,6,8.2%,0,0,0.0%,50%,5:00,2:42,8,,26:45,26.75
2022,Apr-22,17,17-2022,17,20,2022-04-28,Thu,59%,60%,0%,719,-16%,407,-21%,312,-9%,607,323,301,284,270,,550,66,9,14.1,63%,2:01,,,14:23,14.38,21,1,6.8%,0,0,0.0%,57%,4:46,2:40,14,,23:44,23.73
2022,Apr-22,17,17-2022,17,21,2022-04-29,Fri,62%,64%,0%,634,-28%,365,-28%,269,-27%,459,262,247,197,189,,531,69,9,11.2,62%,1:58,,,15:00,15.00,12,3,5.7%,0,0,0.0%,66%,3:50,2:20,8,,25:37,25.62
2022,Apr-22,17,17-2022,17,,2022-04-30,Sat,,,,,,,,,,,,,,,,129,15,2,,,,,,,,,,,,,,,,,,,,
2022,May-22,17,18-2022,18,,2022-05-01,Sun,,,,,,,,,,,,,,,,159,23,5,,,,,,,,,,,,,,,,,,,,
2022,May-22,18,18-2022,18,1,2022-05-02,Mon,51%,52%,0%,1028,-29%,617,-32%,411,-24%,734,420,387,314,294,,734,62,18,19.1,55%,2:08,,,14:32,14.53,30,3,7.9%,0,0,0.0%,49%,5:49,3:08,20,,27:50,27.83
2022,May-22,18,18-2022,18,2,2022-05-03,Tue,52%,54%,0%,998,-25%,569,-26%,429,-24%,747,419,389,328,319,,682,85,8,16.2,54%,2:04,,,16:29,16.48,28,2,7.2%,0,0,0.0%,55%,3:47,2:15,9,,24:15,24.25
2022,May-22,18,18-2022,18,3,2022-05-04,Wed,62%,65%,0%,915,-21%,518,-17%,397,-27%,719,430,403,289,278,,677,82,16,15.1,63%,1:15,,,16:13,16.22,23,4,6.3%,0,0,0.0%,69%,2:48,1:57,11,,22:54,22.90
2022,May-22,18,18-2022,18,4,2022-05-05,Thu,59%,62%,0%,802,-9%,457,-1%,345,-19%,733,452,425,281,271,,705,104,11,15.9,61%,1:33,,,13:39,13.65,25,2,6.0%,0,0,0.0%,63%,3:43,2:15,10,,24:37,24.62
2022,May-22,18,18-2022,18,5,2022-05-06,Fri,61%,62%,0%,638,-23%,372,-16%,266,-33%,491,312,292,179,173,,501,79,8,10.7,53%,2:11,,,16:43,16.72,18,2,6.4%,0,0,0.0%,77%,2:42,2:10,6,,24:51,24.85
2022,May-22,18,18-2022,18,,2022-05-07,Sat,,,,,,,,,,,,,,,,111,19,1,,,,,,,,,,,,,,,,,,,,
2022,May-22,18,19-2022,19,,2022-05-08,Sun,,,,,,,,,,,,,,,,84,17,5,,,,,,,,,,,,,,,,,,,,
2022,May-22,19,19-2022,19,6,2022-05-09,Mon,38%,36%,0%,863,-11%,511,-11%,352,-10%,771,453,385,318,294,,733,64,20,17.7,29%,4:23,,,14:14,14.23,64,4,15.0%,0,0,0.0%,47%,7:13,3:52,24,,29:18,29.30
2022,May-22,19,19-2022,19,7,2022-05-10,Tue,65%,68%,0%,879,-28%,494,-20%,385,-38%,633,393,374,240,234,,653,98,7,13.2,65%,1:39,,,16:16,16.27,16,3,4.8%,0,0,0.0%,74%,2:29,1:48,6,,27:25,27.42
2022,May-22,19,19-2022,19,8,2022-05-11,Wed,38%,38%,0%,837,-16%,468,-14%,369,-20%,701,404,350,297,281,,677,85,15,17.7,37%,3:11,,,13:23,13.38,50,4,13.4%,0,0,0.0%,39%,6:23,3:17,16,,28:53,28.88
2022,May-22,19,19-2022,19,9,2022-05-12,Thu,33%,33%,0%,759,-3%,424,-1%,335,-5%,736,418,351,318,291,,639,101,12,19.4,34%,3:14,,,16:02,16.03,62,5,16.0%,0,0,0.0%,31%,9:16,4:49,27,,29:11,29.18
2022,May-22,19,19-2022,19,10,2022-05-13,Fri,34%,33%,0%,632,-4%,366,-3%,266,-5%,608,354,306,254,226,,480,79,14,17.4,30%,3:43,,,13:51,13.85,45,3,13.6%,0,0,0.0%,38%,11:24,6:32,28,,28:48,28.80
2022,May-22,19,19-2022,19,,2022-05-14,Sat,,,,,,,,,,,,,,,,126,15,4,,,,,,,,,,,,,,,,,,,,
2022,May-22,19,20-2022,20,,2022-05-15,Sun,,,,,,,,,,,,,,,,93,17,1,,,,,,,,,,,,,,,,,,,,
2022,May-22,20,20-2022,20,11,2022-05-16,Mon,23%,22%,0%,812,-10%,478,-9%,334,-12%,728,434,348,294,243,,632,87,16,22.4,22%,4:25,,,12:22,12.37,83,3,19.8%,0,0,0.0%,23%,18:32,9:15,51,,34:12,34.20
2022,May-22,20,20-2022,20,12,2022-05-17,Tue,40%,43%,0%,843,-18%,477,-9%,366,-30%,691,436,388,255,240,,623,98,6,17.9,37%,3:39,,,14:57,14.95,46,2,11.0%,0,0,0.0%,52%,8:03,4:21,15,,29:46,29.77
2022,May-22,20,20-2022,20,13,2022-05-18,Wed,51%,54%,0%,806,-13%,455,-8%,351,-19%,702,418,375,284,266,,606,85,7,18.5,50%,2:14,,,15:13,15.22,35,8,10.3%,0,0,0.0%,60%,4:53,2:44,18,,23:50,23.83
2022,May-22,20,20-2022,20,14,2022-05-19,Thu,69%,75%,0%,740,-18%,418,-17%,322,-20%,604,345,325,259,255,,567,76,8,15.2,72%,1:14,,,13:35,13.58,15,5,5.8%,0,0,0.0%,80%,2:12,1:56,4,,25:42,25.70
2022,May-22,20,20-2022,20,15,2022-05-20,Fri,47%,50%,0%,601,-13%,349,-8%,252,-20%,522,320,279,202,192,,466,69,12,14.7,47%,2:50,,,16:25,16.42,39,2,12.8%,0,0,0.0%,56%,4:27,2:37,10,,22:32,22.53
2022,May-22,20,20-2022,20,,2022-05-21,Sat,,,,,,,,,,,,,,,,113,8,2,,,,,,,,,,,,,,,,,,,,
2022,May-22,20,21-2022,21,,2022-05-22,Sun,,,,,,,,,,,,,,,,107,22,10,,,,,,,,,,,,,,,,,,,,
2022,May-22,21,21-2022,21,16,2022-05-23,Mon,12%,10%,0%,793,17%,474,13%,319,24%,929,534,377,395,295,,619,128,20,25.8,9%,8:15,,,12:37,12.62,155,2,29.4%,,,,12%,23:25,11:34,100,,33:11,33.18
2022,May-22,21,21-2022,21,17,2022-05-24,Tue,55%,61%,0%,802,-15%,459,-10%,343,-20%,684,411,378,273,268,,662,92,9,17.1,56%,1:35,,,13:52,13.87,27,6,8.0%,,,,68%,2:22,1:50,5,,20:05,20.08
2022,May-22,21,21-2022,21,18,2022-05-25,Wed,61%,66%,0%,827,-23%,468,-17%,359,-31%,636,389,361,247,243,,558,73,10,17.2,63%,1:27,,,13:23,13.38,21,7,7.2%,,,,70%,2:22,1:44,4,,20:25,20.42
2022,May-22,21,21-2022,21,19,2022-05-26,Thu,49%,53%,0%,731,-8%,412,0%,319,-17%,674,410,367,264,252,,579,71,10,17.4,51%,2:09,,,14:40,14.67,41,2,10.5%,,,,55%,4:55,2:49,12,,25:03,25.05
2022,May-22,21,21-2022,21,20,2022-05-27,Fri,71%,77%,0%,602,-26%,352,-30%,250,-21%,446,248,242,198,191,,589,48,4,12.6,77%,1:00,,,14:35,14.58,4,2,2.4%,,,,77%,2:30,1:36,7,,21:56,21.93
2022,May-22,21,21-2022,21,,2022-05-28,Sat,,,,,,,,,,,,,,,,93,11,2,,,,,,,,,,,,,,,,,,,,
2022,May-22,21,22-2022,22,,2022-05-29,Sun,,,,,,,,,,,,,,,,97,47,1,,,,,,,,,,,,,,,,,,,,
2022,May-22,22,22-2022,22,,2022-05-30,Mon,,,,,,,,,,,,,,,,273,36,8,,,,,,,,,,,,,,,,,,,,
2022,May-22,22,22-2022,22,21,2022-05-31,Tue,36%,38%,0%,852,-8%,486,-1%,366,-18%,780,479,420,301,271,,678,101,30,21.7,39%,3:12,,,13:23,13.38,59,0,12.3%,,,,37%,10:48,5:20,30,,28:35,28.58
2022,Jun-22,22,22-2022,22,1,2022-06-01,Wed,23%,24%,0%,1055,-13%,610,-13%,445,-13%,916,531,459,385,335,,824,110,10,24.9,27%,3:47,,,13:35,13.58,70,2,13.6%,,,,19%,18:33,8:21,50,,34:20,34.33
2022,Jun-22,22,22-2022,22,2,2022-06-02,Thu,22%,22%,0%,948,-16%,534,-16%,414,-16%,797,451,382,346,311,,697,110,7,22.5,22%,4:34,,,12:44,12.73,68,1,15.3%,,,,23%,13:21,6:36,35,,31:24,31.40
2022,Jun-22,22,22-2022,22,3,2022-06-03,Fri,64%,68%,0%,726,-28%,423,-23%,303,-36%,520,325,302,195,192,,552,42,15,14.9,60%,1:43,,,13:07,13.12,19,4,7.1%,,,,81%,2:12,1:32,3,,21:28,21.47
2022,Jun-22,22,22-2022,22,,2022-06-04,Sat,,,,,,,,,,,,,,,,106,9,3,,,,,,,,,,,,,,,,,,,,
2022,Jun-22,22,23-2022,23,,2022-06-05,Sun,,,,,,,,,,,,,,,,83,17,4,,,,,,,,,,,,,,,,,,,,
2022,Jun-22,23,23-2022,23,4,2022-06-06,Mon,9%,8%,0%,871,4%,523,4%,348,3%,904,546,382,358,237,,672,93,28,31.2,6%,9:52,,,11:22,11.37,164,0,30.0%,,,,11%,34:48,16:44,121,,38:01,38.02
2022,Jun-22,23,23-2022,23,5,2022-06-07,Tue,20%,21%,0%,862,-1%,495,-3%,367,3%,857,480,349,377,280,,720,89,28,26.0,19%,7:38,,,11:38,11.63,128,3,27.3%,,,,23%,24:38,10:48,97,,34:24,34.40
2022,Jun-22,23,23-2022,23,6,2022-06-08,Wed,22%,22%,0%,896,-14%,513,-12%,383,-15%,775,449,374,326,283,,693,84,6,23.8,24%,5:03,,,13:55,13.92,72,3,16.7%,,,,20%,16:49,6:51,43,,30:52,30.87
2022,Jun-22,23,23-2022,23,7,2022-06-09,Thu,25%,26%,0%,836,-8%,466,-3%,370,-15%,766,450,370,316,292,,631,81,10,21.4,24%,5:28,,,13:20,13.33,79,1,17.8%,,,,30%,12:04,6:02,24,,30:02,30.03
2022,Jun-22,23,23-2022,23,8,2022-06-10,Fri,59%,63%,0%,665,-18%,383,-15%,282,-22%,546,327,298,219,212,,457,62,10,16.5,63%,1:54,,,14:54,14.90,26,3,8.9%,,,,64%,4:00,2:34,7,,24:02,24.03
2022,Jun-22,23,23-2022,23,,2022-06-11,Sat,,,,,,,,,,,,,,,,61,10,5,,,,,,,,,,,,,,,,,,,,
2022,Jun-22,23,24-2022,24,,2022-06-12,Sun,,,,,,,,,,,,,,,,132,10,4,,,,,,,,,,,,,,,,,,,,
2022,Jun-22,24,24-2022,24,9,2022-06-13,Mon,35%,38%,0%,820,-11%,483,-9%,337,-13%,731,439,350,292,241,,551,74,30,22.7,38%,4:07,,,12:42,12.70,83,6,20.3%,,,,37%,13:35,7:29,51,,31:50,31.83
2022,Jun-22,24,24-2022,24,10,2022-06-14,Tue,35%,37%,0%,856,1%,488,-7%,368,10%,861,455,412,406,387,,727,83,13,25.3,38%,3:15,,,12:34,12.57,42,1,9.5%,,,,35%,7:52,4:17,19,,26:19,26.32
2022,Jun-22,24,24-2022,24,11,2022-06-15,Wed,56%,60%,0%,842,-17%,480,-10%,362,-25%,701,430,383,271,268,,700,66,13,19.5,51%,1:49,,,11:08,11.13,43,4,10.9%,,,,73%,2:15,1:39,3,,22:40,22.67
2022,Jun-22,24,24-2022,24,12,2022-06-16,Thu,34%,37%,0%,803,-14%,450,-6%,353,-25%,689,424,349,265,245,,617,75,6,20.9,33%,4:15,,,11:24,11.40,73,2,17.7%,,,,44%,8:01,3:54,20,,30:23,30.38
2022,Jun-22,24,24-2022,24,13,2022-06-17,Fri,20%,19%,0%,643,-7%,373,-11%,270,-1%,600,332,250,268,198,,509,48,11,23.1,18%,6:23,,,11:35,11.58,79,3,24.7%,,,,21%,19:42,8:27,70,,29:58,29.97
2022,Jun-22,24,24-2022,24,,2022-06-18,Sat,,,,,,,,,,,,,,,,89,15,4,,,,,,,,,,,,,,,,,,,,
2022,Jun-22,24,25-2022,25,,2022-06-19,Sun,,,,,,,,,,,,,,,,78,18,4,,,,,,,,,,,,,,,,,,,,
2022,Jun-22,25,25-2022,25,14,2022-06-20,Mon,61%,65%,0%,792,-27%,471,-21%,321,-36%,578,373,348,205,199,,548,63,25,16.1,61%,1:52,,,13:04,13.07,18,7,6.7%,,,,72%,2:58,2:04,6,,21:53,21.88
2022,Jun-22,25,25-2022,25,15,2022-06-21,Tue,67%,70%,0%,808,-17%,463,-16%,345,-19%,670,389,375,281,275,,616,63,13,17.3,77%,1:09,,,12:29,12.48,11,3,3.6%,,,,61%,2:55,1:53,6,,23:23,23.38
2022,Jun-22,25,25-2022,25,16,2022-06-22,Wed,70%,73%,0%,811,-22%,467,-24%,344,-18%,636,353,341,283,278,,612,79,12,16.3,68%,1:30,,,12:53,12.88,10,2,3.4%,,,,80%,1:41,1:28,5,,19:56,19.93
2022,Jun-22,25,25-2022,25,17,2022-06-23,Thu,58%,60%,0%,762,-7%,430,-10%,332,-3%,708,386,353,322,313,,620,62,13,19.3,55%,1:50,,,11:41,11.68,29,4,8.5%,,,,67%,3:20,2:07,9,,21:51,21.85
2022,Jun-22,25,25-2022,25,18,2022-06-24,Fri,58%,60%,0%,656,-13%,380,-16%,276,-8%,571,318,293,253,244,,561,83,8,15.4,64%,2:04,,,12:42,12.70,22,3,7.9%,,,,55%,4:02,2:19,9,,21:40,21.67
2022,Jun-22,25,25-2022,25,,2022-06-25,Sat,,,,,,,,,,,,,,,,89,15,2,,,,,,,,,,,,,,,,,,,,
2022,Jun-22,25,26-2022,26,,2022-06-26,Sun,,,,,,,,,,,,,,,,81,18,3,,,,,,,,,,,,,,,,,,,,
2022,Jun-22,26,26-2022,26,19,2022-06-27,Mon,52%,54%,0%,780,-13%,461,-10%,319,-18%,677,415,373,262,244,,599,73,20,17.4,52%,2:09,,,14:57,14.95,36,6,10.1%,,,,56%,5:09,2:47,18,,25:24,25.40
2022,Jun-22,26,26-2022,26,20,2022-06-28,Tue,51%,51%,0%,807,-18%,465,-15%,342,-22%,659,393,365,266,256,,654,74,16,17.2,50%,2:13,,,14:04,14.07,25,3,7.1%,,,,53%,4:58,2:31,10,,26:26,26.43
2022,Jun-22,26,26-2022,26,21,2022-06-29,Wed,64%,65%,0%,855,-15%,487,-14%,368,-17%,728,421,397,307,304,,687,74,7,18.2,62%,1:34,,,13:52,13.87,21,3,5.7%,,,,69%,2:54,2:02,3,,24:20,24.33
2022,Jun-22,26,26-2022,26,22,2022-06-30,Thu,65%,66%,0%,778,-14%,445,-4%,333,-26%,672,427,397,245,237,,724,81,10,17.7,63%,1:35,,,13:51,13.85,24,6,7.0%,,,,71%,2:49,2:00,8,,26:22,26.37
2022,Jul-22,26,26-2022,26,1,2022-07-01,Fri,71%,72%,0%,840,-29%,498,-28%,342,-30%,598,357,337,241,232,,599,49,9,15.9,67%,1:24,,,15:38,15.63,16,4,5.6%,,,,79%,2:45,2:04,9,,24:33,24.55
2022,Jul-22,26,26-2022,26,,2022-07-02,Sat,,,,,,,,,,,,,,,,132,23,1,,,,,,,,,,,,,,,,,,,,
2022,Jul-22,26,27-2022,27,,2022-07-03,Sun,,,,,,,,,,,,,,,,123,10,3,,,,,,,,,,,,,,,,,,,,
2022,Jul-22,27,27-2022,27,,2022-07-04,Mon,,,,,,,,,,,,,,,,205,29,5,,,,,,,,,,,,,,,,,,,,
2022,Jul-22,27,27-2022,27,2,2022-07-05,Tue,23%,21%,0%,1051,-16%,604,-8%,447,-25%,888,553,465,335,302,,755,90,29,24.0,18%,4:38,,,13:14,13.23,84,4,15.9%,,,,27%,12:07,5:33,33,,33:31,33.52
2022,Jul-22,27,27-2022,27,3,2022-07-06,Wed,58%,59%,0%,955,-23%,545,-22%,410,-24%,740,427,390,313,302,,761,75,11,18.7,53%,2:21,,,14:05,14.08,34,3,8.7%,,,,67%,2:44,2:01,11,,25:49,25.82
2022,Jul-22,27,27-2022,27,4,2022-07-07,Thu,76%,78%,0%,852,-21%,491,-18%,361,-26%,670,402,385,268,262,,764,74,12,15.9,76%,1:05,,,13:13,13.22,10,7,4.2%,,,,82%,1:26,1:26,6,,21:23,21.38
2022,Jul-22,27,27-2022,27,5,2022-07-08,Fri,49%,49%,0%,669,-17%,392,-13%,277,-24%,553,342,307,211,206,,596,47,7,17.0,42%,2:45,,,13:06,13.10,30,5,10.2%,,,,61%,4:01,2:17,5,,27:54,27.90
2022,Jul-22,27,27-2022,27,,2022-07-09,Sat,,,,,,,,,,,,,,,,101,20,4,,,,,,,,,,,,,,,,,,,,
2022,Jul-22,27,28-2022,28,,2022-07-10,Sun,,,,,,,,,,,,,,,,161,15,4,,,,,,,,,,,,,,,,,,,,
2022,Jul-22,28,28-2022,28,6,2022-07-11,Mon,60%,61%,0%,914,-16%,545,-16%,369,-16%,769,459,417,310,303,,730,82,21,18.8,55%,2:04,,,13:56,13.93,36,6,9.2%,,,,71%,2:36,2:00,7,,23:00,23.00
2022,Jul-22,28,28-2022,28,7,2022-07-12,Tue,60%,60%,0%,927,-19%,527,-16%,400,-24%,751,445,406,306,301,,816,60,10,18.5,59%,1:42,,,13:29,13.48,31,8,8.8%,,,,61%,4:06,2:24,5,,26:47,26.78
2022,Jul-22,28,28-2022,28,8,2022-07-13,Wed,71%,72%,0%,874,-17%,492,-7%,382,-30%,724,456,425,268,266,,823,73,3,17.2,65%,1:45,,,14:36,14.60,25,6,6.8%,,,,85%,1:32,1:45,2,,23:35,23.58
2022,Jul-22,28,28-2022,28,9,2022-07-14,Thu,57%,57%,0%,805,-9%,455,1%,350,-23%,729,460,428,269,264,,704,96,7,16.4,53%,2:18,,,13:25,13.42,28,4,7.0%,,,,64%,3:46,2:24,5,,26:31,26.52
2022,Jul-22,28,28-2022,28,10,2022-07-15,Fri,84%,87%,0%,662,-27%,385,-23%,277,-32%,482,295,284,187,184,,566,72,6,10.7,83%,0:56,,,13:22,13.37,5,6,3.7%,,,,93%,0:59,1:14,3,,20:28,20.47
2022,Jul-22,28,28-2022,28,,2022-07-16,Sat,,,,,,,,,,,,,,,,122,9,5,,,,,,,,,,,,,,,,,,,,
2022,Jul-22,28,29-2022,29,,2022-07-17,Sun,,,,,,,,,,,,,,,,133,18,2,,,,,,,,,,,,,,,,,,,,
2022,Jul-22,29,29-2022,29,11,2022-07-18,Mon,62%,62%,0%,854,-11%,506,-12%,348,-10%,760,446,410,314,308,,662,66,16,19.5,57%,1:47,,,13:22,13.37,35,1,8.1%,,,,70%,2:20,1:46,6,,24:56,24.93
2022,Jul-22,29,29-2022,29,12,2022-07-19,Tue,65%,65%,0%,882,-16%,501,-17%,381,-15%,739,416,391,323,310,,683,90,11,18.0,62%,1:37,,,14:18,14.30,21,4,6.0%,,,,68%,3:55,2:22,13,,24:16,24.27
2022,Jul-22,29,29-2022,29,13,2022-07-20,Wed,75%,76%,0%,844,-17%,479,-10%,365,-26%,702,432,415,270,264,,689,76,12,17.0,72%,1:18,,,11:54,11.90,9,8,3.9%,,,,82%,1:26,1:28,6,,23:15,23.25
2022,Jul-22,29,29-2022,29,14,2022-07-21,Thu,78%,80%,0%,774,-13%,440,-5%,334,-23%,675,418,403,257,252,,675,62,13,16.3,77%,1:06,,,13:15,13.25,14,1,3.6%,,,,85%,1:33,1:24,5,,24:08,24.13
2022,Jul-22,29,29-2022,29,15,2022-07-22,Fri,69%,69%,0%,629,-1%,368,2%,261,-5%,623,374,353,249,242,,633,59,12,15.2,66%,1:19,,,11:44,11.73,18,3,5.6%,,,,74%,2:10,1:39,7,,24:06,24.10
2022,Jul-22,29,29-2022,29,,2022-07-23,Sat,,,,,,,,,,,,,,,,159,17,3,,,,,,,,,,,,,,,,,,,,
2022,Jul-22,29,30-2022,30,,2022-07-24,Sun,,,,,,,,,,,,,,,,146,13,8,,,,,,,,,,,,,,,,,,,,
2022,Jul-22,30,30-2022,30,16,2022-07-25,Mon,58%,58%,0%,826,-12%,494,-8%,332,-17%,731,455,419,276,267,,591,127,24,19.2,55%,2:15,,,12:49,12.82,30,6,7.9%,,,,62%,3:38,2:04,9,,23:35,23.58
2022,Jul-22,30,30-2022,30,17,2022-07-26,Tue,80%,82%,0%,840,-20%,481,-17%,359,-24%,674,400,386,274,269,,589,70,9,15.7,78%,1:18,,,12:44,12.73,9,5,3.5%,,,,88%,1:39,1:32,5,,21:50,21.83
2022,Jul-22,30,30-2022,30,18,2022-07-27,Wed,72%,73%,0%,863,-21%,491,-15%,372,-29%,680,417,399,263,258,,698,69,13,16.5,72%,1:22,,,13:31,13.52,13,5,4.3%,,,,74%,2:05,1:34,5,,22:29,22.48
2022,Jul-22,30,30-2022,30,19,2022-07-28,Thu,77%,78%,0%,766,-12%,434,-11%,332,-13%,675,387,370,288,284,,492,70,12,15.0,76%,1:19,,,13:24,13.40,14,3,4.4%,,,,80%,1:36,1:30,4,,21:03,21.05
2022,Jul-22,30,30-2022,30,20,2022-07-29,Fri,71%,71%,0%,626,-19%,369,-8%,257,-35%,508,341,316,167,162,,592,106,11,11.0,68%,1:43,,,13:06,13.10,18,7,7.3%,,,,77%,2:10,1:43,5,,21:26,21.43
2022,Jul-22,30,30-2022,30,,2022-07-30,Sat,,,,,,,,,,,,,,,,146,20,4,,,,,,,,,,,,,,,,,,,,
2022,Jul-22,30,31-2022,31,,2022-07-31,Sun,,,,,,,,,,,,,,,,196,22,3,,,,,,,,,,,,,,,,,,,,
2022,Aug-22,31,31-2022,31,1,2022-08-01,Mon,72%,72%,0%,1098,-23%,660,-20%,438,-28%,841,527,511,314,303,,851,82,18,19.9,72%,1:24,,,12:53,12.88,14,2,3.0%,,,,73%,3:08,2:12,11,,20:10,20.17
2022,Aug-22,31,31-2022,31,2,2022-08-02,Tue,69%,69%,0%,1073,-26%,616,-24%,457,-30%,790,471,458,319,305,,753,95,12,18.6,74%,1:14,,,13:05,13.08,13,0,2.8%,,,,61%,3:05,2:05,14,,23:34,23.57
2022,Aug-22,31,31-2022,31,3,2022-08-03,Wed,76%,77%,0%,975,-18%,556,-11%,419,-27%,799,494,476,305,298,,703,96,10,16.8,75%,1:13,,,13:33,13.55,13,5,3.6%,,,,79%,2:08,1:34,7,,23:01,23.02
2022,Aug-22,31,31-2022,31,4,2022-08-04,Thu,64%,63%,0%,930,-23%,561,-25%,369,-20%,717,422,402,295,291,,719,67,5,16.1,65%,1:34,,,14:52,14.87,17,3,4.7%,,,,60%,3:51,2:07,4,,23:48,23.80
2022,Aug-22,31,31-2022,31,5,2022-08-05,Fri,82%,83%,0%,680,-34%,399,-31%,281,-37%,452,276,268,176,174,,525,106,10,10.1,83%,0:57,,,12:23,12.38,4,4,2.9%,,,,84%,1:29,1:31,2,,20:50,20.83
2022,Aug-22,31,31-2022,31,,2022-08-06,Sat,,,,,,,,,,,,,,,,134,25,4,,,,,,,,,,,,,,,,,,,,
2022,Aug-22,31,32-2022,32,,2022-08-07,Sun,,,,,,,,,,,,,,,,131,22,4,,,,,,,,,,,,,,,,,,,,
2022,Aug-22,32,32-2022,32,6,2022-08-08,Mon,46%,44%,0%,940,-20%,561,-20%,379,-20%,754,450,403,304,289,,712,103,17,20.4,39%,2:57,,,13:03,13.05,44,3,10.4%,,,,52%,4:29,2:30,15,,25:08,25.13
2022,Aug-22,32,32-2022,32,7,2022-08-09,Tue,61%,61%,0%,946,-25%,537,-21%,409,-29%,713,423,392,290,283,,699,87,11,17.2,57%,1:54,,,13:52,13.87,25,6,7.3%,,,,66%,3:09,1:58,7,,23:25,23.42
2022,Aug-22,32,32-2022,32,8,2022-08-10,Wed,70%,70%,0%,897,-20%,507,-17%,390,-23%,720,420,401,300,295,,672,88,11,16.2,65%,1:27,,,13:13,13.22,18,1,4.5%,,,,76%,2:11,1:43,5,,23:09,23.15
2022,Aug-22,32,32-2022,32,9,2022-08-11,Thu,77%,78%,0%,823,-21%,465,-18%,358,-24%,652,381,375,271,269,,619,63,5,14.2,77%,0:57,,,13:55,13.92,4,2,1.6%,1,0,0.3%,79%,1:49,1:38,2,,21:50,21.83
2022,Aug-22,32,32-2022,32,10,2022-08-12,Fri,82%,83%,0%,676,-17%,395,-5%,281,-33%,564,377,366,187,185,,444,56,10,13.0,78%,0:55,,,11:39,11.65,2,9,2.9%,,,,94%,0:56,1:07,2,,23:23,23.38
2022,Aug-22,32,32-2022,32,,2022-08-13,Sat,,,,,,,,,,,,,,,,132,24,5,,,,,,,,,,,,,,,,,,,,
2022,Aug-22,32,33-2022,33,,2022-08-14,Sun,,,,,,,,,,,,,,,,105,27,7,,,,,,,,,,,,,,,,,,,,
2022,Aug-22,33,33-2022,33,11,2022-08-15,Mon,75%,75%,0%,884,-17%,526,-13%,358,-24%,730,457,433,273,268,,673,90,15,15.2,73%,1:18,,,12:57,12.95,22,2,5.3%,,,,79%,2:23,1:56,5,,22:56,22.93
2022,Aug-22,33,33-2022,33,12,2022-08-16,Tue,87%,88%,0%,907,-24%,515,-25%,392,-23%,688,385,383,303,300,,632,86,12,14.5,85%,0:58,,,11:48,11.80,1,1,0.5%,,,,92%,1:04,1:22,3,,23:22,23.37
2022,Aug-22,33,33-2022,33,13,2022-08-17,Wed,84%,85%,0%,867,-22%,493,-21%,374,-24%,675,390,377,285,282,,595,77,6,14.1,81%,1:04,,,13:03,13.05,9,4,3.3%,,,,91%,1:08,1:15,3,,20:31,20.52
2022,Aug-22,33,33-2022,33,14,2022-08-18,Thu,79%,80%,0%,795,-17%,453,-12%,342,-24%,658,397,384,261,242,,708,86,11,13.8,82%,0:53,,,13:09,13.15,6,7,3.3%,,,,77%,1:34,1:28,19,,24:23,24.38
2022,Aug-22,33,33-2022,33,15,2022-08-19,Fri,69%,68%,0%,641,-5%,375,4%,266,-17%,611,390,363,221,219,,475,58,10,14.4,61%,1:47,,,14:02,14.03,25,2,6.9%,,,,81%,1:48,1:35,2,,20:25,20.42
2022,Aug-22,33,33-2022,33,,2022-08-20,Sat,,,,,,,,,,,,,,,,133,16,5,,,,,,,,,,,,,,,,,,,,
2022,Aug-22,33,34-2022,34,,2022-08-21,Sun,,,,,,,,,,,,,,,,148,23,2,,,,,,,,,,,,,,,,,,,,
2022,Aug-22,34,34-2022,34,16,2022-08-22,Mon,72%,72%,0%,859,-10%,516,-10%,343,-8%,777,462,444,315,308,,694,84,16,17.8,68%,1:34,,,13:56,13.93,14,4,3.9%,,,,79%,2:01,1:37,7,,23:04,23.07
2022,Aug-22,34,34-2022,34,17,2022-08-23,Tue,78%,79%,0%,868,-17%,498,-19%,370,-14%,721,403,387,318,312,,715,90,7,15.3,76%,1:41,,,13:13,13.22,12,4,4.0%,,,,83%,2:07,1:43,6,,22:31,22.52
2022,Aug-22,34,34-2022,34,18,2022-08-24,Wed,81%,82%,,882,-16%,501,-13%,381,-21%,739,438,425,301,290,,677,78,9,15.5,80%,1:04,,,13:12,13.20,9,4,3.0%,,,,84%,1:28,1:33,11,,22:27,22.45
2022,Aug-22,34,34-2022,34,19,2022-08-25,Thu,77%,78%,0%,787,-17%,447,-11%,340,-25%,656,400,348,256,253,,642,81,10,14.0,71%,1:08,,,13:05,13.08,47,5,13.0%,,,,88%,1:17,1:24,3,,20:51,20.85
2022,Aug-22,34,34-2022,34,20,2022-08-26,Fri,65%,64%,0%,640,0%,377,1%,263,-2%,637,379,354,258,250,,587,112,9,14.8,61%,1:54,,,12:19,12.32,24,1,6.6%,,,,68%,2:56,2:06,8,,23:12,23.20
2022,Aug-22,34,34-2022,34,,2022-08-27,Sat,,,,,,,,,,,,,,,,87,23,4,,,,,,,,,,,,,,,,,,,,
2022,Aug-22,34,35-2022,35,,2022-08-28,Sun,,,,,,,,,,,,,,,,104,17,4,,,,,,,,,,,,,,,,,,,,
2022,Aug-22,35,35-2022,35,21,2022-08-29,Mon,66%,65%,0%,897,-15%,532,-15%,365,-15%,764,454,432,310,299,,727,98,23,18.0,63%,1:36,,,12:30,12.50,17,5,4.8%,,,,69%,2:37,1:48,11,,24:51,24.85
2022,Aug-22,35,35-2022,35,22,2022-08-30,Tue,77%,77%,0%,871,-12%,504,-13%,367,-11%,768,440,407,328,315,,735,79,16,16.5,73%,1:18,,,12:18,12.30,25,8,7.5%,,,,83%,2:23,1:41,13,,22:54,22.90
2022,Aug-22,35,35-2022,35,23,2022-08-31,Wed,76%,77%,0%,784,-1%,451,4%,333,-8%,779,471,460,308,303,,743,124,15,17.1,79%,1:04,,,13:16,13.27,7,4,2.3%,,,,73%,2:15,1:55,5,,23:25,23.42
2022,Sep-22,35,35-2022,35,1,2022-09-01,Thu,82%,83%,0%,1077,-25%,621,-22%,456,-29%,805,482,470,323,322,,941,76,10,18.0,80%,0:58,,,13:06,13.10,5,7,2.5%,,,,87%,1:23,1:29,1,,21:01,21.02
2022,Sep-22,35,35-2022,35,2,2022-09-02,Fri,80%,80%,0%,837,-19%,490,-17%,347,-21%,682,408,400,274,272,,605,68,7,16.4,76%,1:10,,,14:02,14.03,7,1,2.0%,,,,85%,1:34,1:30,2,,21:34,21.57
2022,Sep-22,35,35-2022,35,,2022-09-03,Sat,,,,,,,,,,,,,,,,158,30,1,,,,,,,,,,,,,,,,,,,,
2022,Sep-22,35,36-2022,36,,2022-09-04,Sun,,,,,,,,,,,,,,,,141,17,1,,,,,,,,,,,,,,,,,,,,
2022,Sep-22,36,36-2022,36,,2022-09-05,Mon,,,,,,,,,,,,,,,,247,56,5,,,,,,,,,,,,,,,,,,,,
2022,Sep-22,36,36-2022,36,3,2022-09-06,Tue,67%,68%,0%,1026,-16%,588,-12%,438,-22%,859,518,481,341,333,,892,102,22,19.6,65%,1:38,,,11:52,11.87,34,3,7.1%,,,,72%,3:15,2:01,8,,25:35,25.58
2022,Sep-22,36,36-2022,36,4,2022-09-07,Wed,65%,66%,0%,937,-20%,544,-15%,393,-26%,754,463,441,291,288,,874,88,19,17.7,64%,1:56,,,13:44,13.73,19,3,4.8%,,,,68%,2:44,1:53,3,,24:35,24.58
2022,Sep-22,36,36-2022,36,5,2022-09-08,Thu,77%,79%,0%,857,-13%,487,-17%,370,-8%,744,404,386,340,339,,866,78,9,16.9,74%,1:29,,,12:28,12.47,15,3,4.5%,,,,84%,2:06,1:50,1,,24:36,24.60
2022,Sep-22,36,36-2022,36,6,2022-09-09,Fri,62%,61%,0%,750,-22%,442,-20%,308,-26%,582,353,322,229,226,,697,109,8,13.1,60%,1:39,,,13:45,13.75,28,3,8.8%,,,,63%,3:00,1:51,3,,22:28,22.47
2022,Sep-22,36,36-2022,36,,2022-09-10,Sat,,,,,,,,,,,,,,,,157,16,4,,,,,,,,,,,,,,,,,,,,
2022,Sep-22,36,37-2022,37,,2022-09-11,Sun,,,,,,,,,,,,,,,,130,27,4,,,,,,,,,,,,,,,,,,,,
2022,Sep-22,37,37-2022,37,7,2022-09-12,Mon,68%,70%,0%,949,-24%,560,-18%,389,-32%,720,457,436,263,259,,777,86,18,19.6,63%,1:33,,,11:52,11.87,18,3,4.6%,,,,81%,4:10,2:22,4,,23:38,23.63
2022,Sep-22,37,37-2022,37,8,2022-09-13,Tue,75%,77%,0%,942,-19%,535,-18%,407,-20%,765,441,423,324,317,,670,87,8,18.3,74%,1:24,,,13:20,13.33,13,5,4.1%,,,,80%,1:39,1:28,7,,22:31,22.52
2022,Sep-22,37,37-2022,37,9,2022-09-14,Wed,76%,76%,0%,886,-11%,505,-3%,381,-21%,789,488,468,301,298,,794,80,15,18.5,73%,1:16,,,12:24,12.40,15,5,4.1%,,,,82%,1:47,1:28,3,,22:39,22.65
2022,Sep-22,37,37-2022,37,10,2022-09-15,Thu,74%,75%,0%,848,-11%,480,-4%,368,-20%,755,462,436,293,288,,732,82,9,17.2,71%,1:20,,,12:46,12.77,24,2,5.6%,,,,81%,1:53,1:42,5,,21:39,21.65
2022,Sep-22,37,37-2022,37,11,2022-09-16,Fri,71%,72%,0%,707,-13%,415,-11%,292,-16%,613,368,358,245,244,,545,68,3,14.6,70%,1:19,,,12:05,12.08,6,4,2.7%,,,,76%,2:26,1:48,1,,21:01,21.02
2022,Sep-22,37,37-2022,37,,2022-09-17,Sat,,,,,,,,,,,,,,,,131,23,4,,,,,,,,,,,,,,,,,,,,
2022,Sep-22,37,38-2022,38,,2022-09-18,Sun,,,,,,,,,,,,,,,,128,16,4,,,,,,,,,,,,,,,,,,,,
2022,Sep-22,38,38-2022,38,12,2022-09-19,Mon,76%,78%,0%,904,-17%,531,-18%,373,-15%,751,434,418,317,308,,590,99,17,17.9,81%,0:59,,,12:17,12.28,14,2,3.7%,,,,73%,2:20,1:46,9,,22:01,22.02
2022,Sep-22,38,38-2022,38,13,2022-09-20,Tue,66%,66%,0%,910,-14%,520,-8%,390,-21%,786,478,451,308,301,,655,81,13,18.7,65%,1:21,,,13:51,13.85,22,5,5.6%,,,,68%,3:13,2:08,7,,24:23,24.38
2022,Sep-22,38,38-2022,38,14,2022-09-21,Wed,80%,82%,0%,856,-18%,493,-15%,363,-21%,706,420,410,286,282,,733,91,18,16.6,80%,1:03,,,14:50,14.83,3,7,2.4%,,,,85%,1:20,1:26,4,,21:15,21.25
2022,Sep-22,38,38-2022,38,15,2022-09-22,Thu,64%,63%,0%,807,-11%,459,-6%,348,-18%,719,432,405,287,276,,659,93,10,16.5,60%,1:41,,,16:17,16.28,19,8,6.3%,,,,67%,3:27,2:15,11,,24:22,24.37
2022,Sep-22,38,38-2022,38,16,2022-09-23,Fri,79%,80%,0%,685,-6%,406,-3%,279,-11%,643,394,382,249,244,,518,74,6,15.1,82%,1:04,,,14:05,14.08,9,3,3.0%,,,,76%,2:24,1:56,5,,21:01,21.02
2022,Sep-22,38,38-2022,38,,2022-09-24,Sat,,,,,,,,,,,,,,,,80,20,5,,,,,,,,,,,,,,,,,,,,
2022,Sep-22,38,39-2022,39,,2022-09-25,Sun,,,,,,,,,,,,,,,,113,16,5,,,,,,,,,,,,,,,,,,,,
2022,Sep-22,39,39-2022,39,17,2022-09-26,Mon,76%,77%,0%,863,-16%,511,-11%,352,-23%,726,456,428,270,266,,627,104,22,16.1,77%,1:22,,,14:07,14.12,21,7,6.1%,,,,78%,2:15,1:44,4,,25:21,25.35
2022,Sep-22,39,39-2022,39,18,2022-09-27,Tue,83%,84%,0%,929,-23%,531,-18%,398,-30%,716,438,422,278,278,,629,73,7,15.6,81%,1:03,,,13:20,13.33,12,4,3.7%,1,0,0.2%,90%,1:31,1:25,0,,23:15,23.25
2022,Sep-22,39,39-2022,39,19,2022-09-28,Wed,86%,88%,0%,845,-14%,483,-10%,362,-19%,728,435,419,293,292,,602,89,4,16.2,88%,0:52,,,13:02,13.03,7,9,3.7%,,,,87%,1:31,1:32,1,,20:53,20.88
2022,Sep-22,39,39-2022,39,20,2022-09-29,Thu,75%,75%,0%,803,-14%,459,-8%,344,-21%,693,420,397,273,271,,634,85,10,16.7,71%,1:41,,,14:24,14.40,20,3,5.5%,,,,82%,2:11,1:59,2,,26:04,26.07
2022,Sep-22,39,39-2022,39,,2022-09-30,Fri,,,,,,,,,,,,,,,,654,89,4,,,,,,,,,,,,,,,,,,,,
2022,Oct-22,39,39-2022,39,,2022-10-01,Sat,,,,,,,,,,,,,,,,132,14,2,,,,,,,,,,,,,,,,,,,,
2022,Oct-22,39,40-2022,40,,2022-10-02,Sun,,,,,,,,,,,,,,,,164,21,7,,,,,,,,,,,,,,,,,,,,
2022,Oct-22,40,40-2022,40,1,2022-10-03,Mon,60%,61%,0%,1158,-23%,699,-17%,459,-31%,896,581,523,315,306,,806,92,22,21.1,55%,2:30,,,12:40,12.67,54,4,10.0%,1,0,0.2%,73%,2:34,1:57,9,,21:30,21.50
2022,Oct-22,40,40-2022,40,2,2022-10-04,Tue,64%,65%,0%,1183,-22%,705,-20%,478,-25%,921,564,527,357,351,,889,90,15,20.5,62%,1:33,,,13:52,13.87,26,11,6.6%,,,,71%,2:39,1:54,6,,20:39,20.65
2022,Oct-22,40,40-2022,40,3,2022-10-05,Wed,78%,81%,0%,1030,-28%,590,-25%,440,-33%,737,444,428,293,289,,728,106,3,17.3,80%,1:03,,,13:55,13.92,11,5,3.6%,,,,83%,1:37,1:31,4,,21:02,21.03
2022,Oct-22,40,40-2022,40,4,2022-10-06,Thu,48%,48%,0%,918,-6%,530,-3%,388,-9%,867,514,461,353,330,,781,89,12,20.4,51%,2:15,,,13:17,13.28,51,2,10.3%,,,,44%,4:59,2:47,23,,26:59,26.98
2022,Oct-22,40,40-2022,40,5,2022-10-07,Fri,74%,79%,0%,717,-17%,420,-12%,297,-23%,598,369,352,229,226,,665,110,4,13.1,77%,0:58,,,13:02,13.03,7,10,4.6%,,,,83%,1:33,1:27,3,,23:32,23.53
2022,Oct-22,40,40-2022,40,,2022-10-08,Sat,,,,,,,,,,,,,,,,147,17,1,,,,,,,,,,,,,,,,,,,,
2022,Oct-22,40,41-2022,41,,2022-10-09,Sun,,,,,,,,,,,,,,,,170,29,5,,,,,,,,,,,,,,,,,,,,
2022,Oct-22,41,41-2022,41,6,2022-10-10,Mon,77%,81%,0%,697,-10%,421,-9%,276,-13%,624,385,365,239,237,,642,71,18,15.5,74%,1:17,,,14:58,14.97,10,10,5.2%,,,,91%,1:17,1:25,2,,22:51,22.85
2022,Oct-22,41,41-2022,41,7,2022-10-11,Tue,61%,63%,0%,998,-18%,569,-14%,429,-23%,819,487,455,332,319,,761,100,11,19.5,59%,1:42,,,13:56,13.93,24,8,6.6%,,,,68%,4:04,2:28,13,,26:37,26.62
2022,Oct-22,41,41-2022,41,8,2022-10-12,Wed,82%,84%,0%,947,-18%,537,-16%,410,-21%,772,449,437,323,320,,798,69,12,17.2,81%,0:54,,,13:26,13.43,6,6,2.7%,,,,89%,1:08,1:14,3,,18:23,18.38
2022,Oct-22,41,41-2022,41,9,2022-10-13,Thu,80%,82%,0%,870,-7%,494,-9%,376,-6%,807,452,442,355,349,,709,84,12,16.5,78%,0:58,,,13:34,13.57,5,5,2.2%,,,,88%,1:17,1:28,6,,20:45,20.75
2022,Oct-22,41,41-2022,41,10,2022-10-14,Fri,77%,78%,0%,713,-6%,418,-6%,295,-6%,669,392,376,277,277,,497,64,10,14.8,73%,1:08,,,13:44,13.73,11,5,4.1%,,,,85%,1:29,1:29,0,,21:21,21.35
2022,Oct-22,41,41-2022,41,,2022-10-15,Sat,,,,,,,,,,,,,,,,119,17,4,,,,,,,,,,,,,,,,,,,,
2022,Oct-22,41,42-2022,42,,2022-10-16,Sun,,,,,,,,,,,,,,,,128,22,5,,,,,,,,,,,,,,,,,,,,
2022,Oct-22,42,42-2022,42,11,2022-10-17,Mon,47%,46%,0%,924,-6%,550,-14%,374,6%,866,471,414,395,374,,387,79,18,20.3,45%,2:37,,,13:35,13.58,49,8,12.1%,,,,48%,5:45,2:59,21,,27:37,27.62
2022,Oct-22,42,42-2022,42,12,2022-10-18,Tue,74%,76%,0%,957,-15%,545,-15%,412,-14%,818,463,443,355,345,,833,95,6,17.9,73%,1:14,,,13:04,13.07,12,8,4.3%,,,,80%,2:40,2:03,10,,21:48,21.80
2022,Oct-22,42,42-2022,42,13,2022-10-19,Wed,66%,67%,0%,916,-16%,524,-19%,392,-12%,770,426,401,344,333,,697,74,12,17.6,62%,1:38,,,13:06,13.10,21,4,5.9%,,,,73%,3:05,2:09,11,,22:42,22.70
2022,Oct-22,42,42-2022,42,14,2022-10-20,Thu,66%,67%,0%,840,-9%,481,-9%,359,-9%,766,438,411,328,316,,614,80,11,18.1,60%,1:38,,,14:34,14.57,21,6,6.2%,,,,76%,1:57,1:40,12,,20:03,20.05
2022,Oct-22,42,42-2022,42,15,2022-10-21,Fri,75%,76%,0%,680,-14%,400,-21%,280,-5%,582,315,303,267,262,,540,60,13,14.9,73%,1:36,,,14:15,14.25,8,4,3.8%,,,,79%,2:03,1:36,5,,21:44,21.73
2022,Oct-22,42,42-2022,42,,2022-10-22,Sat,,,,,,,,,,,,,,,,118,21,4,,,,,,,,,,,,,,,,,,,,
2022,Oct-22,42,43-2022,43,,2022-10-23,Sun,,,,,,,,,,,,,,,,104,15,3,,,,,,,,,,,,,,,,,,,,
2022,Oct-22,43,43-2022,43,16,2022-10-24,Mon,58%,58%,0%,898,-14%,540,-17%,358,-9%,771,447,408,324,312,,698,86,14,19.5,53%,2:28,,,14:11,14.18,33,6,8.7%,,,,65%,3:52,2:27,12,,22:29,22.48
2022,Oct-22,43,43-2022,43,17,2022-10-25,Tue,70%,70%,0%,912,-19%,525,-24%,387,-11%,743,399,372,344,337,,659,62,19,18.6,69%,1:31,,,13:34,13.57,16,11,6.8%,,,,72%,3:00,2:18,7,,24:09,24.15
2022,Oct-22,43,43-2022,43,18,2022-10-26,Wed,74%,75%,0%,932,-22%,533,-24%,399,-20%,723,404,384,319,316,,746,63,7,18.1,67%,1:23,,,16:05,16.08,14,6,5.0%,,,,84%,1:21,1:28,3,,21:07,21.12
2022,Oct-22,43,43-2022,43,19,2022-10-27,Thu,78%,80%,0%,830,-15%,472,-12%,358,-18%,708,416,397,292,287,,673,76,6,15.5,75%,1:06,,,14:25,14.42,9,10,4.6%,,,,88%,1:39,1:26,5,,21:42,21.70
2022,Oct-22,43,43-2022,43,20,2022-10-28,Fri,69%,70%,0%,675,-26%,400,-26%,275,-25%,501,296,269,205,198,,564,85,5,12.4,63%,1:52,,,16:10,16.17,21,6,9.1%,,,,81%,2:09,1:45,7,,23:24,23.40
2022,Oct-22,43,43-2022,43,,2022-10-29,Sat,,,,,,,,,,,,,,,,127,17,3,,,,,,,,,,,,,,,,,,,,
2022,Oct-22,43,44-2022,44,,2022-10-30,Sun,,,,,,,,,,,,,,,,126,8,1,,,,,,,,,,,,,,,,,,,,
2022,Oct-22,44,44-2022,44,21,2022-10-31,Mon,70%,73%,0%,936,-21%,554,-16%,382,-29%,740,467,410,273,268,,637,82,24,19.0,66%,2:28,,,13:04,13.07,50,7,12.2%,,,,84%,2:07,1:46,5,,23:08,23.13
2022,Nov-22,44,44-2022,44,1,2022-11-01,Tue,78%,80%,0%,1222,-29%,717,-28%,505,-31%,868,519,495,349,344,,881,92,10,18.5,76%,1:05,,,13:21,13.35,13,11,4.6%,,,,85%,1:29,1:36,5,,22:12,22.20
2022,Nov-22,44,44-2022,44,2,2022-11-02,Wed,64%,64%,0%,1133,-13%,652,-12%,481,-15%,987,576,550,411,395,,801,99,12,21.8,62%,1:34,,,13:00,13.00,22,4,4.5%,,,,67%,2:27,1:49,16,,23:06,23.10
2022,Nov-22,44,44-2022,44,3,2022-11-03,Thu,67%,68%,0%,1012,-18%,577,-19%,435,-16%,833,468,446,365,355,,847,87,11,19.3,66%,1:14,,,15:04,15.07,15,7,4.7%,,,,71%,2:45,1:58,10,,21:42,21.70
2022,Nov-22,44,44-2022,44,4,2022-11-04,Fri,76%,78%,0%,775,-27%,462,-25%,313,-31%,563,347,323,216,214,,669,89,9,12.0,73%,1:04,,,12:35,12.58,14,10,6.9%,,,,87%,1:18,1:21,2,,20:54,20.90
2022,Nov-22,44,44-2022,44,,2022-11-05,Sat,,,,,,,,,,,,,,,,110,16,4,,,,,,,,,,,,,,,,,,,,
2022,Nov-22,44,45-2022,45,,2022-11-06,Sun,,,,,,,,,,,,,,,,184,32,4,,,,,,,,,,,,,,,,,,,,
2022,Nov-22,45,45-2022,45,5,2022-11-07,Mon,56%,56%,0%,939,-11%,559,-9%,380,-14%,837,511,475,326,314,,643,74,16,20.0,52%,2:15,,,15:51,15.85,31,5,7.0%,,,,63%,4:54,3:07,12,,25:47,25.78
2022,Nov-22,45,45-2022,45,6,2022-11-08,Tue,82%,87%,0%,1033,-25%,597,-22%,436,-29%,774,463,444,311,310,,659,96,16,16.6,81%,0:54,,,14:17,14.28,10,9,4.1%,,,,95%,0:53,1:16,1,,20:15,20.25
2022,Nov-22,45,45-2022,45,7,2022-11-09,Wed,82%,85%,0%,1005,-18%,573,-29%,432,-3%,826,408,394,418,405,,335,95,7,17.0,85%,0:54,,,15:28,15.47,5,9,3.4%,,,,85%,1:18,1:26,13,,20:31,20.52
2022,Nov-22,45,45-2022,45,8,2022-11-10,Thu,71%,72%,0%,931,-7%,525,-28%,406,19%,862,377,362,485,470,,41,82,11,18.1,72%,1:03,,,15:08,15.13,9,6,4.0%,,,,72%,2:12,1:47,15,,22:28,22.47
2022,Nov-22,45,45-2022,45,9,2022-11-11,Fri,78%,79%,0%,635,3%,370,-6%,265,15%,652,348,332,304,299,,22,61,4,15.5,74%,1:06,,,13:53,13.88,13,3,4.6%,,,,85%,1:22,1:23,5,,19:36,19.60
2022,Nov-22,45,45-2022,45,,2022-11-12,Sat,,,,,,,,,,,,,,,,3,23,4,,,,,,,,,,,,,,,,,,,,
2022,Nov-22,45,46-2022,46,,2022-11-13,Sun,,,,,,,,,,,,,,,,2,18,7,,,,,,,,,,,,,,,,,,,,
2022,Nov-22,46,46-2022,46,10,2022-11-14,Mon,66%,68%,0%,936,-2%,557,-15%,379,17%,919,474,453,445,433,,27,93,22,20.4,61%,1:31,,,15:17,15.28,17,4,4.4%,,,,76%,2:14,1:47,12,,21:14,21.23
2022,Nov-22,46,46-2022,46,11,2022-11-15,Tue,73%,77%,0%,982,-5%,567,-13%,415,4%,928,495,482,433,416,,196,81,11,20.6,78%,1:04,,,13:28,13.47,7,6,2.6%,,,,75%,2:12,1:37,17,,18:32,18.53
2022,Nov-22,46,46-2022,46,12,2022-11-16,Wed,79%,81%,0%,964,-10%,548,-15%,416,-4%,863,464,455,399,392,,504,83,9,20.1,79%,1:00,,,13:29,13.48,3,6,1.9%,,,,84%,1:28,1:27,7,,19:37,19.62
2022,Nov-22,46,46-2022,46,13,2022-11-17,Thu,60%,61%,0%,899,-8%,510,-18%,389,6%,831,419,395,412,402,,491,71,5,19.6,66%,1:32,,,13:44,13.73,18,6,5.7%,,,,55%,3:23,2:14,10,,25:14,25.23
2022,Nov-22,46,46-2022,46,14,2022-11-18,Fri,71%,76%,0%,704,-19%,416,-31%,288,-3%,567,287,276,280,270,,423,92,5,12.7,78%,1:03,,,14:10,14.17,6,5,3.8%,,,,73%,2:18,1:47,10,,22:24,22.40
2022,Nov-22,46,46-2022,46,,2022-11-19,Sat,,,,,,,,,,,,,,,,77,31,8,,,,,,,,,,,,,,,,,,,,
2022,Nov-22,46,47-2022,47,,2022-11-20,Sun,,,,,,,,,,,,,,,,75,17,6,,,,,,,,,,,,,,,,,,,,
2022,Nov-22,47,47-2022,47,15,2022-11-21,Mon,84%,87%,0%,890,-17%,531,-17%,359,-16%,743,440,424,303,299,,451,53,25,16.3,83%,1:03,,,14:11,14.18,8,8,3.6%,,,,92%,1:04,1:19,4,,20:22,20.37
2022,Nov-22,47,47-2022,47,16,2022-11-22,Tue,61%,61%,0%,956,-23%,559,-29%,397,-16%,732,398,389,334,322,,516,68,6,16.1,44%,1:27,,,13:58,13.97,7,2,2.3%,,,,81%,1:44,1:37,12,,22:27,22.45
2022,Nov-22,47,47-2022,47,17,2022-11-23,Wed,69%,70%,0%,917,-42%,526,-47%,391,-35%,533,277,272,256,254,,392,54,10,12.1,48%,1:03,,,14:29,14.48,3,2,1.8%,,,,94%,0:55,1:21,2,,21:15,21.25
2022,Nov-22,47,47-2022,47,,2022-11-24,Thu,57%,47%,0%,,,,,,,15,7,7,8,6,,119,56,1,,14%,1:15,,,18:29,18.48,0,0,0.0%,,,,75%,0:34,0:48,2,,9:40,9.67
2022,Nov-22,47,47-2022,47,,2022-11-25,Fri,49%,25%,0%,,,,,,,16,13,9,3,3,,171,54,3,,8%,2:45,,,8:35,8.58,3,1,30.8%,,,,100%,0:54,1:21,0,,13:29,13.48
2022,Nov-22,47,47-2022,47,,2022-11-26,Sat,,,,,,,,,,,,,,,,61,26,4,,,,,,,,,,,,,,,,,,,,
2022,Nov-22,47,48-2022,48,,2022-11-27,Sun,,,,,,,,,,,,,,,,98,31,5,,,,,,,,,,,,,,,,,,,,
2022,Nov-22,48,48-2022,48,18,2022-11-28,Mon,41%,40%,0%,895,-2%,534,-2%,361,-2%,879,524,486,355,343,,503,111,27,21.8,35%,2:37,,,14:51,14.85,31,7,7.3%,,,,48%,4:45,2:45,12,,23:31,23.52
2022,Nov-22,48,48-2022,48,19,2022-11-29,Tue,57%,59%,0%,909,-10%,530,-18%,379,0%,814,435,420,379,364,,560,92,8,19.0,62%,1:36,,,14:38,14.63,14,1,3.4%,,,,55%,4:13,2:26,15,,24:30,24.50
2022,Nov-22,48,48-2022,48,20,2022-11-30,Wed,64%,67%,0%,969,-8%,557,-9%,412,-6%,896,509,485,387,375,,561,73,10,19.9,70%,1:22,,,12:56,12.93,20,4,4.7%,,,,62%,2:58,2:03,12,,21:45,21.75
2022,Dec-22,48,48-2022,48,1,2022-12-01,Thu,75%,78%,0%,1170,-17%,682,-26%,488,-6%,968,508,482,460,449,,608,81,12,20.3,76%,1:03,,,14:17,14.28,20,6,5.1%,,,,80%,1:37,1:27,11,,20:40,20.67
2022,Dec-22,48,48-2022,48,2,2022-12-02,Fri,65%,67%,0%,907,-14%,536,-15%,371,-13%,779,457,429,322,316,,504,72,9,17.0,62%,1:53,,,15:04,15.07,26,2,6.1%,,,,74%,2:33,1:50,6,,23:59,23.98
2022,Dec-22,48,48-2022,48,,2022-12-03,Sat,,,,,,,,,,,,,,,,122,19,1,,,,,,,,,,,,,,,,,,,,
2022,Dec-22,48,49-2022,49,,2022-12-04,Sun,,,,,,,,,,,,,,,,137,15,4,,,,,,,,,,,,,,,,,,,,
2022,Dec-22,49,49-2022,49,3,2022-12-05,Mon,72%,75%,0%,1093,-19%,654,-23%,439,-12%,890,502,486,388,384,,589,83,14,20.1,72%,1:06,,,14:31,14.52,16,0,3.2%,,,,80%,2:04,1:34,4,,22:52,22.87
2022,Dec-22,49,49-2022,49,4,2022-12-06,Tue,59%,62%,0%,1047,-16%,616,-25%,431,-3%,879,463,437,416,407,,612,90,8,22.4,62%,1:32,,,13:32,13.53,22,4,5.6%,,,,63%,3:02,2:03,9,,26:26,26.43
2022,Dec-22,49,49-2022,49,5,2022-12-07,Wed,66%,70%,0%,977,-11%,565,-18%,412,0%,873,463,441,410,404,,573,97,15,20.8,63%,1:28,,,13:32,13.53,21,1,4.8%,,,,77%,1:57,1:34,6,,20:53,20.88
2022,Dec-22,49,49-2022,49,6,2022-12-08,Thu,78%,81%,0%,993,-18%,570,-25%,423,-8%,816,428,410,388,382,,503,49,8,18.2,73%,1:05,,,14:53,14.88,13,5,4.2%,,,,90%,1:11,1:19,6,,21:31,21.52
2022,Dec-22,49,49-2022,49,7,2022-12-09,Fri,77%,79%,0%,804,-19%,470,-27%,334,-9%,648,344,332,304,298,,429,56,10,16.2,77%,1:02,,,13:04,13.07,9,3,3.5%,,,,82%,1:34,1:28,6,,23:55,23.92
2022,Dec-22,49,49-2022,49,,2022-12-10,Sat,,,,,,,,,,,,,,,,99,25,5,,,,,,,,,,,,,,,,,,,,
2022,Dec-22,49,50-2022,50,,2022-12-11,Sun,,,,,,,,,,,,,,,,111,16,1,,,,,,,,,,,,,,,,,,,,
2022,Dec-22,50,50-2022,50,8,2022-12-12,Mon,79%,82%,0%,1009,-19%,595,-25%,414,-11%,815,446,428,369,360,,497,63,23,19.4,79%,0:59,,,14:18,14.30,10,8,4.0%,,,,85%,1:41,1:30,9,,22:21,22.35
2022,Dec-22,50,50-2022,50,9,2022-12-13,Tue,81%,84%,0%,991,-18%,572,-23%,419,-10%,816,439,420,377,373,,566,70,10,17.4,78%,1:09,,,14:00,14.00,9,10,4.3%,,,,91%,1:15,1:19,4,,20:56,20.93
2022,Dec-22,50,50-2022,50,10,2022-12-14,Wed,67%,68%,0%,977,-17%,562,-22%,415,-11%,812,441,426,371,361,,574,61,11,18.0,68%,1:25,,,15:29,15.48,11,4,3.4%,,,,69%,3:01,1:57,10,,21:46,21.77
2022,Dec-22,50,50-2022,50,11,2022-12-15,Thu,73%,76%,0%,948,-15%,542,-19%,406,-9%,805,437,423,368,362,,493,78,8,17.5,72%,1:05,,,14:42,14.70,10,4,3.2%,,,,80%,1:38,1:30,6,,21:07,21.12
2022,Dec-22,50,50-2022,50,12,2022-12-16,Fri,72%,76%,0%,770,-34%,450,-34%,320,-33%,512,298,294,214,211,,450,95,5,11.4,68%,0:47,,,15:31,15.52,0,4,1.3%,,,,86%,1:32,1:34,3,,18:26,18.43
2022,Dec-22,50,50-2022,50,,2022-12-17,Sat,,,,,,,,,,,,,,,,79,29,2,,,,,,,,,,,,,,,,,,,,
2022,Dec-22,50,51-2022,51,,2022-12-18,Sun,,,,,,,,,,,,,,,,61,14,5,,,,,,,,,,,,,,,,,,,,
2022,Dec-22,51,51-2022,51,13,2022-12-19,Mon,31%,30%,0%,976,87%,581,78%,395,99%,1821,1036,597,785,662,,513,145,27,40.5,27%,5:15,,,7:07,7.12,427,12,42.4%,,,,34%,14:16,11:47,123,,24:31,24.52
2022,Dec-22,51,51-2022,51,14,2022-12-20,Tue,70%,73%,0%,956,-21%,556,-22%,400,-19%,760,435,414,325,319,,485,63,16,18.1,73%,1:06,,,14:40,14.67,13,8,4.8%,,,,73%,2:29,1:52,6,,21:13,21.22
2022,Dec-22,51,51-2022,51,15,2022-12-21,Wed,79%,83%,0%,924,-29%,535,-32%,389,-24%,659,363,353,296,295,,403,65,7,15.3,86%,0:48,,,15:37,15.62,7,3,2.8%,,,,80%,1:32,1:25,1,,21:04,21.07
2022,Dec-22,51,51-2022,51,16,2022-12-22,Thu,89%,95%,0%,914,-41%,529,-40%,385,-42%,537,315,307,222,220,,368,89,1,11.9,95%,0:18,72%,0:58,11:07,11.12,3,5,2.5%,0,93,22.8%,94%,0:55,1:14,2,,17:56,17.93
2022,Dec-22,51,51-2022,51,,2022-12-23,Fri,50%,80%,,,,,,,,15,7,5,8,8,,264,31,4,,57%,2:38,57%,3:22,10:53,10.88,2,0,28.6%,0,28,80.0%,100%,0:24,1:00,0,,11:59,11.98
2022,Dec-22,51,51-2022,51,,2022-12-24,Sat,,,,,,,,,,,,,,,,42,5,1,,,,,,,,,,,,,,,,,,,,
2022,Dec-22,51,52-2022,52,,2022-12-25,Sun,,,,,,,,,,,,,,,,20,17,4,,,,,,,,,,,,,,,,,,,,
2022,Dec-22,52,52-2022,52,,2022-12-26,Mon,,,,,,,,,,,,,,,,118,20,9,,,,,,,,,,,,,,,,,,,,
2022,Dec-22,52,52-2022,52,,2022-12-27,Tue,,,,,,,,,,,,,,,,520,50,17,,,,,,,,,,,,,,,,,,,,
2022,Dec-22,52,52-2022,52,17,2022-12-28,Wed,90%,95%,0%,934,-24%,533,-22%,401,-28%,707,418,412,289,288,,441,50,16,15.5,93%,0:37,61%,1:24,15:16,15.27,4,2,1.4%,0,101,19.5%,97%,0:43,1:08,1,,18:30,18.50
2022,Dec-22,52,52-2022,52,18,2022-12-29,Thu,85%,92%,0%,948,-38%,542,-37%,406,-39%,591,344,333,247,242,,395,55,12,14.2,95%,0:21,61%,1:07,13:52,13.87,8,3,3.2%,1,108,24.1%,87%,1:09,1:19,5,,18:53,18.88
2022,Dec-22,52,52-2022,52,19,2022-12-30,Fri,82%,88%,0%,719,-30%,425,-26%,294,-35%,506,314,301,192,189,,352,49,7,14.0,87%,0:40,55%,1:25,14:50,14.83,8,5,4.1%,2,79,20.5%,90%,0:59,1:09,3,,21:33,21.55
2022,Dec-22,52,52-2022,52,,2022-12-31,Sat,,,,,,,,,,,,,,,,138,13,5,,,,,,,,,,,,,,,,,,,,
2023,Jan-23,52,0-2023,0,,2023-01-01,Sun,,,,,,,,,,,,,,,,101,19,5,,,,,,,,,,,,,,,,,,,,
2023,Jan-23,1,0-2023,0,,2023-01-02,Mon,,,,,,,,,,,,,,,,386,123,14,,,,,,,,,,,,,,,,,,,,
2023,Jan-23,1,0-2023,0,1,2023-01-03,Tue,54%,56%,0%,1124,3%,692,-1%,432,9%,1155,683,607,472,454,,862,91,12,23.3,49%,2:41,30%,3:27,12:25,12.42,71,5,11.1%,3,156,18.9%,66%,3:04,1:59,18,,21:08,21.13
2023,Jan-23,1,0-2023,0,2,2023-01-04,Wed,77%,80%,0%,1045,-9%,631,-20%,414,8%,955,506,491,449,441,,828,80,4,17.8,79%,0:54,56%,1:39,15:54,15.90,12,3,3.0%,1,139,21.7%,81%,1:51,1:32,8,,20:01,20.02
2023,Jan-23,1,0-2023,0,3,2023-01-05,Thu,71%,74%,0%,929,7%,555,-1%,374,19%,993,548,516,445,437,,757,96,10,20.0,73%,1:01,45%,1:47,13:51,13.85,27,5,5.8%,2,156,22.4%,76%,1:59,1:38,8,,18:40,18.67
2023,Jan-23,1,0-2023,0,4,2023-01-06,Fri,78%,79%,0%,710,22%,443,11%,267,41%,867,490,469,377,368,,585,63,5,17.0,78%,0:47,55%,1:30,14:42,14.70,17,4,4.3%,1,133,21.5%,81%,1:49,1:31,9,,20:51,20.85
2023,Jan-23,1,0-2023,0,,2023-01-07,Sat,,,,,,,,,,,,,,,,117,47,4,,,,,,,,,,,,,,,,,,,,
2023,Jan-23,1,1-2023,1,,2023-01-08,Sun,,,,,,,,,,,,,,,,167,21,21,,,,,,,,,,,,,,,,,,,,
2023,Jan-23,2,1-2023,1,5,2023-01-09,Mon,63%,63%,0%,873,13%,544,-1%,329,37%,990,538,505,452,438,,701,97,26,21.1,63%,1:31,34%,2:23,14:30,14.50,31,2,6.1%,1,134,20.1%,64%,3:48,2:06,14,,22:00,22.00
2023,Jan-23,2,1-2023,1,6,2023-01-10,Tue,65%,64%,0%,952,11%,577,-6%,375,37%,1056,543,514,513,495,,761,92,10,22.3,66%,1:10,21%,2:08,13:36,13.60,26,3,5.3%,3,156,22.6%,61%,2:59,1:55,18,,22:47,22.78
2023,Jan-23,2,1-2023,1,7,2023-01-11,Wed,57%,55%,0%,919,7%,548,-5%,371,24%,982,521,479,461,449,,652,95,9,19.7,51%,2:15,16%,3:15,15:50,15.83,40,2,8.1%,2,130,20.2%,59%,3:40,2:21,12,,21:09,21.15
2023,Jan-23,2,1-2023,1,,2023-01-12,Thu,,,,,,,,,,,,,,,,817,419,9,,,,,,,,,,,,,,,,,,,,
2023,Jan-23,2,1-2023,1,,2023-01-13,Fri,,,,,,,,,,,,,,,,663,336,9,,,,,,,,,,,,,,,,,,,,
2023,Jan-23,2,1-2023,1,,2023-01-14,Sat,,,,,,,,,,,,,,,,142,42,1,,,,,,,,,,,,,,,,,,,,
2023,Jan-23,2,2-2023,2,,2023-01-15,Sun,,,,,,,,,,,,,,,,109,36,3,,,,,,,,,,,,,,,,,,,,
2023,Jan-23,3,2-2023,2,8,2023-01-16,Mon,67%,69%,0%,765,-3%,458,1%,307,-10%,739,462,421,277,274,,493,76,12,14.8,62%,1:30,1:30,2:15,14:51,14.85,36,5,8.9%,6,116,20.9%,82%,2:01,1:41,3,,21:43,21.72
2023,Jan-23,3,2-2023,2,9,2023-01-17,Tue,50%,51%,0%,886,28%,533,17%,353,44%,1133,625,553,508,492,,790,68,10,20.4,41%,3:05,24%,3:49,15:37,15.62,68,4,11.5%,4,156,20.4%,64%,3:13,2:04,16,,21:20,21.33
2023,Jan-23,3,2-2023,2,10,2023-01-18,Wed,62%,64%,0%,870,4%,522,-2%,348,15%,909,509,476,400,390,,644,77,11,17.5,58%,1:35,37%,2:18,14:15,14.25,30,3,6.5%,2,144,22.3%,72%,2:40,1:51,10,,18:27,18.45
2023,Jan-23,3,2-2023,2,11,2023-01-19,Thu,49%,46%,0%,840,6%,501,-1%,339,17%,891,494,436,397,383,,674,87,8,18.3,34%,3:05,17%,3:50,13:44,13.73,53,5,11.7%,4,131,21.5%,62%,3:29,2:07,14,,21:07,21.12
2023,Jan-23,3,2-2023,2,12,2023-01-20,Fri,67%,65%,0%,772,6%,507,-14%,265,44%,818,436,410,382,369,,552,74,14,15.3,63%,1:22,37%,2:07,13:42,13.70,22,4,6.0%,3,142,25.0%,68%,2:58,1:52,13,,20:18,20.30
2023,Jan-23,3,2-2023,2,,2023-01-21,Sat,,,,,,,,,,,,,,,,131,49,4,,,,,,,,,,,,,,,,,,,,
2023,Jan-23,3,3-2023,3,,2023-01-22,Sun,,,,,,,,,,,,,,,,161,39,5,,,,,,,,,,,,,,,,,,,,
2023,Jan-23,4,3-2023,3,13,2023-01-23,Mon,73%,73%,0%,863,8%,534,2%,329,17%,931,545,512,386,384,,634,70,22,19.4,68%,1:22,41%,2:08,13:08,13.13,31,2,6.1%,5,152,22.4%,79%,1:55,1:32,2,,20:11,20.18
2023,Jan-23,4,3-2023,3,14,2023-01-24,Tue,89%,90%,0%,853,-3%,518,-16%,335,18%,831,435,427,396,393,,596,82,9,16.3,90%,0:24,60%,1:09,13:12,13.20,7,1,1.8%,0,124,22.2%,89%,1:12,1:15,3,,18:13,18.22
2023,Jan-23,4,3-2023,3,15,2023-01-25,Wed,76%,76%,0%,820,4%,495,-10%,325,24%,849,446,422,403,395,,670,70,12,17.5,67%,1:24,39%,2:10,14:21,14.35,23,1,5.4%,5,152,26.0%,85%,1:22,1:28,8,,20:38,20.63
2023,Jan-23,4,3-2023,3,16,2023-01-26,Thu,83%,82%,0%,818,3%,500,-11%,318,26%,844,444,420,400,393,,572,61,11,16.8,79%,0:44,49%,1:29,15:20,15.33,19,5,5.4%,0,147,24.9%,86%,1:18,1:17,7,,18:41,18.68
2023,Jan-23,4,3-2023,3,17,2023-01-27,Fri,64%,67%,0%,645,0%,396,-6%,249,8%,642,374,349,268,263,,576,103,2,14.0,56%,1:52,35%,2:37,14:27,14.45,23,2,6.7%,2,128,25.8%,82%,1:37,1:29,5,,18:45,18.75
2023,Jan-23,4,3-2023,3,,2023-01-28,Sat,,,,,,,,,,,,,,,,141,46,7,,,,,,,,,,,,,,,,,,,,
2023,Jan-23,4,4-2023,4,,2023-01-29,Sun,,,,,,,,,,,,,,,,122,36,6,,,,,,,,,,,,,,,,,,,,
2023,Jan-23,5,4-2023,4,18,2023-01-30,Mon,50%,52%,0%,880,2%,548,-4%,332,13%,899,525,477,374,363,,663,91,22,19.7,40%,2:59,24%,3:45,14:37,14.62,46,2,9.1%,5,143,22.0%,69%,2:32,1:50,11,,22:17,22.28
2023,Jan-23,5,4-2023,4,19,2023-01-31,Tue,55%,55%,0%,843,17%,510,6%,333,34%,984,539,502,445,427,,676,60,17,21.6,51%,2:16,31%,3:00,14:51,14.85,32,5,6.9%,6,143,21.7%,60%,4:07,2:26,18,,21:59,21.98
2023,Feb-23,5,4-2023,4,1,2023-02-01,Wed,55%,56%,0%,860,20%,471,19%,389,21%,1034,562,537,472,440,,750,107,14,21.8,65%,1:12,42%,1:54,14:04,14.07,23,2,4.4%,2,133,19.4%,46%,5:56,3:19,32,,24:03,24.05
2023,Feb-23,5,4-2023,4,2,2023-02-02,Thu,62%,63%,0%,760,19%,417,18%,343,20%,903,493,461,410,401,,752,71,6,19.8,68%,1:23,45%,2:06,14:38,14.63,30,2,6.5%,1,152,23.7%,58%,3:22,2:04,9,,24:04,24.07
2023,Feb-23,5,4-2023,4,3,2023-02-03,Fri,78%,80%,0%,602,20%,338,26%,264,13%,724,426,412,298,295,,552,60,8,14.9,78%,0:49,54%,1:32,13:57,13.95,11,3,3.3%,0,127,23.0%,83%,1:36,1:25,3,,19:01,19.02
2023,Feb-23,5,4-2023,4,,2023-02-04,Sat,,,,,,,,,,,,,,,,214,48,2,,,,,,,,,,,,,,,,,,,,
2023,Feb-23,5,5-2023,5,,2023-02-05,Sun,,,,,,,,,,,,,,,,140,41,5,,,,,,,,,,,,,,,,,,,,
2023,Feb-23,6,5-2023,5,4,2023-02-06,Mon,70%,72%,0%,771,20%,437,22%,334,19%,929,531,506,398,377,,682,95,23,19.8,78%,0:59,48%,1:44,13:21,13.35,23,2,4.7%,1,129,19.7%,63%,3:52,2:19,21,,20:42,20.70
2023,Feb-23,6,5-2023,5,5,2023-02-07,Tue,48%,48%,0%,839,15%,471,9%,368,23%,964,512,465,452,434,,721,71,11,22.2,56%,2:19,35%,3:03,13:50,13.83,44,3,9.2%,6,151,23.5%,40%,5:05,2:54,18,,24:03,24.05
2023,Feb-23,6,5-2023,5,6,2023-02-08,Wed,63%,62%,0%,816,14%,457,2%,359,30%,933,466,450,467,453,,630,55,13,19.4,73%,1:02,43%,1:47,14:45,14.75,14,2,3.4%,1,156,25.2%,52%,4:15,2:28,14,,22:39,22.65
2023,Feb-23,6,5-2023,5,7,2023-02-09,Thu,79%,78%,0%,762,10%,420,6%,342,15%,842,447,433,395,387,,604,73,9,17.1,75%,0:50,48%,1:34,13:41,13.68,12,2,3.1%,2,138,23.9%,81%,1:25,1:19,8,,17:31,17.52
2023,Feb-23,6,5-2023,5,8,2023-02-10,Fri,87%,87%,0%,614,-4%,346,-5%,268,-3%,590,330,319,260,258,,553,83,9,11.9,82%,0:38,54%,1:21,12:37,12.62,8,3,3.3%,5,119,27.3%,93%,0:53,1:04,2,,19:28,19.47
2023,Feb-23,6,5-2023,5,,2023-02-11,Sat,,,,,,,,,,,,,,,,156,36,5,,,,,,,,,,,,,,,,,,,,
2023,Feb-23,6,6-2023,6,,2023-02-12,Sun,,,,,,,,,,,,,,,,121,35,9,,,,,,,,,,,,,,,,,,,,
2023,Feb-23,7,6-2023,6,9,2023-02-13,Mon,51%,48%,0%,803,27%,455,31%,348,21%,1018,596,524,422,397,,634,81,20,23.3,46%,3:36,26%,4:23,11:49,11.82,68,4,12.1%,18,175,24.5%,51%,6:53,3:41,25,,21:42,21.70
2023,Feb-23,7,6-2023,6,10,2023-02-14,Tue,86%,86%,0%,876,-4%,491,-8%,385,1%,839,451,443,388,382,,588,71,8,17.5,84%,0:34,38%,1:27,13:26,13.43,3,5,1.8%,6,138,24.2%,88%,1:09,1:15,6,,18:05,18.08
2023,Feb-23,7,6-2023,6,11,2023-02-15,Wed,84%,83%,0%,857,1%,479,0%,378,3%,866,478,464,388,386,,622,63,8,17.9,78%,0:42,21%,1:42,14:02,14.03,7,7,2.9%,0,134,21.9%,90%,1:14,1:20,2,,19:37,19.62
2023,Feb-23,7,6-2023,6,12,2023-02-16,Thu,82%,81%,0%,806,4%,443,1%,363,7%,837,448,436,389,386,,589,46,3,16.6,80%,0:42,27%,1:41,15:11,15.18,8,4,2.7%,0,142,24.1%,83%,1:44,1:28,3,,17:55,17.92
2023,Feb-23,7,6-2023,6,13,2023-02-17,Fri,89%,90%,0%,659,-24%,369,-28%,290,-18%,501,264,260,237,233,,499,116,6,10.4,90%,0:27,28%,1:27,13:42,13.70,2,2,1.5%,2,135,34.2%,90%,1:07,1:16,4,,18:59,18.98
2023,Feb-23,7,6-2023,6,,2023-02-18,Sat,,,,,,,,,,,,,,,,120,27,3,,,,,,,,,,,,,,,,,,,,
2023,Feb-23,7,7-2023,7,,2023-02-19,Sun,,,,,,,,,,,,,,,,130,33,1,,,,,,,,,,,,,,,,,,,,
2023,Feb-23,8,7-2023,7,14,2023-02-20,Mon,96%,96%,0%,611,-7%,326,-4%,285,-10%,568,312,311,256,252,,411,63,7,11.5,96%,0:18,51%,1:10,14:44,14.73,0,1,0.3%,1,105,25.4%,95%,0:39,1:02,4,,17:41,17.68
2023,Feb-23,8,7-2023,7,15,2023-02-21,Tue,94%,95%,0%,915,-9%,510,-13%,405,-4%,832,444,440,388,383,,553,72,13,16.8,95%,0:34,57%,1:22,12:56,12.93,2,2,0.9%,0,145,24.6%,94%,0:47,1:08,5,,19:24,19.40
2023,Feb-23,8,7-2023,7,16,2023-02-22,Wed,71%,70%,0%,891,20%,495,19%,396,21%,1069,590,547,479,468,,618,82,6,22.9,67%,1:12,37%,1:59,10:55,10.92,40,3,7.3%,8,174,23.6%,73%,2:37,1:50,11,,19:27,19.45
2023,Feb-23,8,7-2023,7,17,2023-02-23,Thu,71%,70%,0%,835,2%,456,-2%,379,6%,848,446,429,402,393,,616,60,8,17.9,68%,1:16,42%,2:00,13:12,13.20,12,5,3.8%,5,125,22.6%,72%,2:29,1:41,9,,20:56,20.93
2023,Feb-23,8,7-2023,7,18,2023-02-24,Fri,82%,81%,0%,680,6%,378,16%,302,-7%,719,439,422,280,276,,474,46,9,15.0,77%,0:57,46%,1:43,14:30,14.50,13,4,3.9%,2,144,25.0%,86%,1:14,1:19,4,,19:04,19.07
2023,Feb-23,8,7-2023,7,,2023-02-25,Sat,,,,,,,,,,,,,,,,143,39,4,,,,,,,,,,,,,,,,,,,,
2023,Feb-23,8,8-2023,8,,2023-02-26,Sun,,,,,,,,,,,,,,,,136,53,10,,,,,,,,,,,,,,,,,,,,
2023,Feb-23,9,8-2023,8,19,2023-02-27,Mon,86%,87%,0%,842,10%,471,9%,371,12%,927,513,495,414,411,,557,63,26,20.3,82%,0:50,49%,1:38,13:08,13.13,14,4,3.5%,2,156,23.5%,93%,0:58,1:11,3,,17:45,17.75
2023,Feb-23,9,8-2023,8,20,2023-02-28,Tue,73%,74%,0%,905,6%,501,6%,404,6%,960,533,513,427,417,,691,83,15,19.9,73%,1:15,45%,2:03,14:51,14.85,20,0,3.8%,3,149,22.2%,75%,2:14,1:45,10,,20:39,20.65
2023,Mar-23,9,8-2023,8,1,2023-03-01,Wed,51%,51%,0%,895,24%,491,22%,404,25%,1108,601,552,507,483,,743,100,15,22.4,46%,2:52,28%,3:36,13:56,13.93,44,5,8.2%,9,153,21.2%,57%,5:01,2:53,24,,24:04,24.07
2023,Mar-23,9,8-2023,8,2,2023-03-02,Thu,75%,75%,0%,822,10%,443,7%,379,14%,904,473,455,431,421,,741,59,12,19.2,70%,1:09,44%,1:53,14:48,14.80,14,4,3.8%,2,144,23.6%,80%,2:05,1:38,10,,17:19,17.32
2023,Mar-23,9,8-2023,8,3,2023-03-03,Fri,72%,72%,0%,656,26%,362,32%,294,19%,828,478,453,350,348,,549,45,7,16.9,69%,0:59,41%,1:45,15:19,15.32,20,5,5.2%,5,130,22.0%,76%,1:53,1:35,2,,21:48,21.80
2023,Mar-23,9,8-2023,8,,2023-03-04,Sat,,,,,,,,,,,,,,,,162,40,2,,,,,,,,,,,,,,,,,,,,
2023,Mar-23,9,9-2023,9,,2023-03-05,Sun,,,,,,,,,,,,,,,,158,46,3,,,,,,,,,,,,,,,,,,,,
2023,Mar-23,10,9-2023,9,4,2023-03-06,Mon,74%,76%,0%,814,15%,447,19%,367,11%,938,530,520,408,404,,644,48,16,19.0,78%,0:52,42%,1:38,13:37,13.62,8,2,1.9%,5,163,24.1%,74%,2:00,1:31,4,,18:59,18.98
2023,Mar-23,10,9-2023,9,5,2023-03-07,Tue,75%,76%,0%,854,13%,457,18%,397,7%,962,537,523,425,421,,694,80,12,20.4,76%,1:05,44%,1:51,14:17,14.28,9,5,2.6%,3,98,15.8%,75%,1:56,1:34,4,,20:58,20.97
2023,Mar-23,10,9-2023,9,6,2023-03-08,Wed,78%,77%,0%,848,15%,458,1%,390,31%,974,462,449,512,504,,732,86,9,19.1,83%,0:43,52%,1:29,12:37,12.62,7,6,2.8%,2,145,24.1%,72%,2:01,1:42,8,,18:39,18.65
2023,Mar-23,10,9-2023,9,7,2023-03-09,Thu,80%,78%,0%,790,10%,422,14%,368,4%,866,483,469,383,377,,622,53,8,17.3,77%,0:46,44%,1:31,13:45,13.75,11,3,2.9%,1,158,24.8%,80%,1:47,1:24,6,,21:16,21.27
2023,Mar-23,10,9-2023,9,8,2023-03-10,Fri,78%,77%,0%,622,2%,336,14%,286,-12%,633,382,366,251,249,,480,95,11,12.7,71%,1:14,42%,2:01,14:17,14.28,11,5,4.2%,2,140,27.1%,86%,1:22,1:17,2,,20:41,20.68
2023,Mar-23,10,9-2023,9,,2023-03-11,Sat,,,,,,,,,,,,,,,,117,46,2,,,,,,,,,,,,,,,,,,,,
2023,Mar-23,10,10-2023,10,,2023-03-12,Sun,,,,,,,,,,,,,,,,153,46,4,,,,,,,,,,,,,,,,,,,,
2023,Mar-23,11,10-2023,10,9,2023-03-13,Mon,67%,67%,0%,787,15%,422,22%,365,7%,903,513,496,390,384,,536,83,14,18.7,67%,1:09,39%,1:55,14:28,14.47,12,5,3.3%,4,154,23.5%,66%,2:51,1:57,6,,20:56,20.93
2023,Mar-23,11,10-2023,10,10,2023-03-14,Tue,79%,79%,0%,871,18%,474,12%,397,24%,1025,531,507,494,489,,682,79,8,20.2,72%,1:17,44%,2:04,13:17,13.28,23,1,4.5%,4,160,23.6%,87%,1:19,1:20,5,,17:29,17.48
2023,Mar-23,11,10-2023,10,11,2023-03-15,Wed,81%,80%,0%,850,10%,458,3%,392,19%,939,471,440,468,463,,646,78,5,18.6,73%,1:12,41%,2:00,13:09,13.15,26,5,6.6%,4,148,24.4%,87%,1:50,1:27,5,,18:08,18.13
2023,Mar-23,11,10-2023,10,12,2023-03-16,Thu,83%,83%,0%,799,3%,426,10%,373,-5%,824,469,444,355,352,,638,61,7,16.3,79%,0:51,48%,1:38,15:03,15.05,16,9,5.3%,1,157,25.2%,89%,0:58,1:16,3,,19:16,19.27
2023,Mar-23,11,10-2023,10,13,2023-03-17,Fri,88%,87%,0%,639,5%,345,12%,294,-2%,674,387,372,287,287,,408,41,6,13.8,79%,0:49,48%,1:34,14:53,14.88,15,0,3.9%,0,123,24.1%,98%,0:39,1:06,0,,17:23,17.38
2023,Mar-23,11,10-2023,10,,2023-03-18,Sat,,,,,,,,,,,,,,,,157,36,3,,,,,,,,,,,,,,,,,,,,
2023,Mar-23,11,11-2023,11,,2023-03-19,Sun,,,,,,,,,,,,,,,,117,35,4,,,,,,,,,,,,,,,,,,,,
2023,Mar-23,12,11-2023,11,14,2023-03-20,Mon,87%,86%,0%,838,5%,461,10%,377,-2%,877,509,492,368,364,,645,67,15,18.7,83%,0:36,46%,1:23,13:09,13.15,12,5,3.3%,3,141,22.1%,90%,1:05,1:14,4,,18:34,18.57
2023,Mar-23,12,11-2023,11,15,2023-03-21,Tue,91%,90%,0%,904,-8%,494,-4%,410,-14%,828,476,468,352,346,,589,60,12,16.2,87%,0:33,50%,1:18,13:33,13.55,7,1,1.7%,0,113,19.2%,95%,0:39,1:06,6,,18:42,18.70
2023,Mar-23,12,11-2023,11,16,2023-03-22,Wed,88%,87%,0%,889,-6%,485,-6%,404,-6%,837,458,446,379,373,,566,51,9,16.0,85%,0:39,52%,1:24,14:37,14.62,9,3,2.6%,1,121,21.0%,90%,1:03,1:15,6,,18:16,18.27
2023,Mar-23,12,11-2023,11,17,2023-03-23,Thu,87%,86%,0%,834,3%,452,3%,382,2%,856,465,440,391,378,,570,61,13,16.8,84%,0:50,51%,1:37,13:58,13.97,23,2,5.4%,1,115,20.0%,89%,1:00,1:09,13,,18:49,18.82
2023,Mar-23,12,11-2023,11,18,2023-03-24,Fri,93%,93%,0%,686,7%,377,9%,309,5%,734,411,402,323,319,,485,57,11,14.5,91%,0:27,56%,1:13,14:28,14.47,7,2,2.2%,1,121,22.9%,95%,0:47,1:03,4,,17:43,17.72
2023,Mar-23,12,11-2023,11,,2023-03-25,Sat,,,,,,,,,,,,,,,,115,34,1,,,,,,,,,,,,,,,,,,,,
2023,Mar-23,12,12-2023,12,,2023-03-26,Sun,,,,,,,,,,,,,,,,141,50,3,,,,,,,,,,,,,,,,,,,,
2023,Mar-23,13,12-2023,12,19,2023-03-27,Mon,86%,86%,0%,881,-5%,497,-7%,384,-1%,840,461,446,379,374,,525,56,20,17.3,83%,0:59,51%,1:46,13:34,13.57,12,3,3.3%,1,157,25.5%,90%,1:15,1:19,5,,17:37,17.62
2023,Mar-23,13,12-2023,12,20,2023-03-28,Tue,89%,89%,0%,930,-12%,514,-12%,416,-11%,822,451,440,371,362,,551,57,8,15.8,89%,0:28,59%,1:13,13:07,13.12,7,4,2.4%,0,116,20.5%,89%,1:09,1:18,9,,20:21,20.35
2023,Mar-23,13,12-2023,12,21,2023-03-29,Wed,89%,89%,0%,917,-10%,504,-10%,413,-10%,827,456,448,371,366,,602,55,10,15.9,89%,0:37,56%,1:23,15:16,15.27,4,4,1.8%,0,160,26.0%,88%,1:18,1:16,5,,18:57,18.95
2023,Mar-23,13,12-2023,12,22,2023-03-30,Thu,87%,88%,0%,854,-26%,465,-29%,389,-22%,632,328,318,304,303,,629,129,30,12.2,85%,0:39,47%,1:26,14:04,14.07,8,2,3.0%,0,115,26.0%,92%,1:14,1:18,1,,18:00,18.00
2023,Mar-23,13,12-2023,12,23,2023-03-31,Fri,81%,81%,0%,699,-2%,388,1%,311,-7%,682,392,371,290,287,,481,47,15,14.3,72%,1:24,47%,2:08,15:39,15.65,14,7,5.4%,2,116,23.1%,93%,1:01,1:11,3,,16:38,16.63
2023,Apr-23,13,12-2023,12,,2023-04-01,Sat,,,,,,,,,,,,,,,,159,42,8,,,,,,,,,,,,,,,,,,,,
2023,Apr-23,13,13-2023,13,,2023-04-02,Sun,,,,,,,,,,,,,,,,148,42,7,,,,,,,,,,,,,,,,,,,,
2023,Apr-23,14,13-2023,13,1,2023-04-03,Mon,55%,56%,0%,840,27%,473,31%,367,22%,1065,619,582,446,428,,670,77,22,21.6,57%,1:59,32%,2:44,15:06,15.10,34,3,6.0%,6,167,21.8%,54%,5:02,2:45,18,,24:05,24.08
2023,Apr-23,14,13-2023,13,2,2023-04-04,Tue,69%,69%,0%,887,15%,492,11%,395,19%,1016,544,515,472,462,,653,64,8,20.5,62%,1:31,37%,2:16,13:57,13.95,25,4,5.3%,6,137,20.8%,76%,1:51,1:33,10,,19:16,19.27
2023,Apr-23,14,13-2023,13,3,2023-04-05,Wed,90%,90%,0%,884,-3%,486,-4%,398,-3%,856,468,461,388,381,,607,53,10,16.5,89%,0:23,61%,1:07,13:10,13.17,5,2,1.5%,1,138,22.9%,91%,1:11,1:22,7,,18:58,18.97
2023,Apr-23,14,13-2023,13,4,2023-04-06,Thu,88%,87%,0%,816,-2%,442,0%,374,-4%,799,441,435,358,349,,587,42,9,16.1,89%,0:27,54%,1:12,14:51,14.85,2,4,1.4%,0,126,22.2%,85%,1:14,1:13,9,,17:33,17.55
2023,Apr-23,14,13-2023,13,5,2023-04-07,Fri,97%,97%,0%,651,-24%,362,-19%,289,-30%,494,292,287,202,200,,353,37,9,9.9,97%,0:12,70%,0:55,13:46,13.77,0,5,1.7%,0,78,21.1%,98%,0:37,0:56,2,,17:17,17.28
2023,Apr-23,14,13-2023,13,,2023-04-08,Sat,,,,,,,,,,,,,,,,115,31,6,,,,,,,,,,,,,,,,,,,,
2023,Apr-23,14,14-2023,14,,2023-04-09,Sun,,,,,,,,,,,,,,,,120,16,7,,,,,,,,,,,,,,,,,,,,
2023,Apr-23,15,14-2023,14,6,2023-04-10,Mon,76%,76%,0%,821,1%,454,1%,367,0%,827,460,442,367,363,,535,62,18,18.8,68%,1:14,42%,1:59,14:21,14.35,17,1,3.9%,4,122,21.5%,86%,1:19,1:16,4,,20:08,20.13
2023,Apr-23,15,14-2023,14,7,2023-04-11,Tue,85%,85%,0%,873,-3%,478,-6%,395,1%,849,449,442,400,396,,561,52,10,19.0,80%,0:57,52%,1:43,13:48,13.80,5,2,1.6%,6,150,25.8%,90%,1:01,1:18,4,,18:02,18.03
2023,Apr-23,15,14-2023,14,8,2023-04-12,Wed,73%,75%,0%,878,9%,478,1%,400,19%,957,483,461,474,466,,669,68,10,20.8,72%,1:14,40%,2:00,13:24,13.40,14,8,4.6%,3,141,23.0%,78%,2:00,1:32,8,,19:39,19.65
2023,Apr-23,15,14-2023,14,9,2023-04-13,Thu,55%,56%,0%,803,11%,429,9%,374,13%,892,468,434,424,414,,625,59,8,19.8,49%,2:10,27%,2:56,14:59,14.98,32,2,7.3%,8,119,21.3%,64%,2:59,1:51,10,,22:48,22.80
2023,Apr-23,15,14-2023,14,10,2023-04-14,Fri,52%,52%,0%,636,13%,345,13%,291,12%,718,391,358,327,317,,507,114,9,15.7,47%,2:36,30%,3:19,13:13,13.22,30,3,8.4%,12,109,23.6%,59%,4:00,2:30,10,,15:28,15.47
2023,Apr-23,15,14-2023,14,,2023-04-15,Sat,,,,,,,,,,,,,,,,134,32,1,,,,,,,,,,,,,,,,,,,,
2023,Apr-23,15,15-2023,15,,2023-04-16,Sun,,,,,,,,,,,,,,,,104,34,4,,,,,,,,,,,,,,,,,,,,
2023,Apr-23,16,15-2023,15,11,2023-04-17,Mon,78%,81%,0%,820,12%,450,14%,370,9%,917,512,492,405,400,,508,77,22,19.5,76%,1:01,50%,1:46,12:51,12.85,16,4,3.9%,6,148,23.1%,87%,1:10,1:17,5,,18:09,18.15
2023,Apr-23,16,15-2023,15,12,2023-04-18,Tue,87%,86%,0%,877,-1%,475,-6%,402,5%,869,448,442,421,417,,672,59,9,17.6,84%,0:40,52%,1:25,13:09,13.15,3,3,1.3%,3,129,22.8%,89%,1:03,1:15,4,,18:46,18.77
2023,Apr-23,16,15-2023,15,13,2023-04-19,Wed,87%,88%,0%,882,0%,477,0%,405,0%,880,476,466,404,403,,607,66,10,18.3,86%,0:30,55%,1:15,13:27,13.45,10,0,2.1%,1,122,20.5%,90%,1:05,1:20,1,,18:08,18.13
2023,Apr-23,16,15-2023,15,14,2023-04-20,Thu,75%,74%,0%,811,3%,430,0%,381,6%,835,432,415,403,401,,656,39,20,17.5,72%,1:04,47%,1:48,13:35,13.58,15,2,3.9%,4,124,22.9%,76%,2:03,1:35,2,,19:31,19.52
2023,Apr-23,16,15-2023,15,15,2023-04-21,Fri,76%,76%,0%,656,6%,353,6%,303,6%,696,375,361,321,312,,490,42,5,16.6,72%,0:54,43%,1:38,12:52,12.87,11,3,3.7%,6,103,22.5%,81%,1:49,1:33,9,,17:53,17.88
2023,Apr-23,16,15-2023,15,,2023-04-22,Sat,,,,,,,,,,,,,,,,92,27,1,,,,,,,,,,,,,,,,,,,,
2023,Apr-23,16,16-2023,16,,2023-04-23,Sun,,,,,,,,,,,,,,,,83,26,4,,,,,,,,,,,,,,,,,,,,
2023,Apr-23,17,16-2023,16,16,2023-04-24,Mon,70%,70%,0%,844,0%,458,-7%,386,7%,840,427,415,413,406,,634,64,20,18.9,77%,1:04,47%,1:50,13:27,13.45,9,3,2.8%,4,112,21.4%,63%,3:17,2:03,7,,21:21,21.35
2023,Apr-23,17,16-2023,16,17,2023-04-25,Tue,83%,83%,0%,904,2%,489,1%,415,3%,923,494,481,429,420,,596,50,14,18.9,78%,0:57,49%,1:43,12:58,12.97,9,4,2.6%,0,148,23.1%,88%,1:10,1:22,9,,19:24,19.40
2023,Apr-23,17,16-2023,16,18,2023-04-26,Wed,87%,87%,0%,906,-9%,486,-11%,420,-7%,821,432,426,389,383,,581,48,13,16.1,89%,0:36,57%,1:21,12:22,12.37,4,2,1.4%,1,128,23.0%,85%,1:26,1:25,6,,20:22,20.37
2023,Apr-23,17,16-2023,16,19,2023-04-27,Thu,78%,78%,0%,837,-5%,443,-11%,394,1%,792,395,373,397,387,,583,49,9,16.8,69%,1:16,45%,2:01,14:14,14.23,22,0,5.6%,3,124,24.3%,87%,1:18,1:22,10,,18:11,18.18
2023,Apr-23,17,16-2023,16,20,2023-04-28,Fri,84%,84%,0%,690,-7%,373,-12%,317,-2%,641,329,324,312,303,,520,34,12,12.5,88%,0:27,55%,1:12,12:20,12.33,1,4,1.5%,0,100,23.3%,79%,1:33,1:28,9,,15:36,15.60
2023,Apr-23,17,16-2023,16,,2023-04-29,Sat,,,,,,,,,,,,,,,,183,19,5,,,,,,,,,,,,,,,,,,,,
2023,Apr-23,17,17-2023,17,,2023-04-30,Sun,,,,,,,,,,,,,,,,191,21,8,,,,,,,,,,,,,,,,,,,,
2023,May-23,18,17-2023,17,1,2023-05-01,Mon,47%,47%,0%,871,24%,476,19%,395,31%,1084,565,527,519,494,,748,55,21,21.7,52%,2:00,30%,2:44,13:35,13.58,34,4,6.7%,10,124,19.2%,42%,4:54,2:48,25,,20:14,20.23
2023,May-23,18,17-2023,17,2,2023-05-02,Tue,47%,48%,0%,930,5%,503,8%,427,2%,981,545,505,436,423,,705,55,10,19.6,47%,2:35,29%,3:19,14:10,14.17,40,0,7.3%,10,146,22.3%,49%,4:12,2:23,13,,20:49,20.82
2023,May-23,18,17-2023,17,3,2023-05-03,Wed,57%,58%,0%,924,10%,497,12%,427,7%,1015,558,528,457,430,,596,45,5,20.6,58%,1:41,36%,2:25,13:46,13.77,29,1,5.4%,7,128,19.5%,58%,3:23,2:16,27,,17:45,17.75
2023,May-23,18,17-2023,17,4,2023-05-04,Thu,67%,68%,0%,849,8%,452,12%,397,3%,914,506,479,408,393,,562,60,10,18.8,62%,1:29,39%,2:14,13:28,13.47,26,1,5.3%,4,151,23.4%,76%,1:56,1:38,15,,16:33,16.55
2023,May-23,18,17-2023,17,5,2023-05-05,Fri,80%,82%,0%,696,3%,377,9%,319,-3%,718,410,402,308,299,,468,47,11,14.7,79%,0:50,50%,1:34,12:54,12.90,5,3,2.0%,3,100,20.1%,85%,1:36,1:31,9,,16:43,16.72
2023,May-23,18,17-2023,17,,2023-05-06,Sat,,,,0,,,,,,,,,,,,120,55,0,,,,,,,,,,,,,,,,,,,,
2023,May-23,18,18-2023,18,,2023-05-07,Sun,,,,0,,,,,,,,,,,,100,22,6,,,,,,,,,,,,,,,,,,,,
2023,May-23,19,18-2023,18,5,2023-05-08,Mon,72%,72%,,879,9%,485,5%,394,13%,956,509,500,447,430,,574,49,23,21.5,81%,0:51,48%,1:35,12:09,12.15,6,3,1.8%,2,130,20.6%,62%,3:03,2:08,17,,17:41,17.68
2023,May-23,19,18-2023,18,6,2023-05-09,Tue,83%,83%,0%,929,-5%,506,-9%,423,0%,884,462,456,422,415,,581,46,3,18.8,87%,0:35,53%,1:20,13:47,13.78,4,2,1.3%,1,136,22.9%,79%,1:51,1:33,7,,16:52,16.87
2023,May-23,19,18-2023,18,7,2023-05-10,Wed,85%,86%,0%,925,-9%,501,-10%,424,-7%,843,449,437,394,385,,577,47,9,21.1,86%,0:34,56%,1:18,12:57,12.95,11,1,2.7%,2,119,21.2%,85%,1:27,1:25,9,,15:20,15.33
2023,May-23,19,18-2023,18,8,2023-05-11,Thu,68%,68%,0%,844,3%,452,1%,392,5%,868,458,440,410,396,,557,58,8,19.4,73%,1:10,43%,1:56,13:58,13.97,17,1,3.9%,0,125,21.4%,63%,3:09,2:08,14,,19:09,19.15
2023,May-23,19,18-2023,18,9,2023-05-12,Fri,73%,73%,0%,690,-13%,378,-16%,312,-9%,603,318,306,285,278,,590,42,14,13.3,80%,0:39,47%,1:24,14:58,14.97,11,1,3.8%,2,107,25.5%,66%,2:34,1:52,7,,17:57,17.95
2023,May-23,19,18-2023,18,,2023-05-13,Sat,,,,,,,,,,,,,,,,113,15,4,,,,,,,,,,,,,,,,,,,,
2023,May-23,19,19-2023,19,,2023-05-14,Sun,,,,,,,,,,,,,,,,138,11,3,,,,,,,,,,,,,,,,,,,,
2023,May-23,20,19-2023,19,10,2023-05-15,Mon,47%,47%,0%,864,2%,480,3%,384,0%,877,494,462,383,361,,576,54,16,21.1,50%,2:22,31%,3:07,15:07,15.12,31,1,6.5%,5,135,22.1%,44%,5:27,3:04,22,,19:58,19.97
2023,May-23,20,19-2023,19,11,2023-05-16,Tue,75%,76%,0%,915,-3%,503,-3%,412,-3%,890,490,468,400,387,,577,49,13,18.4,80%,1:00,46%,1:47,14:15,14.25,22,0,4.5%,4,140,22.7%,70%,2:12,1:48,13,,18:37,18.62
2023,May-23,20,19-2023,19,12,2023-05-17,Wed,83%,83%,0%,906,-9%,495,-10%,411,-8%,822,444,435,378,376,,645,47,12,17.4,84%,0:31,52%,1:18,12:31,12.52,7,2,2.0%,1,119,21.3%,81%,1:42,1:31,2,,17:56,17.93
2023,May-23,20,19-2023,19,13,2023-05-18,Thu,74%,73%,0%,829,-4%,448,-4%,381,-4%,795,429,403,366,354,,566,52,12,16.0,69%,1:14,40%,2:01,13:44,13.73,20,6,6.1%,3,138,24.7%,77%,2:04,1:39,12,,16:33,16.55
2023,May-23,20,19-2023,19,14,2023-05-19,Fri,76%,75%,0%,675,4%,372,4%,303,5%,704,387,369,317,303,,416,32,10,15.8,72%,1:06,40%,1:52,13:18,13.30,16,2,4.7%,3,103,21.5%,79%,1:39,1:34,14,,16:26,16.43
2023,May-23,20,19-2023,19,,2023-05-20,Sat,,,,,,,,,,,,,,,,177,14,3,,,,,,,,,,,,,,,,,,,,
2023,May-23,20,20-2023,20,,2023-05-21,Sun,,,,,,,,,,,,,,,,115,11,5,,,,,,,,,,,,,,,,,,,,
2023,May-23,21,20-2023,20,15,2023-05-22,Mon,76%,76%,0%,853,1%,475,-5%,378,9%,864,453,440,411,397,,577,44,21,19.3,78%,0:44,43%,1:30,13:38,13.63,11,2,2.9%,3,107,19.5%,73%,2:00,1:44,14,,17:31,17.52
2023,May-23,21,20-2023,20,16,2023-05-23,Tue,78%,78%,0%,906,-1%,499,-5%,407,4%,899,475,462,424,412,,634,55,16,19.2,76%,0:46,41%,1:33,12:59,12.98,11,2,2.7%,7,128,22.1%,80%,1:52,1:46,12,,17:30,17.50
2023,May-23,21,20-2023,20,17,2023-05-24,Wed,67%,67%,0%,898,-3%,491,-8%,407,4%,873,450,427,423,407,,637,53,10,20.0,68%,1:15,39%,2:02,13:22,13.37,22,1,5.1%,5,131,23.2%,66%,3:38,2:14,16,,19:53,19.88
2023,May-23,21,20-2023,20,18,2023-05-25,Thu,77%,77%,0%,827,1%,448,-9%,379,12%,834,409,401,425,415,,595,33,6,17.6,75%,1:03,42%,1:50,13:38,13.63,6,2,2.0%,1,112,21.6%,78%,1:51,1:43,10,,15:52,15.87
2023,May-23,21,20-2023,20,19,2023-05-26,Fri,84%,84%,0%,677,-13%,374,-16%,303,-9%,592,315,301,277,271,,535,47,7,12.1,82%,0:44,52%,1:29,14:51,14.85,11,3,4.4%,1,91,22.6%,87%,1:25,1:23,6,,16:07,16.12
2023,May-23,21,20-2023,20,,2023-05-27,Sat,,,,,,,,,,,,,,,,149,12,2,,,,,,,,,,,,,,,,,,,,
2023,May-23,21,21-2023,21,,2023-05-28,Sun,,,,,,,,,,,,,,,,103,8,7,,,,,,,,,,,,,,,,,,,,
2023,May-23,22,21-2023,21,,2023-05-29,Mon,60%,100%,0%,,,,,,,13,6,6,7,7,,326,22,7,,100%,0:14,50%,1:00,9:50,9.83,0,0,0.0%,0,26,81.3%,100%,0:36,1:33,0,,14:27,14.45
2023,May-23,22,21-2023,21,20,2023-05-30,Tue,66%,67%,0%,925,-3%,506,0%,419,-7%,897,506,483,391,381,,612,38,21,20.0,70%,1:08,45%,1:55,14:01,14.02,22,1,4.5%,1,135,21.2%,63%,3:15,2:06,10,,17:37,17.62
2023,May-23,22,21-2023,21,21,2023-05-31,Wed,61%,63%,0%,925,9%,503,11%,422,8%,1012,558,518,454,440,,648,49,14,21.5,66%,1:35,40%,2:20,12:49,12.82,33,7,7.2%,5,133,19.8%,59%,4:23,2:57,14,,20:05,20.08
2023,Jun-23,22,21-2023,21,1,2023-06-01,Thu,66%,68%,0%,830,29%,441,24%,389,35%,1071,546,532,525,511,,717,58,12,21.4,72%,1:27,45%,2:13,13:06,13.10,9,5,2.6%,9,118,18.9%,64%,2:44,2:02,14,,17:56,17.93
2023,Jun-23,22,21-2023,21,2,2023-06-02,Fri,75%,76%,0%,683,40%,369,33%,314,48%,957,492,465,465,457,,581,33,9,19.1,71%,0:56,47%,1:39,12:26,12.43,20,7,5.5%,3,120,20.0%,81%,1:34,1:27,8,,15:41,15.68
2023,Jun-23,22,21-2023,21,,2023-06-03,Sat,,,,,,,,,,,,,,,,150,9,5,,,,,,,,,,,,,,,,,,,,
2023,Jun-23,22,22-2023,22,,2023-06-04,Sun,,,,,,,,,,,,,,,,152,8,3,,,,,,,,,,,,,,,,,,,,
2023,Jun-23,23,22-2023,22,3,2023-06-05,Mon,39%,40%,0%,881,37%,483,30%,398,46%,1209,629,584,580,529,,1014,66,25,26.3,50%,2:16,26%,3:01,12:13,12.22,40,5,7.2%,7,148,19.8%,29%,8:12,4:24,51,,21:45,21.75
2023,Jun-23,23,22-2023,22,4,2023-06-06,Tue,69%,70%,0%,951,4%,514,1%,437,8%,990,517,479,473,464,,836,54,11,20.4,67%,1:31,41%,2:17,13:23,13.38,35,3,7.4%,3,133,20.8%,74%,2:00,1:43,9,,18:03,18.05
2023,Jun-23,23,22-2023,22,5,2023-06-07,Wed,65%,67%,0%,946,3%,509,-2%,437,9%,975,499,481,476,463,,714,52,8,19.5,67%,1:23,40%,2:10,12:55,12.92,16,2,3.6%,7,140,22.8%,67%,2:23,1:45,13,,18:54,18.90
2023,Jun-23,23,22-2023,22,6,2023-06-08,Thu,63%,67%,0%,874,-17%,462,-18%,412,-17%,722,381,356,341,332,,831,63,6,13.9,59%,2:19,37%,3:04,13:35,13.58,22,3,6.6%,5,114,23.8%,75%,2:33,2:01,9,,18:27,18.45
2023,Jun-23,23,22-2023,22,7,2023-06-09,Fri,73%,74%,0%,728,-8%,392,-14%,336,-2%,668,338,324,330,323,,653,42,9,13.6,71%,1:21,45%,2:05,11:36,11.60,9,5,4.1%,3,114,25.7%,78%,1:53,1:35,7,,17:53,17.88
2023,Jun-23,23,22-2023,22,,2023-06-10,Sat,,,,,,,,,,,,,,,,173,13,2,,,,,,,,,,,,,,,,,,,,
2023,Jun-23,23,23-2023,23,,2023-06-11,Sun,,,,,,,,,,,,,,,,152,9,3,,,,,,,,,,,,,,,,,,,,
2023,Jun-23,24,23-2023,23,8,2023-06-12,Mon,69%,70%,0%,917,8%,499,1%,418,16%,989,505,495,484,461,,698,42,15,20.2,82%,0:37,49%,1:23,13:02,13.03,7,3,2.0%,1,128,20.3%,57%,3:09,2:04,23,,17:55,17.92
2023,Jun-23,24,23-2023,23,9,2023-06-13,Tue,74%,75%,0%,983,3%,528,-4%,455,12%,1016,506,499,510,496,,766,51,11,20.7,85%,0:38,47%,1:25,12:09,12.15,7,0,1.4%,1,138,21.6%,66%,2:43,1:57,14,,18:09,18.15
2023,Jun-23,24,23-2023,23,10,2023-06-14,Wed,68%,70%,0%,973,0%,520,-7%,453,8%,970,483,443,487,478,,693,48,14,20.9,60%,1:51,29%,2:42,12:39,12.65,37,3,8.3%,4,137,22.6%,79%,1:53,1:28,9,,17:12,17.20
2023,Jun-23,24,23-2023,23,11,2023-06-15,Thu,82%,82%,0%,893,0%,473,-9%,420,10%,894,432,424,462,458,,647,44,14,17.9,78%,0:45,28%,1:44,13:43,13.72,5,3,1.9%,3,138,24.6%,86%,1:35,1:31,4,,16:42,16.70
2023,Jun-23,24,23-2023,23,12,2023-06-16,Fri,80%,79%,0%,740,-2%,396,-3%,344,-2%,722,386,376,336,330,,458,47,13,14.5,77%,0:55,31%,1:50,12:37,12.62,7,3,2.6%,0,129,25.0%,82%,1:53,1:32,6,,18:16,18.27
2023,Jun-23,24,23-2023,23,,2023-06-17,Sat,,,,,,,,,,,,,,,,141,17,2,,,,,,,,,,,,,,,,,,,,
2023,Jun-23,24,24-2023,24,,2023-06-18,Sun,,,,,,,,,,,,,,,,223,18,3,,,,,,,,,,,,,,,,,,,,
2023,Jun-23,25,24-2023,24,,2023-06-19,Mon,15%,25%,0%,,,,,,,93,30,25,63,53,,1034,57,14,,47%,1:57,13%,2:57,3:52,3.87,4,1,16.7%,0,56,65.1%,14%,22:29,15:25,10,,26:25,26.42
2023,Jun-23,25,24-2023,24,13,2023-06-20,Tue,50%,51%,0%,970,8%,520,18%,450,-3%,1050,613,561,437,418,,655,68,20,21.9,49%,2:44,30%,3:31,13:53,13.88,49,3,8.5%,5,128,17.8%,55%,5:31,3:20,19,,21:31,21.52
2023,Jun-23,25,24-2023,24,14,2023-06-21,Wed,70%,72%,0%,951,1%,509,-1%,442,2%,956,505,487,451,442,,659,44,15,19.2,72%,0:59,46%,1:44,13:31,13.52,14,4,3.6%,3,129,20.7%,71%,2:14,1:45,9,,17:52,17.87
2023,Jun-23,25,24-2023,24,15,2023-06-22,Thu,74%,74%,0%,867,-8%,459,-7%,408,-9%,800,428,417,372,367,,592,44,13,17.2,73%,0:50,46%,1:37,13:28,13.47,9,2,2.6%,2,143,25.3%,76%,2:02,1:50,5,,18:52,18.87
2023,Jun-23,25,24-2023,24,16,2023-06-23,Fri,72%,71%,0%,707,4%,377,10%,330,-4%,732,416,394,316,313,,475,42,10,15.3,63%,1:32,40%,2:16,14:13,14.22,19,3,5.3%,4,126,23.8%,82%,1:41,1:34,3,,16:40,16.67
2023,Jun-23,25,24-2023,24,,2023-06-24,Sat,,,,,,,,,,,,,,,,112,13,5,,,,,,,,,,,,,,,,,,,,
2023,Jun-23,25,25-2023,25,,2023-06-25,Sun,,,,,,,,,,,,,,,,133,15,4,,,,,,,,,,,,,,,,,,,,
2023,Jun-23,26,25-2023,25,17,2023-06-26,Mon,79%,78%,0%,876,1%,478,6%,398,-6%,881,506,479,375,368,,627,56,15,19.5,76%,1:08,44%,1:54,12:41,12.68,20,7,5.3%,4,131,21.1%,81%,2:04,1:46,7,,19:28,19.47
2023,Jun-23,26,25-2023,25,18,2023-06-27,Tue,79%,80%,0%,932,-6%,504,-6%,428,-7%,873,474,448,399,395,,608,53,12,19.7,75%,0:44,45%,1:30,13:06,13.10,17,9,5.5%,2,134,22.3%,85%,1:32,1:29,4,,16:50,16.83
2023,Jun-23,26,25-2023,25,19,2023-06-28,Wed,77%,75%,0%,917,-7%,496,-5%,421,-8%,857,471,454,386,380,,536,63,9,20.7,73%,1:14,49%,1:58,12:40,12.67,16,1,3.6%,2,141,23.3%,78%,2:10,1:43,6,,18:09,18.15
2023,Jun-23,26,25-2023,25,20,2023-06-29,Thu,86%,86%,0%,833,-2%,443,5%,390,-10%,816,464,443,352,346,,553,50,15,16.7,81%,0:53,57%,1:36,12:20,12.33,16,5,4.5%,2,119,20.7%,92%,1:05,1:19,6,,16:14,16.23
2023,Jun-23,26,25-2023,25,21,2023-06-30,Fri,74%,73%,0%,675,2%,366,3%,309,2%,691,376,357,315,303,,651,26,10,15.5,72%,1:10,46%,1:53,13:30,13.50,18,1,5.1%,1,105,22.0%,75%,2:16,1:46,12,,17:09,17.15
2023,Jul-23,26,25-2023,25,,2023-07-01,Sat,,,,,,,,,,,,,,,,244,28,4,,,,,,,,,,,,,,,,,,,,
2023,Jul-23,26,26-2023,26,,2023-07-02,Sun,,,,,,,,,,,,,,,,154,11,4,,,,,,,,,,,,,,,,,,,,
2023,Jul-23,27,26-2023,26,1,2023-07-03,Mon,88%,88%,0%,821,-14%,460,-17%,361,-10%,708,383,377,325,317,,474,29,16,15.7,92%,0:25,59%,1:10,14:14,14.23,5,1,1.6%,1,114,23.1%,83%,1:33,1:33,8,,17:00,17.00
2023,Jul-23,27,26-2023,26,,2023-07-04,Tue,76%,84%,0%,,,,,,,27,4,4,23,22,,308,27,5,,75%,0:37,25%,1:28,10:16,10.27,0,0,0.0%,0,28,87.5%,86%,1:23,1:30,1,,14:24,14.40
2023,Jul-23,27,26-2023,26,2,2023-07-05,Wed,80%,80%,0%,887,9%,486,7%,401,12%,967,519,491,448,444,,707,52,14,20.0,80%,0:59,49%,1:45,13:39,13.65,22,6,5.4%,1,132,20.4%,79%,1:57,1:42,4,,17:59,17.98
2023,Jul-23,27,26-2023,26,3,2023-07-06,Thu,73%,73%,0%,821,15%,444,6%,377,25%,944,472,460,472,459,,615,58,8,19.4,84%,0:34,52%,1:19,12:49,12.82,4,8,2.5%,2,133,22.2%,61%,3:02,2:06,13,,18:10,18.17
2023,Jul-23,27,26-2023,26,4,2023-07-07,Fri,71%,70%,0%,668,2%,374,5%,294,-2%,682,393,368,289,280,,622,30,10,13.9,76%,1:09,47%,1:53,12:47,12.78,18,7,6.4%,1,133,25.4%,61%,3:44,2:26,9,,19:21,19.35
2023,Jul-23,27,26-2023,26,,2023-07-08,Sat,,,,,,,,,,,,,,,,145,12,1,,,,,,,,,,,,,,,,,,,,
2023,Jul-23,27,27-2023,27,,2023-07-09,Sun,,,,,,,,,,,,,,,,168,13,5,,,,,,,,,,,,,,,,,,,,
2023,Jul-23,28,27-2023,27,5,2023-07-10,Mon,75%,74%,0%,831,21%,459,24%,372,16%,1004,571,546,433,429,,719,63,12,21.5,69%,1:14,41%,1:59,12:29,12.48,21,4,4.4%,5,151,21.5%,81%,1:55,1:34,4,,18:19,18.32
2023,Jul-23,28,27-2023,27,6,2023-07-11,Tue,83%,83%,0%,929,0%,515,-2%,414,2%,925,503,490,422,414,,657,48,12,17.8,82%,0:45,54%,1:30,11:47,11.78,11,2,2.6%,3,133,21.3%,84%,1:35,1:30,8,,17:28,17.47
2023,Jul-23,28,27-2023,27,7,2023-07-12,Wed,78%,78%,0%,917,13%,503,10%,414,17%,1036,551,532,485,464,,648,48,12,19.9,83%,0:34,55%,1:17,11:34,11.57,11,8,3.4%,4,159,22.8%,72%,2:41,1:57,21,,16:45,16.75
2023,Jul-23,28,27-2023,27,8,2023-07-13,Thu,79%,78%,0%,859,1%,469,-5%,390,7%,865,446,432,419,408,,601,39,11,17.4,88%,0:29,56%,1:14,13:13,13.22,10,4,3.1%,0,106,19.2%,67%,2:41,2:02,11,,17:49,17.82
2023,Jul-23,28,27-2023,27,9,2023-07-14,Fri,75%,74%,0%,710,3%,394,-7%,316,15%,732,368,353,364,350,,511,36,7,15.8,81%,0:45,48%,1:30,13:12,13.20,9,6,4.1%,0,128,25.8%,66%,2:59,2:09,14,,18:16,18.27
2023,Jul-23,28,27-2023,27,,2023-07-15,Sat,,,,,,,,,,,,,,,,184,7,4,,,,,,,,,,,,,,,,,,,,
2023,Jul-23,28,28-2023,28,,2023-07-16,Sun,,,,,,,,,,,,,,,,212,6,4,,,,,,,,,,,,,,,,,,,,
2023,Jul-23,29,28-2023,28,10,2023-07-17,Mon,42%,42%,0%,891,12%,499,7%,392,18%,996,533,473,463,439,,633,37,13,23.7,48%,2:52,29%,3:38,13:47,13.78,52,8,11.3%,8,126,20.1%,35%,6:40,3:23,24,,21:00,21.00
2023,Jul-23,29,28-2023,28,11,2023-07-18,Tue,53%,53%,0%,962,3%,533,-5%,429,14%,993,504,469,489,465,,682,66,11,21.7,55%,2:00,33%,2:46,13:43,13.72,29,6,6.9%,5,141,22.5%,50%,5:29,3:24,24,,20:58,20.97
2023,Jul-23,29,28-2023,28,12,2023-07-19,Wed,72%,72%,0%,954,-1%,525,-6%,429,5%,943,492,483,451,436,,698,42,14,21.0,80%,0:42,48%,1:27,13:17,13.28,5,4,1.8%,1,121,19.9%,63%,3:13,2:16,15,,18:44,18.73
2023,Jul-23,29,28-2023,28,13,2023-07-20,Thu,73%,73%,0%,881,-1%,479,-6%,402,4%,871,451,434,420,408,,572,47,10,19.5,77%,0:46,47%,1:31,14:04,14.07,10,7,3.8%,1,129,22.4%,68%,2:43,1:53,12,,18:24,18.40
2023,Jul-23,29,28-2023,28,14,2023-07-21,Fri,75%,75%,0%,730,-1%,406,-8%,324,8%,725,374,359,351,347,,440,24,6,17.5,71%,1:22,43%,2:08,13:21,13.35,12,3,4.0%,8,167,31.9%,79%,2:00,1:40,4,,17:14,17.23
2023,Jul-23,29,28-2023,28,,2023-07-22,Sat,,,,,,,,,,,,,,,,151,13,2,,,,,,,,,,,,,,,,,,,,
2023,Jul-23,29,29-2023,29,,2023-07-23,Sun,,,,,,,,,,,,,,,,141,10,5,,,,,,,,,,,,,,,,,,,,
2023,Jul-23,30,29-2023,29,15,2023-07-24,Mon,65%,65%,0%,899,1%,502,-4%,397,8%,912,484,466,428,411,,603,44,13,22.5,65%,1:22,21%,2:19,14:07,14.12,13,5,3.7%,2,114,19.3%,64%,2:55,2:06,17,,17:52,17.87
2023,Jul-23,30,29-2023,29,16,2023-07-25,Tue,65%,65%,0%,963,-1%,533,-6%,430,4%,949,500,478,449,435,,628,41,13,21.9,62%,1:25,19%,2:26,13:58,13.97,16,6,4.4%,2,120,19.6%,68%,3:14,2:11,14,,18:49,18.82
2023,Jul-23,30,29-2023,29,,2023-07-26,Wed,39%,76%,0%,,,,,,,25,9,6,16,16,,1410,88,9,,67%,0:14,33%,1:05,5:04,5.07,3,0,33.3%,0,73,89.0%,81%,1:49,1:34,0,,17:17,17.28
2023,Jul-23,30,29-2023,29,17,2023-07-27,Thu,47%,47%,0%,877,8%,476,11%,401,5%,950,529,498,421,403,,675,37,5,20.0,50%,2:12,30%,2:55,13:51,13.85,29,2,5.9%,8,105,17.6%,43%,5:15,2:50,18,,21:07,21.12
2023,Jul-23,30,29-2023,29,18,2023-07-28,Fri,69%,69%,0%,718,6%,398,8%,320,3%,761,431,408,330,315,,490,34,1,19.5,73%,1:09,44%,1:54,11:54,11.90,15,8,5.3%,3,127,23.2%,63%,4:00,2:31,15,,18:46,18.77
2023,Jul-23,30,29-2023,29,,2023-07-29,Sat,,,,,,,,,,,,,,,,136,10,6,,,,,,,,,,,,,,,,,,,,
2023,Jul-23,30,30-2023,30,,2023-07-30,Sun,,,,,,,,,,,,,,,,152,9,13,,,,,,,,,,,,,,,,,,,,
2023,Jul-23,31,30-2023,30,19,2023-07-31,Mon,42%,41%,0%,878,22%,493,12%,385,35%,1073,554,501,519,489,,754,53,16,24.4,47%,4:16,28%,5:01,13:45,13.75,52,1,9.6%,15,144,22.3%,35%,6:08,3:35,30,,20:54,20.90
2023,Aug-23,31,30-2023,30,1,2023-08-01,Tue,63%,63%,0%,924,9%,512,6%,412,13%,1008,544,530,464,448,,824,43,10,23.9,73%,0:52,45%,1:37,13:33,13.55,7,7,2.6%,0,118,17.8%,52%,3:49,2:22,16,,18:03,18.05
2023,Aug-23,31,30-2023,30,2,2023-08-02,Wed,70%,69%,0%,913,7%,501,3%,412,12%,980,517,492,463,445,,705,57,11,22.0,70%,1:17,43%,2:04,13:09,13.15,24,1,4.8%,4,120,19.3%,68%,2:56,2:02,18,,18:37,18.62
2023,Aug-23,31,30-2023,30,3,2023-08-03,Thu,81%,80%,0%,853,6%,462,3%,391,8%,900,477,466,423,411,,638,42,9,20.0,87%,0:32,57%,1:16,12:57,12.95,9,2,2.3%,0,107,18.3%,72%,2:15,1:53,12,,18:22,18.37
2023,Aug-23,31,30-2023,30,4,2023-08-04,Fri,93%,94%,0%,690,7%,386,5%,304,9%,735,405,397,330,325,,477,29,4,16.3,94%,0:24,64%,1:06,12:42,12.70,3,5,2.0%,0,89,18.0%,93%,1:01,1:19,5,,15:14,15.23
2023,Aug-23,31,30-2023,30,,2023-08-05,Sat,,,,,,,,,,,,,,,,166,10,2,,,,,,,,,,,,,,,,,,,,
2023,Aug-23,31,31-2023,31,,2023-08-06,Sun,,,,,,,,,,,,,,,,216,17,3,,,,,,,,,,,,,,,,,,,,
2023,Aug-23,32,31-2023,31,5,2023-08-07,Mon,85%,84%,0%,866,7%,486,2%,380,12%,924,497,477,427,420,,585,46,13,20.1,87%,0:33,54%,1:20,13:18,13.30,13,7,4.0%,3,123,20.2%,81%,1:39,1:28,7,,16:12,16.20
2023,Aug-23,32,31-2023,31,6,2023-08-08,Tue,78%,78%,0%,924,3%,515,-5%,409,12%,948,490,472,458,437,,627,52,8,20.4,78%,0:44,47%,1:29,13:32,13.53,9,9,3.7%,4,128,21.2%,77%,1:46,1:30,21,,16:35,16.58
2023,Aug-23,32,31-2023,31,7,2023-08-09,Wed,75%,74%,0%,921,1%,509,-1%,412,3%,929,503,492,426,411,,604,58,6,19.0,75%,0:53,44%,1:39,15:13,15.22,6,5,2.2%,5,127,20.8%,73%,1:59,1:36,15,,16:44,16.73
2023,Aug-23,32,31-2023,31,8,2023-08-10,Thu,79%,79%,0%,865,-1%,471,-1%,394,0%,860,465,453,395,388,,637,36,9,16.9,78%,0:59,49%,1:45,14:36,14.60,6,6,2.6%,2,122,21.1%,80%,1:52,1:33,7,,16:14,16.23
2023,Aug-23,32,31-2023,31,9,2023-08-11,Fri,64%,62%,0%,705,-2%,393,-11%,312,9%,692,351,334,341,326,,652,41,1,13.7,69%,1:07,43%,1:51,14:39,14.65,12,5,4.8%,2,111,24.4%,55%,3:16,2:08,15,,18:45,18.75
2023,Aug-23,32,31-2023,31,,2023-08-12,Sat,,,,,,,,,,,,,,,,146,10,4,,,,,,,,,,,,,,,,,,,,
2023,Aug-23,32,32-2023,32,,2023-08-13,Sun,,,,,,,,,,,,,,,,137,8,3,,,,,,,,,,,,,,,,,,,,
2023,Aug-23,33,32-2023,32,10,2023-08-14,Mon,78%,78%,0%,893,3%,498,-6%,395,15%,921,468,451,453,445,,612,48,13,19.2,82%,0:42,51%,1:28,12:54,12.90,10,7,3.6%,1,156,25.1%,74%,2:21,1:48,8,,18:04,18.07
2023,Aug-23,33,32-2023,32,11,2023-08-15,Tue,84%,84%,0%,955,-3%,527,-6%,428,0%,924,494,483,430,418,,708,41,5,19.1,87%,0:28,55%,1:13,14:05,14.08,5,6,2.2%,0,122,19.8%,80%,1:51,1:34,12,,16:02,16.03
2023,Aug-23,33,32-2023,32,12,2023-08-16,Wed,78%,77%,0%,955,-5%,522,-7%,433,-2%,910,484,465,426,419,,621,51,8,18.2,78%,0:56,50%,1:39,13:49,13.82,13,6,3.9%,1,119,19.9%,76%,1:59,1:37,7,,17:00,17.00
2023,Aug-23,33,32-2023,32,13,2023-08-17,Thu,53%,52%,0%,902,9%,487,6%,415,13%,985,515,483,470,448,,671,38,6,20.4,56%,2:15,36%,2:59,13:18,13.30,28,4,6.2%,7,143,22.6%,47%,5:07,2:57,22,,21:42,21.70
2023,Aug-23,33,32-2023,32,14,2023-08-18,Fri,81%,82%,0%,753,-2%,411,-5%,342,2%,741,392,383,349,344,,505,33,4,14.8,86%,0:43,52%,1:28,15:36,15.60,6,3,2.3%,0,114,22.5%,77%,2:11,1:40,5,,17:02,17.03
2023,Aug-23,33,32-2023,32,,2023-08-19,Sat,,,,,,,,,,,,,,,,142,6,0,,,,,,,,,,,,,,,,,,,,
2023,Aug-23,33,33-2023,33,,2023-08-20,Sun,,,,,,,,,,,,,,,,166,13,2,,,,,,,,,,,,,,,,,,,,
2023,Aug-23,34,33-2023,33,15,2023-08-21,Mon,64%,65%,0%,928,-5%,513,-10%,415,1%,879,461,433,418,408,,641,45,16,19.6,75%,0:57,43%,1:43,15:05,15.08,26,2,6.1%,2,131,22.4%,53%,4:06,2:42,10,,19:18,19.30
2023,Aug-23,34,33-2023,33,16,2023-08-22,Tue,78%,78%,0%,989,-10%,539,-15%,450,-5%,887,460,448,427,416,,575,42,6,19.9,83%,0:39,50%,1:24,14:08,14.13,7,5,2.6%,0,134,22.6%,72%,2:29,1:49,11,,18:18,18.30
2023,Aug-23,34,33-2023,33,17,2023-08-23,Wed,76%,77%,0%,983,-13%,530,-12%,453,-15%,855,468,445,387,378,,599,48,7,17.9,75%,0:57,45%,1:41,13:16,13.27,16,7,4.9%,2,160,25.7%,80%,2:16,1:55,9,,18:34,18.57
2023,Aug-23,34,33-2023,33,18,2023-08-24,Thu,66%,67%,0%,919,-15%,491,-15%,428,-14%,785,417,396,368,351,,534,37,8,17.4,69%,1:21,41%,2:06,13:23,13.38,19,2,5.0%,4,146,26.5%,64%,4:27,2:54,17,,19:25,19.42
2023,Aug-23,34,33-2023,33,19,2023-08-25,Fri,63%,65%,0%,766,-16%,411,-17%,355,-14%,647,342,325,305,297,,637,40,10,14.7,61%,1:38,37%,2:23,12:32,12.53,10,7,5.0%,4,112,25.3%,69%,2:52,2:04,8,,19:30,19.50
2023,Aug-23,34,33-2023,33,,2023-08-26,Sat,,,,,,,,,,,,,,,,112,14,2,,,,,,,,,,,,,,,,,,,,
2023,Aug-23,34,34-2023,34,,2023-08-27,Sun,,,,,,,,,,,,,,,,141,10,3,,,,,,,,,,,,,,,,,,,,
2023,Aug-23,35,34-2023,34,20,2023-08-28,Mon,52%,53%,0%,929,-3%,507,-2%,422,-5%,899,499,461,400,391,,596,49,26,22.8,49%,2:29,25%,3:16,12:52,12.87,36,2,7.6%,6,143,23.0%,59%,3:39,2:22,9,,18:38,18.63
2023,Aug-23,35,34-2023,34,21,2023-08-29,Tue,56%,58%,0%,983,-10%,530,-12%,453,-9%,881,469,439,412,395,,630,56,6,20.7,65%,1:32,42%,2:17,14:40,14.67,24,6,6.4%,3,140,23.4%,49%,4:45,2:45,17,,20:49,20.82
2023,Aug-23,35,34-2023,34,22,2023-08-30,Wed,55%,56%,0%,974,-6%,521,-10%,453,-2%,912,470,445,442,423,,572,46,6,22.4,58%,1:48,32%,2:36,14:05,14.08,23,2,5.3%,8,123,21.8%,54%,4:24,2:31,19,,20:07,20.12
2023,Aug-23,35,34-2023,34,23,2023-08-31,Thu,66%,67%,0%,901,0%,476,1%,425,0%,905,480,456,425,415,,602,40,12,20.6,67%,1:12,40%,1:57,12:55,12.92,18,6,5.0%,3,126,21.2%,67%,2:23,1:47,10,,17:03,17.05
2023,Sep-23,35,34-2023,34,1,2023-09-01,Fri,54%,55%,0%,714,13%,385,3%,329,24%,804,396,385,408,387,,523,35,2,17.6,66%,1:34,39%,2:16,13:54,13.90,10,1,2.8%,2,136,25.8%,45%,5:10,3:02,21,,20:16,20.27
2023,Sep-23,35,34-2023,34,,2023-09-02,Sat,,,,,,,,,,,,,,,,127,7,2,,,,,,,,,,,,,,,,,,,,
2023,Sep-23,35,35-2023,35,,2023-09-03,Sun,,,,,,,,,,,,,,,,143,9,2,,,,,,,,,,,,,,,,,,,,
2023,Sep-23,36,35-2023,35,,2023-09-04,Mon,52%,68%,0%,,,,,,,22,10,7,12,10,,330,18,7,,50%,1:45,10%,2:30,7:12,7.20,2,1,30.0%,0,15,60.0%,83%,1:55,2:03,2,,13:59,13.98
2023,Sep-23,36,35-2023,35,2,2023-09-05,Tue,44%,44%,0%,930,23%,501,28%,429,16%,1141,642,569,499,475,,699,62,15,22.3,42%,2:38,25%,3:22,11:25,11.42,65,8,11.4%,4,169,21.2%,46%,4:48,2:44,24,,19:44,19.73
2023,Sep-23,36,35-2023,35,3,2023-09-06,Wed,25%,26%,0%,919,18%,495,12%,424,25%,1083,552,433,531,476,,721,49,9,23.0,27%,6:52,14%,7:34,12:09,12.15,114,5,21.6%,31,145,24.2%,24%,7:24,3:40,55,,21:27,21.45
2023,Sep-23,36,35-2023,35,4,2023-09-07,Thu,33%,33%,0%,854,19%,455,21%,399,15%,1012,552,450,460,428,,605,50,9,21.5,32%,3:50,17%,4:37,12:20,12.33,95,7,18.5%,13,154,23.2%,35%,11:19,5:29,32,,25:00,25.00
2023,Sep-23,36,35-2023,35,5,2023-09-08,Fri,58%,59%,0%,700,4%,382,9%,318,-2%,726,415,381,311,301,,650,34,8,14.9,56%,2:10,32%,2:54,12:07,12.12,19,15,8.2%,4,123,23.4%,63%,3:24,2:07,10,,19:15,19.25
2023,Sep-23,36,35-2023,35,,2023-09-09,Sat,,,,,,,,,,,,,,,,136,9,2,,,,,,,,,,,,,,,,,,,,
2023,Sep-23,36,36-2023,36,,2023-09-10,Sun,,,,,,,,,,,,,,,,172,12,2,,,,,,,,,,,,,,,,,,,,
2023,Sep-23,37,36-2023,36,6,2023-09-11,Mon,36%,36%,0%,871,16%,481,17%,390,15%,1012,565,451,447,419,,628,42,13,22.6,35%,4:02,20%,4:48,10:53,10.88,107,7,20.2%,15,143,21.9%,38%,8:57,4:31,28,,24:34,24.57
2023,Sep-23,37,36-2023,36,7,2023-09-12,Tue,65%,68%,0%,926,10%,506,3%,420,20%,1023,519,494,504,487,,699,60,4,20.4,73%,1:03,44%,1:49,13:32,13.53,17,8,4.8%,3,146,22.3%,62%,4:08,2:29,17,,19:32,19.53
2023,Sep-23,37,36-2023,36,8,2023-09-13,Wed,58%,59%,0%,923,7%,502,-1%,421,16%,988,498,460,490,475,,701,37,4,20.2,59%,1:47,32%,2:31,12:00,12.00,32,6,7.6%,3,153,23.9%,58%,3:41,2:18,15,,19:40,19.67
2023,Sep-23,37,36-2023,36,9,2023-09-14,Thu,73%,76%,0%,859,1%,462,0%,397,3%,871,464,447,407,399,,576,46,3,17.9,77%,0:59,49%,1:44,12:46,12.77,14,3,3.7%,4,116,20.5%,74%,1:59,1:39,8,,17:57,17.95
2023,Sep-23,37,36-2023,36,10,2023-09-15,Fri,55%,57%,0%,708,18%,390,15%,318,22%,835,448,416,387,367,,477,30,4,17.2,58%,1:54,36%,2:41,14:12,14.20,27,5,7.1%,6,110,20.6%,55%,4:41,2:39,20,,19:53,19.88
2023,Sep-23,37,36-2023,36,,2023-09-16,Sat,,,,,,,,,,,,,,,,151,8,0,,,,,,,,,,,,,,,,,,,,
2023,Sep-23,37,37-2023,37,,2023-09-17,Sun,,,,,,,,,,,,,,,,161,16,0,,,,,,,,,,,,,,,,,,,,
2023,Sep-23,38,37-2023,37,11,2023-09-18,Mon,61%,62%,0%,892,10%,500,4%,392,18%,981,519,475,462,449,,675,31,11,20.0,54%,1:42,30%,2:28,12:41,12.68,37,7,8.5%,7,181,26.6%,71%,2:30,1:59,13,,18:58,18.97
2023,Sep-23,38,37-2023,37,12,2023-09-19,Tue,51%,51%,0%,953,3%,524,-1%,429,8%,982,518,478,464,433,,637,47,12,19.7,53%,2:25,32%,3:10,12:36,12.60,32,8,7.7%,7,154,23.7%,48%,5:01,3:00,31,,20:56,20.93
2023,Sep-23,38,37-2023,37,13,2023-09-20,Wed,68%,70%,0%,944,3%,518,-8%,426,16%,970,474,457,496,478,,705,59,7,19.0,80%,0:45,46%,1:31,12:26,12.43,14,3,3.6%,3,120,20.6%,60%,3:35,2:18,18,,18:37,18.62
2023,Sep-23,38,37-2023,37,14,2023-09-21,Thu,69%,70%,0%,883,2%,480,-6%,403,12%,900,450,436,450,437,,645,35,7,17.3,72%,1:00,37%,1:46,14:16,14.27,11,3,3.1%,0,128,22.1%,68%,2:26,1:50,13,,17:08,17.13
2023,Sep-23,38,37-2023,37,15,2023-09-22,Fri,73%,72%,0%,732,5%,406,7%,326,2%,767,436,411,331,314,,205,33,5,14.8,72%,1:07,44%,1:52,11:55,11.92,21,4,5.7%,4,144,25.3%,73%,2:14,1:48,17,,17:19,17.32
2023,Sep-23,38,37-2023,37,,2023-09-23,Sat,,,,,,,,,,,,,,,,,8,0,,,,,,,,,,,,,,,,,,,,
2023,Sep-23,38,38-2023,38,,2023-09-24,Sun,,,,,,,,,,,,,,,,,8,4,,,,,,,,,,,,,,,,,,,,
2023,Sep-23,39,38-2023,38,16,2023-09-25,Mon,50%,49%,0%,911,-2%,511,-3%,400,-1%,893,495,447,398,387,,,35,14,21.0,51%,2:29,28%,3:15,12:54,12.90,40,8,9.7%,8,122,20.8%,47%,4:23,2:33,11,,20:46,20.77
2023,Sep-23,39,38-2023,38,17,2023-09-26,Tue,60%,59%,0%,967,-13%,533,-18%,434,-7%,844,439,404,405,387,,,42,7,20.1,64%,1:32,39%,2:17,13:25,13.42,29,6,8.0%,4,114,21.2%,53%,5:05,2:41,18,,20:00,20.00
2023,Sep-23,39,38-2023,38,18,2023-09-27,Wed,57%,58%,0%,955,-7%,526,-14%,429,1%,886,451,415,435,409,,,54,11,21.3,65%,1:46,41%,2:30,11:52,11.87,32,4,8.0%,2,121,21.4%,50%,3:51,2:16,26,,19:17,19.28
2023,Sep-23,39,38-2023,38,19,2023-09-28,Thu,40%,39%,0%,899,-11%,487,-11%,412,-11%,796,431,357,365,340,,,62,7,21.8,39%,4:17,22%,5:04,11:33,11.55,67,7,17.2%,17,148,27.7%,38%,6:48,3:38,25,,22:22,22.37
2023,Sep-23,39,38-2023,38,20,2023-09-29,Fri,71%,72%,0%,738,-11%,407,-13%,331,-8%,657,354,339,303,295,,,33,5,15.9,78%,1:17,49%,1:59,12:38,12.63,11,4,4.2%,4,129,27.3%,64%,3:49,2:34,8,,18:22,18.37
2023,Sep-23,39,38-2023,38,,2023-09-30,Sat,,,,,,,,,,,,,,,,,7,3,,,,,,,,,,,,,,,,,,,,
2023,Oct-23,39,39-2023,39,,2023-10-01,Sun,,,,,,,,,,,,,,,,,16,1,,,,,,,,,,,,,,,,,,,,
2023,Oct-23,40,39-2023,39,1,2023-10-02,Mon,30%,30%,0%,911,20%,504,26%,407,13%,1093,634,502,459,427,,,55,15,25.6,23%,7:00,12%,7:43,12:10,12.17,124,8,20.8%,18,150,20.9%,40%,6:56,3:52,32,,21:24,21.40
2023,Oct-23,40,39-2023,39,2,2023-10-03,Tue,14%,13%,0%,970,146%,533,126%,437,170%,2384,1202,582,1182,744,,,64,4,56.1,16%,8:21,9%,9:09,5:49,5.82,602,18,51.6%,156,487,34.9%,10%,29:59,23:59,438,,26:59,26.98
2023,Oct-23,40,39-2023,39,3,2023-10-04,Wed,53%,54%,0%,962,4%,523,1%,439,8%,1001,528,491,473,451,,,39,9,22.4,59%,2:01,36%,2:45,13:47,13.78,27,10,7.0%,7,144,22.2%,48%,5:44,3:21,22,,20:46,20.77
2023,Oct-23,40,39-2023,39,4,2023-10-05,Thu,50%,51%,0%,898,5%,484,1%,414,9%,942,490,441,452,437,,,39,8,21.8,48%,3:27,30%,4:11,13:59,13.98,46,3,10.0%,9,122,21.1%,54%,4:20,2:38,15,,20:56,20.93
2023,Oct-23,40,39-2023,39,5,2023-10-06,Fri,57%,58%,0%,745,6%,407,2%,338,10%,787,416,376,371,356,,,41,9,19.8,58%,2:44,36%,3:28,13:52,13.87,36,4,9.6%,5,117,22.7%,58%,3:34,2:18,15,,20:33,20.55
2023,Oct-23,40,39-2023,39,,2023-10-07,Sat,,,,,,,,,,,,,,,,,8,2,,,,,,,,,,,,,,,,,,,,
2023,Oct-23,40,40-2023,40,,2023-10-08,Sun,,,,,,,,,,,,,,,,,10,2,,,,,,,,,,,,,,,,,,,,
2023,Oct-23,41,40-2023,40,6,2023-10-09,Mon,59%,60%,0%,861,-3%,481,-2%,380,-4%,837,473,439,364,349,,,38,12,19.0,62%,1:33,39%,2:18,14:25,14.42,27,7,7.2%,2,115,19.8%,57%,4:50,2:31,15,,20:53,20.88
2023,Oct-23,41,40-2023,40,7,2023-10-10,Tue,62%,63%,0%,966,-6%,529,-10%,437,-1%,910,477,441,433,418,,,53,9,20.7,68%,1:21,38%,2:08,12:08,12.13,30,6,7.5%,1,116,19.7%,58%,3:54,2:21,15,,20:45,20.75
2023,Oct-23,41,40-2023,40,8,2023-10-11,Wed,37%,37%,0%,966,-2%,519,-4%,447,1%,950,499,428,451,433,,,56,3,22.6,39%,5:29,20%,6:14,13:12,13.20,69,2,14.2%,24,155,26.4%,35%,7:34,4:00,18,,24:29,24.48
2023,Oct-23,41,40-2023,40,9,2023-10-12,Thu,53%,52%,0%,910,-2%,484,-3%,426,-1%,891,468,416,423,408,,,35,9,23.6,43%,3:37,25%,4:23,13:46,13.77,47,5,11.1%,14,119,22.1%,63%,3:11,2:05,15,,19:17,19.28
2023,Oct-23,41,40-2023,40,10,2023-10-13,Fri,61%,61%,0%,795,-10%,411,-9%,384,-12%,713,374,347,339,333,,,33,3,17.8,61%,1:56,33%,2:41,14:03,14.05,23,4,7.2%,3,103,22.1%,62%,3:16,2:06,6,,18:35,18.58
2023,Oct-23,41,40-2023,40,,2023-10-14,Sat,,,,,,,,,,,,,,,,,3,1,,,,,,,,,,,,,,,,,,,,
2023,Oct-23,41,41-2023,41,,2023-10-15,Sun,,,,,,,,,,,,,,,,,18,3,,,,,,,,,,,,,,,,,,,,
2023,Oct-23,42,41-2023,41,11,2023-10-16,Mon,38%,38%,0%,943,0%,510,-4%,433,4%,939,489,433,450,434,,,45,12,22.0,35%,4:07,21%,4:54,13:52,13.87,49,7,11.5%,12,176,27.8%,42%,5:36,2:58,16,,22:43,22.72
2023,Oct-23,42,41-2023,41,12,2023-10-17,Tue,54%,54%,0%,1002,-3%,542,-10%,460,6%,975,489,425,486,468,,,42,5,22.4,48%,3:46,28%,4:31,13:35,13.58,58,6,13.1%,14,136,23.5%,61%,3:03,2:02,18,,18:37,18.62
2023,Oct-23,42,41-2023,41,13,2023-10-18,Wed,64%,64%,0%,1008,-10%,535,-13%,473,-7%,906,468,426,438,431,,,46,3,20.6,59%,2:09,35%,2:56,12:20,12.33,34,8,9.0%,7,158,26.1%,70%,2:43,1:57,7,,21:16,21.27
2023,Oct-23,42,41-2023,41,14,2023-10-19,Thu,50%,50%,0%,955,4%,504,-5%,451,14%,994,479,441,515,492,,,55,5,21.6,54%,3:01,29%,3:48,12:53,12.88,32,6,7.9%,8,137,23.2%,46%,6:32,3:53,23,,22:01,22.02
2023,Oct-23,42,41-2023,41,15,2023-10-20,Fri,67%,65%,0%,804,-24%,430,-21%,374,-28%,608,338,312,270,266,,,44,9,15.3,61%,1:47,32%,2:33,13:32,13.53,26,0,7.7%,6,100,23.9%,71%,2:32,1:47,4,,19:28,19.47
2023,Oct-23,42,41-2023,41,,2023-10-21,Sat,,,,,,,,,,,,,,,,,9,3,,,,,,,,,,,,,,,,,,,,
2023,Oct-23,42,42-2023,42,,2023-10-22,Sun,,,,,,,,,,,,,,,,,9,1,,,,,,,,,,,,,,,,,,,,
2023,Oct-23,43,42-2023,42,16,2023-10-23,Mon,65%,65%,0%,991,-15%,533,-11%,458,-20%,841,474,433,367,353,,,46,15,19.6,59%,1:58,29%,2:45,14:15,14.25,36,5,8.6%,4,140,23.3%,72%,2:41,1:57,14,,17:51,17.85
2023,Oct-23,43,42-2023,42,17,2023-10-24,Tue,54%,54%,0%,1056,-16%,566,-15%,490,-18%,883,483,447,400,379,,,47,5,22.2,59%,1:52,31%,2:39,13:15,13.25,27,9,7.5%,5,124,21.1%,47%,4:38,2:34,21,,21:50,21.83
2023,Oct-23,43,42-2023,42,18,2023-10-25,Wed,68%,68%,0%,1097,-22%,599,-25%,498,-17%,858,447,430,411,402,,,52,8,20.7,74%,0:55,45%,1:40,12:12,12.20,10,7,3.8%,3,125,22.3%,61%,2:59,2:02,9,,18:20,18.33
2023,Oct-23,43,42-2023,42,19,2023-10-26,Thu,63%,63%,0%,992,-16%,520,-15%,472,-17%,832,442,412,390,378,,,47,4,20.9,67%,1:49,38%,2:34,13:57,13.95,27,3,6.8%,3,144,25.0%,58%,3:49,2:28,12,,17:59,17.98
2023,Oct-23,43,42-2023,42,20,2023-10-27,Fri,53%,54%,0%,845,-24%,451,-22%,394,-26%,643,352,331,291,278,,,34,5,14.6,56%,2:21,32%,3:08,14:22,14.37,20,1,6.0%,4,132,27.9%,51%,4:52,2:34,13,,20:51,20.85
2023,Oct-23,43,42-2023,42,,2023-10-28,Sat,,,,,,,,,,,,,,,,,11,1,,,,,,,,,,,,,,,,,,,,
2023,Oct-23,43,43-2023,43,,2023-10-29,Sun,,,,,,,,,,,,,,,,,16,3,,,,,,,,,,,,,,,,,,,,
2023,Oct-23,44,43-2023,43,21,2023-10-30,Mon,59%,61%,0%,1011,-13%,541,-8%,470,-19%,880,498,464,382,374,,,69,20,19.9,55%,1:50,29%,2:35,14:55,14.92,28,6,6.8%,2,130,21.0%,69%,2:49,1:55,8,,18:51,18.85
2023,Oct-23,44,43-2023,43,22,2023-10-31,Tue,72%,74%,0%,1069,-16%,572,-11%,497,-21%,900,509,483,391,384,,,47,31,18.6,72%,1:16,43%,2:02,15:18,15.30,19,7,5.1%,2,139,21.7%,77%,2:11,1:50,7,,18:11,18.18
2023,Nov-23,44,43-2023,43,1,2023-11-01,Wed,42%,41%,0%,1019,3%,546,6%,473,0%,1052,577,509,475,445,,,54,4,22.4,42%,3:44,26%,4:27,13:47,13.78,62,6,11.8%,14,131,20.1%,40%,7:18,3:51,30,,23:08,23.13
2023,Nov-23,44,43-2023,43,2,2023-11-02,Thu,47%,46%,0%,959,-5%,508,-4%,451,-6%,915,489,449,426,399,,,57,5,19.4,48%,2:33,31%,3:18,15:08,15.13,35,5,8.2%,3,129,21.3%,44%,5:02,2:42,27,,21:21,21.35
2023,Nov-23,44,43-2023,43,3,2023-11-03,Fri,71%,70%,0%,800,-4%,430,-4%,370,-3%,769,411,392,358,351,,,42,6,15.9,69%,1:44,40%,2:28,15:22,15.37,16,3,4.6%,3,146,26.6%,71%,2:09,1:48,7,,18:27,18.45
2023,Nov-23,44,43-2023,43,,2023-11-04,Sat,,,,,,,,,,,,,,,,,14,1,,,,,,,,,,,,,,,,,,,,
2023,Nov-23,44,44-2023,44,,2023-11-05,Sun,,,,,,,,,,,,,,,,,18,1,,,,,,,,,,,,,,,,,,,,
2023,Nov-23,45,44-2023,44,4,2023-11-06,Mon,31%,30%,0%,961,12%,519,14%,442,9%,1073,592,489,481,446,,,47,9,21.7,20%,6:12,12%,6:55,14:25,14.42,96,7,17.4%,19,147,21.9%,43%,7:43,3:40,35,,21:58,21.97
2023,Nov-23,45,44-2023,44,5,2023-11-07,Tue,41%,41%,0%,1014,-2%,543,-8%,471,5%,991,497,424,494,469,,,56,3,21.3,30%,4:40,18%,5:22,13:13,13.22,67,6,14.7%,18,153,25.6%,53%,5:14,2:57,25,,20:53,20.88
2023,Nov-23,45,44-2023,44,6,2023-11-08,Wed,43%,43%,0%,1007,-3%,535,-5%,472,-1%,978,509,471,469,440,,,59,2,21.3,37%,3:24,24%,4:09,13:38,13.63,35,3,7.5%,13,135,22.5%,50%,6:30,3:38,29,,20:40,20.67
2023,Nov-23,45,44-2023,44,7,2023-11-09,Thu,69%,68%,0%,932,-7%,487,-8%,445,-6%,867,450,421,417,407,,,51,7,17.0,66%,1:44,41%,2:28,13:04,13.07,24,5,6.4%,7,125,22.7%,71%,2:21,1:36,10,,18:06,18.10
2023,Nov-23,45,44-2023,44,8,2023-11-10,Fri,87%,87%,0%,890,-22%,445,-15%,445,-29%,692,377,369,315,312,,,45,3,14.7,82%,0:43,54%,1:28,13:50,13.83,6,2,2.1%,1,91,19.6%,92%,1:01,1:10,3,,15:30,15.50
2023,Nov-23,45,44-2023,44,,2023-11-11,Sat,,,,,,,,,,,,,,,,,7,1,,,,,,,,,,,,,,,,,,,,
2023,Nov-23,45,45-2023,45,,2023-11-12,Sun,,,,,,,,,,,,,,,,,19,3,,,,,,,,,,,,,,,,,,,,
2023,Nov-23,46,45-2023,45,9,2023-11-13,Mon,40%,39%,0%,933,4%,494,9%,439,-2%,970,540,456,430,414,,,66,14,21.1,25%,5:26,13%,6:15,12:05,12.08,78,6,15.6%,12,145,22.5%,57%,4:11,2:27,16,,19:21,19.35
2023,Nov-23,46,45-2023,45,10,2023-11-14,Tue,59%,59%,0%,991,-5%,521,-8%,470,-1%,942,478,451,464,451,,,49,8,19.2,51%,2:23,27%,3:08,14:37,14.62,26,1,5.6%,7,113,20.1%,68%,2:58,2:03,13,,18:48,18.80
2023,Nov-23,46,45-2023,45,11,2023-11-15,Wed,62%,62%,0%,983,-11%,513,-5%,470,-19%,872,489,454,383,368,,,47,12,17.0,64%,2:41,40%,3:26,12:14,12.23,32,3,7.2%,10,160,25.8%,60%,3:12,2:05,15,,19:02,19.03
2023,Nov-23,46,45-2023,45,12,2023-11-16,Thu,52%,52%,0%,911,-6%,464,-5%,447,-7%,858,442,415,416,396,,,47,6,17.6,50%,2:14,33%,2:58,13:00,13.00,25,2,6.1%,11,145,26.1%,55%,4:38,3:04,20,,20:07,20.12
2023,Nov-23,46,45-2023,45,13,2023-11-17,Fri,46%,46%,0%,762,-2%,394,1%,368,-5%,744,396,356,348,331,,,59,4,15.5,46%,3:36,27%,4:22,12:26,12.43,40,0,10.1%,13,126,26.0%,47%,5:42,3:28,17,,19:42,19.70
2023,Nov-23,46,45-2023,45,,2023-11-18,Sat,,,,,,,,,,,,,,,,,8,3,,,,,,,,,,,,,,,,,,,,
2023,Nov-23,46,46-2023,46,,2023-11-19,Sun,,,,,,,,,,,,,,,,,17,1,,,,,,,,,,,,,,,,,,,,
2023,Nov-23,47,46-2023,46,14,2023-11-20,Mon,54%,55%,0%,937,-4%,489,-2%,448,-7%,898,481,445,417,397,,,55,16,18.2,55%,2:18,35%,3:02,14:04,14.07,36,0,7.5%,9,152,25.1%,54%,4:27,2:44,20,,18:55,18.92
2023,Nov-23,47,46-2023,46,15,2023-11-21,Tue,66%,65%,0%,999,-14%,517,-13%,482,-16%,858,452,422,406,395,,,33,14,18.3,62%,1:31,39%,2:18,14:58,14.97,27,3,6.6%,0,132,22.6%,69%,2:41,2:05,11,,18:22,18.37
2023,Nov-23,47,46-2023,46,16,2023-11-22,Wed,89%,89%,0%,992,-29%,510,-28%,482,-29%,706,366,356,340,335,,,34,6,14.0,85%,0:32,57%,1:17,13:22,13.37,10,0,2.7%,0,113,23.6%,94%,0:59,1:10,5,,14:18,14.30
2023,Nov-23,47,46-2023,46,,2023-11-23,Thu,77%,75%,0%,,,,,,,32,17,12,15,15,,,27,0,,65%,0:20,41%,1:07,9:57,9.95,4,1,29.4%,0,25,59.5%,87%,2:20,2:37,0,,16:10,16.17
2023,Nov-23,47,46-2023,46,17,2023-11-24,Fri,93%,93%,0%,779,-69%,395,-69%,384,-68%,245,124,121,121,120,,,27,4,7.7,91%,0:19,57%,1:05,15:51,15.85,0,3,2.4%,0,60,32.6%,96%,0:58,1:15,1,,15:58,15.97
2023,Nov-23,47,46-2023,46,,2023-11-25,Sat,,,,,,,,,,,,,,,,,5,3,,,,,,,,,,,,,,,,,,,,
2023,Nov-23,47,47-2023,47,,2023-11-26,Sun,,,,,,,,,,,,,,,,,13,4,,,,,,,,,,,,,,,,,,,,
2023,Nov-23,48,47-2023,47,18,2023-11-27,Mon,32%,31%,0%,967,-4%,498,-5%,469,-3%,930,475,404,455,417,,,70,18,20.7,35%,4:09,19%,4:56,14:19,14.32,69,2,14.9%,12,144,24.7%,26%,8:29,3:56,38,,24:31,24.52
2023,Nov-23,48,47-2023,47,19,2023-11-28,Tue,43%,43%,0%,1023,-8%,529,-7%,494,-10%,937,492,439,445,422,,,59,10,19.5,39%,3:15,23%,4:02,13:15,13.25,47,6,10.8%,12,122,21.4%,47%,4:59,2:53,23,,21:34,21.57
2023,Nov-23,48,47-2023,47,20,2023-11-29,Wed,40%,40%,0%,1025,-2%,525,0%,500,-4%,1003,524,449,479,451,,,61,10,21.2,34%,4:25,21%,5:11,13:58,13.97,72,3,14.3%,9,142,22.4%,47%,5:13,3:10,28,,21:12,21.20
2023,Nov-23,48,47-2023,47,21,2023-11-30,Thu,24%,24%,0%,965,5%,484,12%,481,-3%,1011,544,444,467,422,,,55,6,22.1,22%,6:43,11%,7:28,13:58,13.97,96,4,18.4%,27,160,25.6%,26%,11:12,5:03,45,,25:28,25.47
2023,Dec-23,48,47-2023,47,1,2023-12-01,Fri,40%,40%,0%,705,11%,375,22%,330,-1%,785,458,399,327,309,,,110,5,17.6,41%,4:20,27%,5:03,13:06,13.10,56,3,12.9%,22,135,25.5%,38%,7:28,3:41,18,,22:52,22.87
2023,Dec-23,48,47-2023,47,,2023-12-02,Sat,,,,,,,,,,,,,,,,,7,2,,,,,,,,,,,,,,,,,,,,
2023,Dec-23,48,48-2023,48,,2023-12-03,Sun,,,,,,,,,,,,,,,,,10,8,,,,,,,,,,,,,,,,,,,,
2023,Dec-23,49,48-2023,48,2,2023-12-04,Mon,32%,31%,0%,900,32%,484,35%,416,29%,1192,655,561,537,479,,,59,12,24.8,31%,3:58,18%,4:43,14:24,14.40,88,6,14.4%,18,168,22.1%,32%,10:55,5:32,58,,23:56,23.93
2023,Dec-23,49,48-2023,48,3,2023-12-05,Tue,54%,55%,0%,969,6%,515,-2%,454,15%,1026,504,477,522,504,,,50,5,20.3,59%,1:29,38%,2:14,15:18,15.30,25,2,5.4%,6,162,25.0%,52%,4:09,2:22,18,,20:06,20.10
2023,Dec-23,49,48-2023,48,4,2023-12-06,Wed,34%,33%,0%,966,8%,510,6%,456,10%,1043,541,467,502,462,,,60,7,20.5,30%,5:13,17%,5:57,16:39,16.65,71,3,13.7%,15,150,23.4%,37%,7:17,3:43,40,,22:19,22.32
2023,Dec-23,49,48-2023,48,5,2023-12-07,Thu,61%,62%,0%,908,-23%,474,-16%,434,-29%,702,396,361,306,295,,,60,6,12.8,58%,1:58,37%,2:43,15:56,15.93,33,2,8.8%,7,151,28.5%,67%,2:47,1:56,11,,19:35,19.58
2023,Dec-23,49,48-2023,48,6,2023-12-08,Fri,72%,72%,0%,755,2%,398,17%,357,-15%,767,464,442,303,303,,,24,7,16.0,69%,1:06,43%,1:51,14:26,14.43,15,7,4.7%,5,137,23.4%,77%,2:26,1:43,0,,18:26,18.43
2023,Dec-23,49,48-2023,48,,2023-12-09,Sat,,,,,,,,,,,,,,,,,9,3,,,,,,,,,,,,,,,,,,,,
2023,Dec-23,49,49-2023,49,,2023-12-10,Sun,,,,,,,,,,,,,,,,,12,1,,,,,,,,,,,,,,,,,,,,
2023,Dec-23,50,49-2023,49,7,2023-12-11,Mon,35%,36%,0%,927,4%,498,9%,429,-1%,968,545,428,423,405,,,45,13,21.8,26%,8:05,15%,8:50,16:34,16.57,115,2,21.5%,34,159,26.2%,50%,5:07,2:52,18,,20:37,20.62
2023,Dec-23,50,49-2023,49,8,2023-12-12,Tue,35%,35%,0%,984,-1%,521,4%,463,-7%,970,541,470,429,408,,,38,7,21.2,31%,3:53,17%,4:39,14:47,14.78,66,5,13.1%,19,168,25.7%,39%,6:20,3:16,21,,20:51,20.85
2023,Dec-23,50,49-2023,49,9,2023-12-13,Wed,48%,49%,0%,970,-10%,510,-7%,460,-13%,873,475,427,398,366,,,51,5,19.7,50%,2:29,30%,3:15,14:51,14.85,43,5,10.1%,5,147,24.2%,48%,4:26,2:39,32,,20:03,20.05
2023,Dec-23,50,49-2023,49,10,2023-12-14,Thu,57%,59%,0%,901,-6%,467,-1%,434,-12%,845,462,416,383,369,,,53,7,18.0,45%,2:56,26%,3:43,14:42,14.70,43,3,10.0%,6,140,24.0%,75%,2:32,1:54,14,,17:57,17.95
2023,Dec-23,50,49-2023,49,11,2023-12-15,Fri,62%,64%,0%,739,-18%,388,-13%,351,-22%,609,336,318,273,259,,,45,4,12.5,76%,1:03,53%,1:45,14:23,14.38,14,4,5.4%,1,148,30.7%,49%,3:52,2:03,14,,19:03,19.05
2023,Dec-23,50,49-2023,49,,2023-12-16,Sat,,,,,,,,,,,,,,,,,8,2,,,,,,,,,,,,,,,,,,,,
2023,Dec-23,50,50-2023,50,,2023-12-17,Sun,,,,,,,,,,,,,,,,,9,2,,,,,,,,,,,,,,,,,,,,
2023,Dec-23,51,50-2023,50,12,2023-12-18,Mon,40%,41%,0%,882,7%,470,12%,412,1%,942,526,462,416,395,,,48,17,24.0,34%,3:28,0%,4:14,13:58,13.97,61,3,12.2%,4,183,26.2%,50%,5:32,3:34,21,,20:18,20.30
2023,Dec-23,51,50-2023,50,13,2023-12-19,Tue,59%,61%,0%,932,-7%,490,-6%,442,-7%,869,460,415,409,399,,,46,4,20.2,54%,1:46,0%,2:31,14:55,14.92,38,7,9.8%,6,152,25.6%,69%,2:42,1:52,10,,17:46,17.77
2023,Dec-23,51,50-2023,50,14,2023-12-20,Wed,46%,45%,0%,912,2%,476,11%,436,-6%,934,526,476,408,384,,,36,2,21.8,49%,2:57,0%,3:41,13:52,13.87,46,4,9.5%,9,159,24.2%,40%,6:01,3:03,24,,20:18,20.30
2023,Dec-23,51,50-2023,50,15,2023-12-21,Thu,50%,49%,0%,833,-14%,429,-6%,404,-22%,719,402,358,317,299,,,38,5,19.3,51%,2:28,0%,3:13,15:10,15.17,40,4,10.9%,10,141,27.3%,47%,6:10,3:27,18,,20:04,20.07
2023,Dec-23,51,50-2023,50,16,2023-12-22,Fri,64%,62%,0%,674,-23%,348,-11%,326,-35%,521,308,281,213,207,,,29,3,16.3,63%,1:43,0%,2:28,16:49,16.82,23,4,8.8%,2,95,24.0%,60%,3:44,2:07,6,,18:17,18.28
2023,Dec-23,51,50-2023,50,,2023-12-23,Sat,,,,,,,,,,,,,,,,,6,1,,,,,,,,,,,,,,,,,,,,
2023,Dec-23,51,51-2023,51,,2023-12-24,Sun,,,,,,,,,,,,,,,,,2,2,,,,,,,,,,,,,,,,,,,,
2023,Dec-23,52,51-2023,51,,2023-12-25,Mon,,,,,,,,,,,,,,,,,5,2,,,,,,,,,,,,,,,,,,,,
2023,Dec-23,52,51-2023,51,,2023-12-26,Tue,,,,,,,,,,,,,,,,,28,9,,,,,,,,,,,,,,,,,,,,
2023,Dec-23,52,51-2023,51,17,2023-12-27,Wed,63%,63%,0%,853,-21%,438,0%,415,-44%,670,437,410,233,226,,,33,9,18.4,62%,1:42,0%,2:26,14:53,14.88,26,1,6.2%,3,105,19.8%,66%,3:00,2:01,7,,20:03,20.05
2023,Dec-23,52,51-2023,51,18,2023-12-28,Thu,46%,45%,0%,787,-8%,398,8%,389,-23%,726,428,394,298,281,,,37,7,19.2,41%,3:20,0%,4:05,15:19,15.32,29,5,7.9%,9,96,19.7%,51%,5:21,3:00,17,,19:11,19.18
2023,Dec-23,52,51-2023,51,19,2023-12-29,Fri,54%,53%,0%,631,-8%,322,12%,309,-29%,581,361,333,220,208,,,34,2,14.5,47%,2:41,0%,3:25,15:56,15.93,25,3,7.8%,6,90,21.0%,64%,3:34,2:32,12,,20:13,20.22
2023,Dec-23,52,51-2023,51,,2023-12-30,Sat,,,,,,,,,,,,,,,,,6,7,,,,,,,,,,,,,,,,,,,,
2023,Dec-23,52,52-2024,52,,2023-12-31,Sun,,,,,,,,,,,,,,,,,8,6,,,,,,,,,,,,,,,,,,,,
2024,Jan-24,1,1-2024,1,,2024-01-01,Mon,,,,,,,,,,,,,,,,,17,6,,,,,,,,,,,,,,,,,,,,
2024,Jan-24,1,1-2024,1,1,2024-01-02,Tue,32%,31%,0%,1213,-4%,717,-4%,496,-3%,1168,687,600,481,442,,,50,25,24.6,31%,4:02,0%,4:52,15:24,15.40,81,6,12.7%,18,179,22.3%,31%,9:14,4:38,39,,24:56,24.93
2024,Jan-24,1,1-2024,1,2,2024-01-03,Wed,24%,23%,0%,1002,20%,531,19%,471,21%,1203,631,549,572,508,,,61,12,24.9,28%,6:02,0%,6:46,15:21,15.35,79,3,13.0%,26,168,23.5%,18%,14:12,6:42,64,,27:53,27.88
2024,Jan-24,1,1-2024,1,3,2024-01-04,Thu,30%,8%,0%,1042,257%,575,150%,467,390%,3722,1436,722,2286,1289,,,1236,9,79.2,10%,19:45,0%,20:55,10:10,10.17,712,2,49.7%,164,1114,47.1%,6%,28:35,18:32,997,,22:13,22.22
2024,Jan-24,1,1-2024,1,4,2024-01-05,Fri,36%,35%,0%,911,9%,515,3%,396,17%,993,530,471,463,435,,,45,6,21.0,34%,5:00,0%,6:00,16:24,16.40,58,1,11.1%,13,162,24.8%,37%,6:13,3:23,28,,21:41,21.68
2024,Jan-24,1,1-2024,1,,2024-01-06,Sat,,,,,,,,,,,,,,,,,14,5,,,,,,,,,,,,,,,,,,,,
2024,Jan-24,1,2-2024,2,,2024-01-07,Sun,,,,,,,,,,,,,,,,,14,3,,,,,,,,,,,,,,,,,,,,
2024,Jan-24,2,2-2024,2,5,2024-01-08,Mon,35%,34%,0%,1094,2%,619,1%,475,4%,1121,628,566,493,468,,,81,16,22.6,34%,2:59,0%,3:54,16:04,16.07,59,3,9.9%,10,153,20.6%,34%,8:10,4:08,25,,23:11,23.18
2024,Jan-24,2,2-2024,2,6,2024-01-09,Tue,69%,68%,0%,1163,-7%,624,-7%,539,-7%,1082,582,542,500,496,,,76,12,20.9,69%,1:20,0%,2:21,14:13,14.22,38,2,6.9%,2,172,23.0%,66%,2:51,1:58,4,,18:31,18.52
2024,Jan-24,2,2-2024,2,7,2024-01-10,Wed,22%,17%,0%,1083,1%,599,-9%,484,14%,1097,544,429,553,482,,,75,13,25.5,15%,10:28,0%,11:39,17:30,17.50,112,3,21.1%,27,208,30.2%,19%,13:16,6:06,71,,26:44,26.73
2024,Jan-24,2,2-2024,2,,2024-01-11,Thu,39%,80%,0%,,,,,,,10,3,2,7,6,,,103,13,,67%,0:14,0%,1:29,20:11,20.18,1,0,33.3%,0,93,96.9%,86%,0:51,1:29,1,,24:50,24.83
2024,Jan-24,2,2-2024,2,,2024-01-12,Fri,32%,50%,0%,,,,,,,20,9,3,11,9,,,99,4,,33%,0:24,0%,1:52,2:21,2.35,4,2,66.7%,0,83,90.2%,64%,2:07,1:48,2,,15:15,15.25
2024,Jan-24,2,2-2024,2,,2024-01-13,Sat,,,,,,,,,,,,,,,,,16,5,,,,,,,,,,,,,,,,,,,,
2024,Jan-24,2,3-2024,3,,2024-01-14,Sun,,,,,,,,,,,,,,,,,25,4,,,,,,,,,,,,,,,,,,,,
2024,Jan-24,3,3-2024,3,8,2024-01-15,Mon,18%,16%,0%,1124,5%,644,-3%,480,16%,1182,625,473,557,471,,,62,15,29.6,12%,10:34,0%,11:40,15:32,15.53,150,2,24.3%,26,216,27.9%,21%,9:49,5:20,86,,20:46,20.77
2024,Jan-24,3,3-2024,3,9,2024-01-16,Tue,9%,7%,0%,1299,22%,679,12%,620,33%,1580,758,579,822,558,,,84,15,37.0,8%,9:14,0%,10:19,14:51,14.85,175,4,23.6%,46,291,30.8%,7%,25:05,14:06,264,,27:18,27.30
2024,Jan-24,3,3-2024,3,10,2024-01-17,Wed,46%,46%,0%,1302,-12%,679,-11%,623,-13%,1147,607,545,540,494,,,60,11,23.4,49%,4:01,0%,4:54,14:12,14.20,59,3,10.2%,9,216,27.0%,43%,5:57,3:07,46,,19:47,19.78
2024,Jan-24,3,3-2024,3,11,2024-01-18,Thu,43%,42%,0%,1228,-12%,635,-7%,593,-17%,1084,589,530,495,472,,,61,3,22.8,35%,3:57,0%,4:51,15:03,15.05,58,1,10.0%,13,178,24.5%,50%,5:13,2:58,23,,19:41,19.68
2024,Jan-24,3,3-2024,3,12,2024-01-19,Fri,86%,85%,0%,1053,-24%,548,-16%,505,-33%,800,462,457,338,332,,,44,8,16.6,85%,0:34,0%,1:19,14:17,14.28,2,3,1.1%,0,151,24.6%,86%,1:19,1:15,6,,16:04,16.07
2024,Jan-24,3,3-2024,3,,2024-01-20,Sat,,,,,,,,,,,,,,,,,13,4,,,,,,,,,,,,,,,,,,,,
2024,Jan-24,3,4-2024,4,,2024-01-21,Sun,,,,,,,,,,,,,,,,,20,3,,,,,,,,,,,,,,,,,,,,
2024,Jan-24,4,4-2024,4,13,2024-01-22,Mon,47%,47%,0%,1073,-10%,571,-8%,502,-12%,967,523,479,444,429,,,58,22,21.5,39%,3:36,0%,4:26,15:40,15.67,40,4,8.4%,12,170,25.8%,57%,3:22,2:12,15,,19:01,19.02
2024,Jan-24,4,4-2024,4,14,2024-01-23,Tue,56%,56%,0%,1124,-10%,593,-10%,531,-10%,1015,535,495,480,458,,,56,13,21.6,57%,2:11,0%,2:58,15:07,15.12,36,4,7.5%,8,163,24.2%,54%,6:01,3:15,22,,22:01,22.02
2024,Jan-24,4,4-2024,4,15,2024-01-24,Wed,55%,54%,0%,1117,-12%,589,-14%,528,-9%,985,507,481,478,460,,,63,15,20.0,53%,2:46,0%,3:37,15:13,15.22,25,1,5.1%,8,188,27.9%,55%,4:30,2:37,18,,19:05,19.08
2024,Jan-24,4,4-2024,4,16,2024-01-25,Thu,55%,54%,0%,1050,-6%,549,-1%,501,-12%,984,543,507,441,423,,,64,7,20.3,53%,3:05,0%,3:55,15:10,15.17,31,5,6.6%,8,172,24.9%,55%,4:58,2:56,18,,20:50,20.83
2024,Jan-24,4,4-2024,4,17,2024-01-26,Fri,61%,62%,0%,891,-17%,474,-10%,417,-24%,741,426,407,315,303,,,49,12,16.7,67%,1:28,0%,2:13,13:55,13.92,13,6,4.5%,5,159,27.8%,56%,3:53,2:20,12,,18:38,18.63
2024,Jan-24,4,4-2024,4,,2024-01-27,Sat,,,,,,,,,,,,,,,,,14,7,,,,,,,,,,,,,,,,,,,,
2024,Jan-24,4,5-2024,5,,2024-01-28,Sun,,,,,,,,,,,,,,,,,16,3,,,,,,,,,,,,,,,,,,,,
2024,Jan-24,5,5-2024,5,18,2024-01-29,Mon,56%,56%,0%,1059,-5%,573,-4%,486,-7%,1004,550,515,454,441,,,56,16,20.0,61%,2:07,0%,2:54,14:30,14.50,33,2,6.4%,4,174,24.5%,50%,3:44,2:10,13,,19:10,19.17
2024,Jan-24,5,5-2024,5,19,2024-01-30,Tue,63%,62%,0%,1109,-6%,593,-6%,516,-5%,1045,556,531,489,454,,,51,13,23.6,64%,1:35,0%,2:22,14:21,14.35,22,3,4.5%,4,177,24.6%,60%,3:44,2:15,35,,17:32,17.53
2024,Jan-24,5,5-2024,5,20,2024-01-31,Wed,36%,34%,0%,1094,11%,585,10%,509,13%,1217,641,564,576,528,,,50,15,25.9,28%,5:41,0%,6:35,15:14,15.23,74,3,12.0%,28,170,23.6%,41%,7:53,3:52,48,,22:07,22.12
2024,Feb-24,5,5-2024,5,1,2024-02-01,Thu,56%,54%,0%,1034,15%,552,18%,482,11%,1186,650,622,536,501,,,68,9,22.2,54%,1:39,0%,2:22,14:06,14.10,26,2,4.3%,8,171,21.6%,54%,4:03,2:32,35,,18:18,18.30
2024,Feb-24,5,5-2024,5,2,2024-02-02,Fri,69%,67%,0%,880,13%,482,13%,398,13%,997,546,525,451,436,,,53,9,18.7,71%,1:34,0%,2:18,14:51,14.85,19,2,3.8%,1,174,24.3%,63%,3:23,1:58,15,,18:05,18.08
2024,Feb-24,5,5-2024,5,,2024-02-03,Sat,,,,,,,,,,,,,,,,,16,6,,,,,,,,,,,,,,,,,,,,
2024,Feb-24,5,6-2024,6,,2024-02-04,Sun,,,,,,,,,,,,,,,,,26,9,,,,,,,,,,,,,,,,,,,,
2024,Feb-24,6,6-2024,6,3,2024-02-05,Mon,54%,52%,0%,1058,5%,585,3%,473,7%,1107,600,551,507,486,,,50,20,25.4,52%,3:00,0%,3:49,15:38,15.63,44,5,8.2%,13,211,27.2%,53%,5:22,3:03,21,,18:57,18.95
2024,Feb-24,6,6-2024,6,4,2024-02-06,Tue,75%,74%,0%,1119,0%,614,-3%,505,4%,1119,593,575,526,518,,,78,8,20.9,79%,0:59,0%,1:45,14:15,14.25,12,6,3.0%,2,141,19.4%,69%,2:24,1:47,8,,17:54,17.90
2024,Feb-24,6,6-2024,6,5,2024-02-07,Wed,73%,72%,0%,1115,-7%,608,-6%,507,-8%,1039,573,562,466,456,,,62,7,19.5,76%,1:11,0%,1:54,14:44,14.73,10,1,1.9%,3,167,22.9%,66%,2:53,1:50,10,,18:26,18.43
2024,Feb-24,6,6-2024,6,6,2024-02-08,Thu,77%,76%,0%,1040,-18%,566,-12%,474,-26%,848,498,479,350,339,,,62,5,15.6,73%,0:53,0%,1:38,14:00,14.00,16,3,3.8%,2,124,20.2%,81%,2:50,1:59,11,,17:44,17.73
2024,Feb-24,6,6-2024,6,7,2024-02-09,Fri,84%,84%,0%,893,-6%,496,5%,397,-20%,836,520,504,316,315,,,43,9,15.3,80%,0:54,0%,1:40,13:47,13.78,11,5,3.1%,1,157,23.3%,90%,1:19,1:25,1,,16:01,16.02
2024,Feb-24,6,6-2024,6,,2024-02-10,Sat,,,,,,,,,,,,,,,,,20,2,,,,,,,,,,,,,,,,,,,,
2024,Feb-24,6,7-2024,7,,2024-02-11,Sun,,,,,,,,,,,,,,,,,12,3,,,,,,,,,,,,,,,,,,,,
2024,Feb-24,7,7-2024,7,8,2024-02-12,Mon,71%,70%,0%,1076,1%,600,2%,476,1%,1090,609,579,481,470,,,59,1,21.2,66%,1:53,0%,2:40,14:38,14.63,27,3,4.9%,4,185,23.7%,76%,2:07,1:35,11,,16:39,16.65
2024,Feb-24,7,7-2024,7,9,2024-02-13,Tue,66%,64%,0%,1139,-5%,626,-5%,513,-6%,1081,597,560,484,474,,,80,8,23.9,60%,2:05,0%,2:52,15:22,15.37,35,2,6.2%,5,198,25.4%,70%,2:57,2:03,10,,16:53,16.88
2024,Feb-24,7,7-2024,7,10,2024-02-14,Wed,80%,81%,0%,1136,-10%,623,-6%,513,-14%,1026,583,566,443,438,,,72,7,20.7,78%,1:00,0%,1:45,15:00,15.00,17,0,2.9%,3,152,21.0%,84%,1:34,1:27,5,,15:39,15.65
2024,Feb-24,7,7-2024,7,11,2024-02-15,Thu,72%,72%,0%,1067,6%,582,8%,485,4%,1129,626,554,503,474,,,66,9,22.4,73%,0:56,0%,1:43,12:11,12.18,65,7,11.5%,16,200,25.7%,70%,3:01,2:31,29,,14:57,14.95
2024,Feb-24,7,7-2024,7,12,2024-02-16,Fri,86%,86%,0%,914,-12%,509,-10%,405,-15%,806,460,450,346,341,,,30,2,16.0,89%,0:30,0%,1:15,13:01,13.02,8,2,2.2%,1,162,26.2%,82%,1:37,1:24,5,,14:19,14.32
2024,Feb-24,7,7-2024,7,,2024-02-17,Sat,,,,,,,,,,,,,,,,,14,10,,,,,,,,,,,,,,,,,,,,
2024,Feb-24,7,8-2024,8,,2024-02-18,Sun,,,,,,,,,,,,,,,,,16,6,,,,,,,,,,,,,,,,,,,,
2024,Feb-24,8,8-2024,8,13,2024-02-19,Mon,91%,91%,0%,1095,-34%,609,-30%,486,-40%,719,425,415,294,291,,,37,14,14.7,88%,0:30,0%,1:15,14:21,14.35,5,5,2.4%,2,119,22.2%,95%,0:48,1:02,3,,13:28,13.47
2024,Feb-24,8,8-2024,8,14,2024-02-20,Tue,89%,89%,0%,1156,-20%,636,-22%,520,-17%,926,493,481,433,423,,,42,11,18.2,89%,0:24,0%,1:09,13:44,13.73,6,6,2.4%,1,154,23.9%,88%,1:09,1:16,10,,15:26,15.43
2024,Feb-24,8,8-2024,8,15,2024-02-21,Wed,90%,90%,0%,1155,-12%,629,-11%,526,-12%,1022,557,551,465,455,,,56,11,20.0,93%,0:20,0%,1:06,13:07,13.12,5,1,1.1%,1,151,21.4%,86%,1:12,1:17,10,,15:21,15.35
2024,Feb-24,8,8-2024,8,16,2024-02-22,Thu,74%,73%,0%,1075,-9%,584,-2%,491,-17%,977,571,543,406,397,,,48,12,19.6,69%,1:13,0%,1:59,14:02,14.03,19,9,4.9%,3,150,21.1%,78%,1:39,1:30,9,,15:24,15.40
2024,Feb-24,8,8-2024,8,17,2024-02-23,Fri,72%,70%,0%,924,-12%,509,-10%,415,-16%,809,460,442,349,340,,,45,6,16.2,67%,1:23,0%,2:07,13:13,13.22,15,3,3.9%,1,174,27.6%,75%,2:17,1:39,9,,15:40,15.67
2024,Feb-24,8,8-2024,8,,2024-02-24,Sat,,,,,,,,,,,,,,,,,19,5,,,,,,,,,,,,,,,,,,,,
2024,Feb-24,8,9-2024,9,,2024-02-25,Sun,,,,,,,,,,,,,,,,,19,3,,,,,,,,,,,,,,,,,,,,
2024,Feb-24,9,9-2024,9,18,2024-02-26,Mon,78%,78%,0%,1091,2%,601,6%,490,-3%,1113,637,616,476,468,,,77,14,21.5,76%,1:07,0%,1:52,12:42,12.70,17,4,3.3%,4,196,23.9%,81%,1:44,1:25,8,,15:39,15.65
2024,Feb-24,9,9-2024,9,19,2024-02-27,Tue,79%,78%,0%,1147,-3%,625,-3%,522,-4%,1107,607,591,500,489,,,76,13,21.5,81%,0:44,0%,1:30,13:41,13.68,12,4,2.6%,3,179,23.1%,74%,2:02,1:36,11,,15:29,15.48
2024,Feb-24,9,9-2024,9,20,2024-02-28,Wed,87%,87%,0%,1141,-11%,615,-12%,526,-9%,1016,539,531,477,467,,,63,10,19.6,88%,0:27,0%,1:12,13:25,13.42,5,3,1.5%,1,152,22.1%,85%,1:27,1:25,10,,15:04,15.07
2024,Feb-24,9,9-2024,9,21,2024-02-29,Thu,68%,67%,0%,1058,4%,567,8%,491,0%,1103,611,573,492,480,,,50,9,23.1,64%,1:44,0%,2:29,14:41,14.68,31,7,6.2%,5,185,23.7%,70%,2:17,1:39,12,,15:38,15.63
2024,Mar-24,9,9-2024,9,1,2024-03-01,Fri,66%,65%,0%,796,26%,446,32%,350,17%,1000,589,550,411,406,,,37,14,20.5,60%,1:39,0%,2:22,14:07,14.12,32,7,6.6%,2,127,18.0%,72%,2:29,1:48,5,,15:35,15.58
2024,Mar-24,9,9-2024,9,,2024-03-02,Sat,,,,,,,,,,,,,,,,,14,2,,,,,,,,,,,,,,,,,,,,
2024,Mar-24,9,10-2024,10,,2024-03-03,Sun,,,,,,,,,,,,,,,,,75,6,,,,,,,,,,,,,,,,,,,,
2024,Mar-24,10,10-2024,10,2,2024-03-04,Mon,53%,52%,0%,967,24%,539,25%,428,24%,1203,674,606,529,513,,,71,25,24.8,46%,3:08,0%,3:57,13:54,13.90,64,4,10.1%,14,205,24.5%,60%,3:41,2:09,16,,16:33,16.55
2024,Mar-24,10,10-2024,10,3,2024-03-05,Tue,52%,50%,0%,1021,26%,560,34%,461,16%,1285,748,685,537,512,,,68,8,25.0,45%,2:45,0%,3:34,12:48,12.80,60,3,8.4%,9,214,23.0%,57%,3:39,2:22,25,,17:08,17.13
2024,Mar-24,10,10-2024,10,4,2024-03-06,Wed,60%,61%,0%,999,15%,545,19%,454,12%,1153,646,596,507,485,,,84,8,24.4,60%,2:06,0%,2:54,14:12,14.20,45,5,7.7%,7,187,23.1%,63%,3:16,2:04,22,,17:59,17.98
2024,Mar-24,10,10-2024,10,5,2024-03-07,Thu,49%,51%,0%,929,0%,504,-3%,425,3%,927,489,452,438,418,,,73,15,18.9,52%,2:28,0%,3:14,16:18,16.30,34,3,7.6%,9,180,27.9%,49%,3:51,2:18,20,,16:48,16.80
2024,Mar-24,10,10-2024,10,6,2024-03-08,Fri,62%,62%,0%,780,32%,431,26%,349,39%,1030,544,487,486,461,,,41,10,21.5,62%,2:33,0%,3:21,14:26,14.43,54,3,10.5%,8,198,27.5%,61%,3:11,2:10,25,,16:44,16.73
2024,Mar-24,10,10-2024,10,,2024-03-09,Sat,,,,,,,,,,,,,,,,,12,3,,,,,,,,,,,,,,,,,,,,
2024,Mar-24,10,11-2024,11,,2024-03-10,Sun,,,,,,,,,,,,,,,,,52,4,,,,,,,,,,,,,,,,,,,,
2024,Mar-24,11,11-2024,11,7,2024-03-11,Mon,82%,82%,0%,959,6%,531,8%,428,4%,1021,576,555,445,436,,,53,18,21.6,80%,0:47,0%,1:32,13:28,13.47,16,5,3.6%,3,213,27.3%,84%,1:27,1:24,9,,15:23,15.38
2024,Mar-24,11,11-2024,11,8,2024-03-12,Tue,78%,79%,0%,1015,0%,554,3%,461,-2%,1018,568,546,450,442,,,65,10,21.5,75%,1:01,0%,1:46,13:17,13.28,16,6,3.9%,5,174,24.0%,83%,1:34,1:25,8,,15:18,15.30
2024,Mar-24,11,11-2024,11,9,2024-03-13,Wed,55%,55%,0%,997,11%,542,18%,455,3%,1111,641,596,470,450,,,65,11,20.8,56%,1:39,0%,2:26,14:57,14.95,45,0,7.0%,5,156,20.1%,53%,3:30,2:00,20,,18:49,18.82
2024,Mar-24,11,11-2024,11,10,2024-03-14,Thu,82%,81%,0%,930,8%,504,12%,426,2%,1001,565,553,436,429,,,42,9,19.4,84%,0:38,0%,1:25,13:32,13.53,9,3,2.1%,0,146,20.5%,78%,2:05,1:30,7,,16:16,16.27
2024,Mar-24,11,11-2024,11,11,2024-03-15,Fri,68%,67%,0%,783,8%,433,9%,350,7%,849,474,448,375,365,,,65,6,17.6,69%,1:11,0%,1:57,15:28,15.47,24,2,5.5%,2,164,25.9%,64%,3:29,1:58,10,,17:33,17.55
2024,Mar-24,11,11-2024,11,,2024-03-16,Sat,,,,,,,,,,,,,,,,,7,3,,,,,,,,,,,,,,,,,,,,
2024,Mar-24,11,12-2024,12,,2024-03-17,Sun,,,,,,,,,,,,,,,,,11,9,,,,,,,,,,,,,,,,,,,,
2024,Mar-24,12,12-2024,12,12,2024-03-18,Mon,50%,48%,0%,968,48%,539,44%,429,53%,1430,775,681,655,566,,,89,17,30.8,52%,2:21,0%,3:11,11:03,11.05,87,7,12.1%,18,399,35.0%,43%,6:45,4:57,89,,16:49,16.82
2024,Mar-24,12,12-2024,12,13,2024-03-19,Tue,85%,84%,0%,1027,-9%,564,-7%,463,-11%,937,523,508,414,409,,,69,6,18.4,81%,0:35,0%,1:22,14:04,14.07,11,4,2.9%,1,168,24.4%,87%,1:27,1:21,5,,14:54,14.90
2024,Mar-24,12,12-2024,12,14,2024-03-20,Wed,82%,82%,0%,1008,-4%,552,-3%,456,-6%,966,536,521,430,426,,,44,5,19.4,83%,0:41,0%,1:29,13:10,13.17,9,6,2.8%,3,152,22.4%,81%,1:36,1:27,4,,16:28,16.47
2024,Mar-24,12,12-2024,12,15,2024-03-21,Thu,82%,81%,0%,942,1%,515,-4%,427,7%,950,492,478,458,445,,,49,12,19.5,81%,0:48,0%,1:35,13:47,13.78,8,6,2.8%,1,170,25.8%,81%,1:48,1:22,13,,16:02,16.03
2024,Mar-24,12,12-2024,12,16,2024-03-22,Fri,88%,88%,0%,793,3%,443,0%,350,6%,815,444,434,371,367,,,44,4,16.4,88%,0:30,0%,1:18,15:21,15.35,6,4,2.3%,1,146,24.9%,89%,1:06,1:09,4,,15:22,15.37
2024,Mar-24,12,12-2024,12,,2024-03-23,Sat,,,,,,,,,,,,,,,,,13,2,,,,,,,,,,,,,,,,,,,,
2024,Mar-24,12,13-2024,13,,2024-03-24,Sun,,,,,,,,,,,,,,,,,15,4,,,,,,,,,,,,,,,,,,,,
2024,Mar-24,13,13-2024,13,17,2024-03-25,Mon,66%,65%,0%,975,4%,547,10%,428,-4%,1010,601,573,409,395,,,46,18,20.3,67%,1:27,0%,2:14,14:39,14.65,25,3,4.7%,5,222,27.4%,63%,3:11,2:03,14,,16:30,16.50
2024,Mar-24,13,13-2024,13,18,2024-03-26,Tue,85%,85%,0%,1031,-8%,570,-8%,461,-9%,947,526,519,421,411,,,57,9,18.5,89%,0:31,0%,1:20,12:50,12.83,4,3,1.3%,3,181,25.9%,80%,1:47,1:31,10,,15:06,15.10
2024,Mar-24,13,13-2024,13,19,2024-03-27,Wed,84%,83%,0%,1010,-6%,557,-6%,453,-6%,947,522,512,425,415,,,61,9,18.3,84%,0:35,0%,1:26,13:46,13.77,9,1,1.9%,0,182,25.9%,82%,1:28,1:21,10,,14:45,14.75
2024,Mar-24,13,13-2024,13,20,2024-03-28,Thu,78%,78%,0%,940,-4%,517,1%,423,-9%,907,521,508,386,381,,,40,12,18.6,78%,0:51,0%,1:37,13:41,13.68,11,2,2.5%,3,190,27.0%,77%,1:57,1:29,5,,14:50,14.83
2024,Mar-24,13,13-2024,13,21,2024-03-29,Fri,93%,94%,0%,880,-40%,444,-32%,436,-49%,525,304,297,221,218,,,38,9,10.5,95%,0:17,0%,1:03,13:38,13.63,5,2,2.3%,0,91,23.0%,93%,0:49,1:05,3,,16:26,16.43
2024,Mar-24,13,13-2024,13,,2024-03-30,Sat,,,,,,,,,,,,,,,,,9,4,,,,,,,,,,,,,,,,,,,,
2024,Mar-24,13,14-2024,14,,2024-03-31,Sun,,,,,,,,,,,,,,,,,37,2,,,,,,,,,,,,,,,,,,,,
2024,Apr-24,14,14-2024,14,1,2024-04-01,Mon,74%,74%,0%,979,6%,546,12%,433,-3%,1035,614,593,421,415,,,54,12,20.4,75%,1:23,0%,2:10,13:50,13.83,18,3,3.4%,1,163,21.1%,72%,2:33,1:42,6,,17:16,17.27
2024,Apr-24,14,14-2024,14,2,2024-04-02,Tue,70%,69%,0%,1035,9%,568,6%,467,12%,1125,603,575,522,512,,,57,12,22.8,69%,1:16,0%,2:02,14:21,14.35,24,4,4.6%,1,176,22.7%,69%,2:49,1:48,10,,16:06,16.10
2024,Apr-24,14,14-2024,14,3,2024-04-03,Wed,82%,81%,0%,1022,7%,558,5%,464,8%,1090,587,569,503,492,,,70,12,21.3,83%,0:49,0%,1:36,13:10,13.17,14,4,3.1%,2,176,23.3%,79%,1:51,1:31,11,,16:02,16.03
2024,Apr-24,14,14-2024,14,4,2024-04-04,Thu,81%,80%,0%,943,10%,512,6%,431,14%,1035,545,532,490,483,,,59,13,18.9,77%,0:55,0%,1:43,15:10,15.17,13,0,2.4%,1,158,22.6%,83%,1:38,1:28,7,,15:22,15.37
2024,Apr-24,14,14-2024,14,5,2024-04-05,Fri,91%,91%,0%,796,11%,440,15%,356,8%,887,504,495,383,370,,,34,12,17.1,92%,0:22,0%,1:09,13:03,13.05,4,5,1.8%,1,150,23.1%,90%,1:09,1:13,13,,14:39,14.65
2024,Apr-24,14,14-2024,14,,2024-04-06,Sat,,,,,,,,,,,,,,,,,13,3,,,,,,,,,,,,,,,,,,,,
2024,Apr-24,14,15-2024,15,,2024-04-07,Sun,,,,,,,,,,,,,,,,,11,6,,,,,,,,,,,,,,,,,,,,
2024,Apr-24,15,15-2024,15,6,2024-04-08,Mon,85%,85%,0%,969,-2%,536,4%,433,-10%,950,559,540,391,385,,,59,19,19.8,84%,0:35,0%,1:22,12:51,12.85,18,1,3.4%,2,162,22.7%,86%,1:36,1:22,6,,15:11,15.18
2024,Apr-24,15,15-2024,15,7,2024-04-09,Tue,86%,86%,0%,1026,-3%,558,-3%,468,-4%,991,541,529,450,446,,,34,9,19.7,87%,0:31,0%,1:19,14:46,14.77,7,5,2.2%,3,160,23.2%,85%,1:21,1:14,4,,15:09,15.15
2024,Apr-24,15,15-2024,15,8,2024-04-10,Wed,88%,88%,0%,1015,-5%,549,-8%,466,-2%,961,504,495,457,452,,,49,9,19.7,87%,0:27,0%,1:14,14:29,14.48,4,5,1.8%,0,182,26.5%,89%,1:08,1:12,5,,14:53,14.88
2024,Apr-24,15,15-2024,15,9,2024-04-11,Thu,87%,87%,0%,939,-10%,504,-9%,435,-12%,842,459,451,383,378,,,50,7,15.7,86%,0:33,0%,1:20,13:34,13.57,6,2,1.7%,2,149,24.8%,88%,1:04,1:10,5,,15:18,15.30
2024,Apr-24,15,15-2024,15,10,2024-04-12,Fri,86%,86%,0%,794,5%,433,16%,361,-7%,836,501,489,335,330,,,40,8,16.1,84%,0:40,0%,1:26,13:33,13.55,9,3,2.4%,0,148,22.8%,90%,1:11,1:13,5,,15:17,15.28
2024,Apr-24,15,15-2024,15,,2024-04-13,Sat,,,,,,,,,,,,,,,,,14,10,,,,,,,,,,,,,,,,,,,,
2024,Apr-24,15,16-2024,16,,2024-04-14,Sun,,,,,,,,,,,,,,,,,10,4,,,,,,,,,,,,,,,,,,,,
2024,Apr-24,16,16-2024,16,11,2024-04-15,Mon,61%,60%,0%,976,11%,534,16%,442,5%,1084,618,570,466,449,,,55,15,24.1,60%,1:57,0%,2:45,13:33,13.55,41,7,7.8%,7,170,22.3%,61%,3:39,2:27,17,,17:57,17.95
2024,Apr-24,16,16-2024,16,12,2024-04-16,Tue,75%,74%,0%,1035,-13%,558,-10%,477,-16%,901,502,481,399,389,,,39,12,20.5,72%,1:02,0%,1:52,13:12,13.20,17,4,4.2%,1,142,22.2%,77%,2:02,1:37,10,,15:08,15.13
2024,Apr-24,16,16-2024,16,13,2024-04-17,Wed,77%,77%,0%,1027,-8%,551,-1%,476,-15%,947,543,532,404,390,,,46,14,20.1,82%,0:44,0%,1:33,13:23,13.38,10,1,2.0%,2,165,23.5%,70%,2:19,1:38,14,,16:26,16.43
2024,Apr-24,16,16-2024,16,14,2024-04-18,Thu,77%,77%,0%,954,0%,508,2%,446,-2%,954,516,497,438,427,,,59,9,20.4,74%,0:55,0%,1:42,14:27,14.45,17,2,3.7%,2,167,24.7%,81%,1:56,1:39,11,,14:42,14.70
2024,Apr-24,16,16-2024,16,15,2024-04-19,Fri,79%,79%,0%,812,3%,439,6%,373,-1%,836,465,450,371,361,,,49,10,17.2,78%,0:46,0%,1:33,13:55,13.92,12,3,3.2%,0,134,22.4%,80%,1:39,1:19,10,,14:36,14.60
2024,Apr-24,16,16-2024,16,,2024-04-20,Sat,,,,,,,,,,,,,,,,,8,6,,,,,,,,,,,,,,,,,,,,
2024,Apr-24,16,17-2024,17,,2024-04-21,Sun,,,,,,,,,,,,,,,,,13,7,,,,,,,,,,,,,,,,,,,,
2024,Apr-24,17,17-2024,17,16,2024-04-22,Mon,70%,70%,0%,999,5%,545,8%,454,1%,1050,591,555,459,450,,,46,11,22.3,67%,1:20,0%,2:09,12:01,12.02,30,6,6.1%,3,261,30.9%,73%,2:32,1:47,9,,18:33,18.55
2024,Apr-24,17,17-2024,17,17,2024-04-23,Tue,84%,84%,0%,1059,-5%,570,-5%,489,-4%,1010,541,522,469,456,,,43,6,18.7,86%,0:39,0%,1:25,13:29,13.48,14,5,3.5%,2,152,22.2%,82%,1:47,1:35,13,,15:48,15.80
2024,Apr-24,17,17-2024,17,18,2024-04-24,Wed,80%,80%,0%,1052,-3%,564,-2%,488,-4%,1022,555,530,467,459,,,45,7,19.5,76%,0:57,0%,1:43,14:32,14.53,18,7,4.5%,2,167,23.3%,84%,1:26,1:15,8,,14:55,14.92
2024,Apr-24,17,17-2024,17,19,2024-04-25,Thu,85%,85%,0%,979,-3%,522,0%,457,-8%,946,524,513,422,418,,,51,9,19.1,85%,0:35,0%,1:22,14:28,14.47,8,3,2.1%,0,153,22.6%,85%,1:22,1:21,4,,16:08,16.13
2024,Apr-24,17,17-2024,17,20,2024-04-26,Fri,95%,95%,0%,836,-24%,453,-20%,383,-30%,633,363,353,270,267,,,47,7,12.8,92%,0:25,0%,1:13,13:00,13.00,8,2,2.8%,0,126,25.8%,98%,0:33,0:55,3,,13:34,13.57
2024,Apr-24,17,17-2024,17,,2024-04-27,Sat,,,,,,,,,,,,,,,,,14,3,,,,,,,,,,,,,,,,,,,,
2024,Apr-24,17,18-2024,18,,2024-04-28,Sun,,,,,,,,,,,,,,,,,21,4,,,,,,,,,,,,,,,,,,,,
2024,Apr-24,18,18-2024,18,21,2024-04-29,Mon,67%,67%,0%,1017,5%,557,15%,460,-7%,1068,641,614,427,415,,,76,23,23.3,68%,1:15,0%,2:02,13:55,13.92,23,4,4.2%,8,190,23.6%,65%,2:57,1:55,12,,17:05,17.08
2024,Apr-24,18,18-2024,18,22,2024-04-30,Tue,80%,79%,0%,1075,2%,582,3%,493,1%,1094,597,571,497,488,,,52,5,21.9,78%,1:04,0%,1:50,14:44,14.73,22,4,4.4%,3,200,25.4%,81%,1:40,1:25,9,,15:09,15.15
2024,May-24,18,18-2024,18,1,2024-05-01,Wed,76%,76%,0%,1053,18%,574,24%,479,11%,1243,709,678,534,528,,,66,12,23.8,76%,1:01,0%,1:47,14:19,14.32,24,7,4.4%,4,181,20.7%,75%,2:00,1:32,6,,15:34,15.57
2024,May-24,18,18-2024,18,2,2024-05-02,Thu,65%,65%,0%,978,24%,531,33%,447,13%,1211,704,654,507,492,,,54,11,21.7,65%,1:21,0%,2:08,14:56,14.93,44,6,7.1%,7,158,19.0%,64%,2:53,1:58,15,,17:55,17.92
2024,May-24,18,18-2024,18,3,2024-05-03,Fri,96%,96%,0%,830,4%,460,13%,370,-6%,864,518,514,346,345,,,51,10,16.0,94%,0:24,0%,1:11,13:10,13.17,1,3,0.8%,0,159,23.5%,99%,0:32,0:55,1,,13:18,13.30
2024,May-24,18,18-2024,18,,2024-05-04,Sat,,,,,,,,,,,,,,,,,19,3,,,,,,,,,,,,,,,,,,,,
2024,May-24,18,19-2024,19,,2024-05-05,Sun,,,,,,,,,,,,,,,,,9,6,,,,,,,,,,,,,,,,,,,,
2024,May-24,19,19-2024,19,4,2024-05-06,Mon,74%,74%,0%,1001,6%,560,13%,441,-2%,1063,633,615,430,413,,,52,14,20.7,77%,1:26,0%,2:13,13:07,13.12,14,4,2.8%,1,154,19.7%,69%,2:18,1:37,17,,16:29,16.48
2024,May-24,19,19-2024,19,5,2024-05-07,Tue,76%,76%,0%,1052,2%,580,6%,472,-4%,1069,614,599,455,445,,,62,11,21.7,77%,0:49,0%,1:35,13:53,13.88,12,3,2.4%,2,203,25.0%,74%,2:21,1:41,10,,16:21,16.35
2024,May-24,19,19-2024,19,6,2024-05-08,Wed,87%,87%,0%,1037,-8%,570,-1%,467,-17%,951,565,552,386,381,,,56,10,17.1,85%,0:37,0%,1:23,12:49,12.82,11,2,2.3%,2,183,24.7%,90%,1:19,1:16,5,,15:51,15.85
2024,May-24,19,19-2024,19,7,2024-05-09,Thu,78%,77%,0%,1163,-31%,624,-29%,539,-32%,804,440,426,364,353,,,50,7,15.8,79%,0:55,0%,1:42,13:39,13.65,12,2,3.2%,0,152,25.7%,75%,2:15,1:51,11,,16:33,16.55
2024,May-24,19,19-2024,19,8,2024-05-10,Fri,87%,86%,0%,808,1%,453,7%,355,-7%,814,485,475,329,325,,,45,8,16.0,82%,0:37,0%,1:22,12:27,12.45,4,6,2.1%,0,158,24.6%,93%,0:59,1:13,4,,15:21,15.35
2024,May-24,19,19-2024,19,,2024-05-11,Sat,,,,,,,,,,,,,,,,,8,6,,,,,,,,,,,,,,,,,,,,
2024,May-24,19,20-2024,20,,2024-05-12,Sun,,,,,,,,,,,,,,,,,12,11,,,,,,,,,,,,,,,,,,,,
2024,May-24,20,20-2024,20,9,2024-05-13,Mon,80%,80%,0%,974,10%,549,7%,425,13%,1069,589,566,480,472,,,61,10,20.9,78%,0:57,0%,1:44,13:25,13.42,20,3,3.9%,3,175,23.2%,82%,1:33,1:23,8,,15:00,15.00
2024,May-24,20,20-2024,20,10,2024-05-14,Tue,79%,78%,0%,1026,14%,569,14%,457,13%,1166,648,621,518,504,,,82,7,21.0,81%,0:43,0%,1:29,13:34,13.57,21,6,4.2%,1,183,22.1%,74%,2:22,1:42,14,,14:20,14.33
2024,May-24,20,20-2024,20,11,2024-05-15,Wed,93%,93%,0%,1011,-3%,559,0%,452,-7%,979,559,547,420,419,,,56,9,17.6,93%,0:21,0%,1:09,12:57,12.95,6,6,2.1%,1,192,25.7%,93%,1:01,1:11,1,,13:35,13.58
2024,May-24,20,20-2024,20,12,2024-05-16,Thu,84%,84%,0%,934,2%,514,3%,420,0%,951,529,521,422,416,,,49,7,17.9,82%,0:39,0%,1:25,14:27,14.45,7,1,1.5%,3,143,21.6%,86%,1:24,1:17,6,,14:31,14.52
2024,May-24,20,20-2024,20,13,2024-05-17,Fri,88%,87%,0%,877,-21%,443,-11%,434,-32%,689,393,381,296,289,,,46,6,13.8,89%,0:25,0%,1:10,13:55,13.92,6,6,3.1%,0,149,27.5%,85%,1:14,1:14,7,,14:37,14.62
2024,May-24,20,20-2024,20,,2024-05-18,Sat,,,,,,,,,,,,,,,,,13,6,,,,,,,,,,,,,,,,,,,,
2024,May-24,20,21-2024,21,,2024-05-19,Sun,,,,,,,,,,,,,,,,,15,2,,,,,,,,,,,,,,,,,,,,
2024,May-24,21,21-2024,21,14,2024-05-20,Mon,86%,86%,0%,962,-2%,542,-2%,420,-1%,944,530,521,414,405,,,40,19,18.3,83%,0:43,0%,1:32,13:41,13.68,6,3,1.7%,2,143,21.5%,90%,1:06,1:07,9,,13:28,13.47
2024,May-24,21,21-2024,21,15,2024-05-21,Tue,88%,88%,0%,1019,-6%,564,-5%,455,-8%,953,536,524,417,410,,,51,13,18.0,86%,0:32,0%,1:19,13:15,13.25,9,3,2.2%,0,185,25.7%,90%,1:07,1:12,7,,14:44,14.73
2024,May-24,21,21-2024,21,16,2024-05-22,Wed,87%,87%,0%,1009,-4%,556,-4%,453,-5%,965,533,524,432,420,,,52,12,19.0,87%,0:32,0%,1:19,12:50,12.83,9,0,1.7%,2,178,25.2%,88%,1:17,1:23,12,,13:56,13.93
2024,May-24,21,21-2024,21,17,2024-05-23,Thu,72%,72%,0%,936,6%,513,8%,423,4%,990,552,513,438,428,,,52,8,19.7,64%,1:29,0%,2:16,15:38,15.63,34,5,7.1%,6,163,23.4%,81%,1:41,1:24,10,,14:42,14.70
2024,May-24,21,21-2024,21,18,2024-05-24,Fri,87%,87%,0%,794,-14%,444,-12%,350,-16%,684,390,385,294,289,,,42,10,15.0,91%,0:24,0%,1:10,14:32,14.53,4,1,1.3%,0,143,26.8%,81%,1:41,1:27,5,,15:29,15.48
2024,May-24,21,21-2024,21,,2024-05-25,Sat,,,,,,,,,,,,,,,,,10,4,,,,,,,,,,,,,,,,,,,,
2024,May-24,21,22-2024,22,,2024-05-26,Sun,,,,,,,,,,,,,,,,,13,4,,,,,,,,,,,,,,,,,,,,
2024,May-24,22,22-2024,22,,2024-05-27,Mon,65%,80%,0%,,,,,,,15,5,5,10,8,,,28,5,,80%,6:18,0%,6:56,3:36,3.60,0,0,0.0%,0,41,89.1%,80%,1:52,2:11,2,,13:30,13.50
2024,May-24,22,22-2024,22,19,2024-05-28,Tue,84%,83%,0%,1045,1%,574,5%,471,-4%,1051,601,590,450,441,,,53,15,19.8,88%,0:27,0%,1:15,12:58,12.97,6,5,1.8%,10,214,27.2%,76%,2:01,1:29,9,,16:13,16.22
2024,May-24,22,22-2024,22,20,2024-05-29,Wed,83%,83%,0%,1040,-2%,568,-1%,472,-4%,1016,563,546,453,445,,,43,5,18.7,83%,0:34,0%,1:19,13:52,13.87,14,3,3.0%,2,151,21.4%,83%,1:26,1:14,8,,15:17,15.28
2024,May-24,22,22-2024,22,21,2024-05-30,Thu,87%,87%,0%,970,5%,527,3%,443,8%,1021,544,523,477,470,,,65,35,18.6,86%,0:30,0%,1:19,13:28,13.47,12,9,3.9%,2,165,23.5%,88%,1:07,1:13,7,,14:02,14.03
2024,May-24,22,22-2024,22,22,2024-05-31,Fri,67%,66%,0%,829,55%,458,64%,371,42%,1281,753,600,528,436,,,51,25,23.4,66%,4:07,0%,4:56,12:00,12.00,149,4,20.3%,8,198,21.5%,65%,7:26,5:48,92,,16:44,16.73
2024,Jun-24,22,22-2024,22,,2024-06-01,Sat,,,,,,,,,,,,,,,,,16,6,,,,,,,,,,,,,,,,,,,,
2024,Jun-24,22,23-2024,23,,2024-06-02,Sun,,,,,,,,,,,,,,,,,16,6,,,,,,,,,,,,,,,,,,,,
2024,Jun-24,23,23-2024,23,1,2024-06-03,Mon,40%,38%,0%,964,47%,538,44%,426,51%,1415,773,685,642,613,,,71,26,29.6,38%,2:59,0%,3:45,13:44,13.73,85,3,11.4%,15,200,21.8%,39%,6:31,3:31,29,,18:38,18.63
2024,Jun-24,23,23-2024,23,2,2024-06-04,Tue,72%,72%,0%,1032,32%,567,28%,465,38%,1363,723,691,640,620,,,69,10,25.0,75%,0:48,0%,1:33,12:34,12.57,27,5,4.4%,4,192,21.3%,68%,2:25,1:41,20,,13:50,13.83
2024,Jun-24,23,23-2024,23,3,2024-06-05,Wed,58%,57%,0%,1027,34%,562,27%,465,42%,1373,712,649,661,649,,,86,9,26.4,48%,2:20,0%,3:07,14:32,14.53,59,4,8.8%,8,173,20.3%,66%,2:43,1:47,12,,14:57,14.95
2024,Jun-24,23,23-2024,23,4,2024-06-06,Thu,65%,66%,0%,959,29%,523,25%,436,32%,1233,656,627,577,547,,,70,13,24.2,68%,1:22,0%,2:08,14:26,14.43,26,3,4.4%,4,170,21.0%,64%,3:02,1:53,30,,15:03,15.05
2024,Jun-24,23,23-2024,23,5,2024-06-07,Fri,89%,89%,0%,814,-10%,454,-3%,360,-19%,730,440,428,290,288,,,39,110,13.7,86%,0:44,0%,1:29,13:40,13.67,6,6,2.7%,2,146,25.2%,93%,0:57,1:10,2,,14:09,14.15
2024,Jun-24,23,23-2024,23,,2024-06-08,Sat,,,,,,,,,,,,,,,,,16,6,,,,,,,,,,,,,,,,,,,,
2024,Jun-24,23,24-2024,24,,2024-06-09,Sun,,,,,,,,,,,,,,,,,12,5,,,,,,,,,,,,,,,,,,,,
2024,Jun-24,24,24-2024,24,6,2024-06-10,Mon,75%,75%,0%,995,20%,557,18%,438,23%,1196,659,631,537,524,,,68,27,23.1,71%,1:11,0%,1:57,14:29,14.48,22,6,4.2%,5,168,20.8%,79%,1:45,1:24,13,,13:35,13.58
2024,Jun-24,24,24-2024,24,7,2024-06-11,Tue,84%,83%,0%,1057,3%,583,3%,474,4%,1090,598,586,492,485,,,61,13,21.7,80%,0:47,0%,1:32,12:55,12.92,9,3,2.0%,5,165,22.1%,87%,1:07,1:09,7,,14:02,14.03
2024,Jun-24,24,24-2024,24,8,2024-06-12,Wed,89%,88%,0%,1046,-4%,576,-1%,470,-9%,1000,570,556,430,423,,,60,12,19.1,89%,0:38,0%,1:25,12:51,12.85,10,4,2.5%,3,151,21.3%,87%,1:36,1:21,7,,15:42,15.70
2024,Jun-24,24,24-2024,24,9,2024-06-13,Thu,92%,92%,0%,971,-18%,534,-17%,437,-19%,793,441,433,352,349,,,58,14,15.0,92%,0:25,0%,1:11,12:12,12.20,4,4,1.8%,20,168,29.9%,93%,0:51,1:00,3,,14:40,14.67
2024,Jun-24,24,24-2024,24,10,2024-06-14,Fri,92%,92%,0%,819,-3%,461,5%,358,-12%,798,484,471,314,310,,,45,12,15.7,92%,0:26,0%,1:11,12:40,12.67,8,5,2.7%,1,146,23.3%,91%,1:09,1:12,4,,14:09,14.15
2024,Jun-24,24,24-2024,24,,2024-06-15,Sat,,,,,,,,,,,,,,,,,8,2,,,,,,,,,,,,,,,,,,,,
2024,Jun-24,24,25-2024,25,,2024-06-16,Sun,,,,,,,,,,,,,,,,,10,4,,,,,,,,,,,,,,,,,,,,
2024,Jun-24,25,25-2024,25,11,2024-06-17,Mon,82%,82%,0%,978,10%,554,8%,424,11%,1071,600,579,471,460,,,84,18,20.6,84%,0:49,0%,1:36,12:58,12.97,16,5,3.5%,3,143,19.6%,80%,1:54,1:30,11,,14:24,14.40
2024,Jun-24,25,25-2024,25,12,2024-06-18,Tue,84%,84%,0%,1034,3%,577,3%,457,3%,1063,594,575,469,462,,,68,21,18.6,84%,0:35,0%,1:22,15:23,15.38,11,8,3.2%,2,197,25.1%,84%,1:19,1:10,7,,14:14,14.23
2024,Jun-24,25,25-2024,25,13,2024-06-19,Wed,87%,87%,0%,1016,-10%,566,-5%,450,-17%,911,538,524,373,368,,,33,8,16.4,89%,0:31,0%,1:18,13:47,13.78,10,4,2.6%,2,153,22.4%,83%,1:28,1:22,5,,15:56,15.93
2024,Jun-24,25,25-2024,25,14,2024-06-20,Thu,75%,75%,0%,937,9%,522,5%,415,13%,1017,548,518,469,456,,,58,9,20.4,73%,0:59,0%,1:45,13:36,13.60,23,7,5.5%,4,199,27.0%,78%,1:51,1:25,13,,14:52,14.87
2024,Jun-24,25,25-2024,25,15,2024-06-21,Fri,83%,82%,0%,799,3%,466,5%,333,1%,823,487,478,336,331,,,49,8,16.3,85%,0:33,0%,1:19,13:17,13.28,5,4,1.8%,1,205,29.7%,77%,1:49,1:27,5,,14:55,14.92
2024,Jun-24,25,25-2024,25,,2024-06-22,Sat,,,,,,,,,,,,,,,,,12,3,,,,,,,,,,,,,,,,,,,,
2024,Jun-24,25,26-2024,26,,2024-06-23,Sun,,,,,,,,,,,,,,,,,18,6,,,,,,,,,,,,,,,,,,,,
2024,Jun-24,26,26-2024,26,16,2024-06-24,Mon,81%,80%,0%,934,10%,537,14%,397,5%,1031,614,596,417,407,,,57,24,19.4,81%,0:42,0%,1:29,14:28,14.47,8,10,2.9%,4,198,24.8%,79%,1:39,1:22,10,,14:24,14.40
2024,Jun-24,26,26-2024,26,17,2024-06-25,Tue,87%,87%,0%,989,-1%,559,-4%,430,2%,975,535,523,440,430,,,41,8,18.6,86%,0:40,0%,1:27,12:28,12.47,8,4,2.2%,4,208,28.4%,88%,1:14,1:26,10,,14:40,14.67
2024,Jun-24,26,26-2024,26,18,2024-06-26,Wed,70%,69%,0%,972,10%,548,11%,424,8%,1068,611,588,457,447,,,45,4,21.9,69%,1:12,0%,1:57,13:45,13.75,18,5,3.8%,3,170,22.1%,69%,2:12,1:37,10,,14:40,14.67
2024,Jun-24,26,26-2024,26,19,2024-06-27,Thu,90%,90%,0%,895,3%,505,2%,390,5%,925,517,511,408,401,,,54,14,17.1,90%,0:25,0%,1:10,13:39,13.65,2,4,1.2%,2,231,31.1%,90%,1:06,1:08,7,,13:49,13.82
2024,Jun-24,26,26-2024,26,20,2024-06-28,Fri,83%,82%,0%,742,-6%,431,-1%,311,-12%,701,427,411,274,272,,,39,9,13.7,82%,0:54,0%,1:39,14:04,14.07,12,4,3.7%,0,163,27.6%,83%,1:35,1:22,2,,14:41,14.68
2024,Jun-24,26,26-2024,26,,2024-06-29,Sat,,,,,,,,,,,,,,,,,12,5,,,,,,,,,,,,,,,,,,,,
2024,Jun-24,26,27-2024,27,,2024-06-30,Sun,,,,,,,,,,,,,,,,,15,6,,,,,,,,,,,,,,,,,,,,
2024,Jul-24,27,27-2024,27,1,2024-07-01,Mon,78%,79%,0%,1218,-6%,653,2%,565,-16%,1140,665,650,475,470,,,81,13,23.1,77%,1:01,0%,1:46,13:11,13.18,10,5,2.3%,1,192,22.5%,81%,1:31,1:22,5,,14:12,14.20
2024,Jul-24,27,27-2024,27,2,2024-07-02,Tue,84%,83%,0%,1253,-11%,653,-3%,600,-19%,1119,631,610,488,479,,,58,11,21.5,80%,0:45,0%,1:29,13:46,13.77,16,5,3.3%,1,190,23.2%,88%,1:21,1:16,9,,15:03,15.05
2024,Jul-24,27,27-2024,27,3,2024-07-03,Wed,96%,96%,0%,1194,-25%,604,-16%,590,-34%,899,508,501,391,389,,,48,12,16.8,94%,0:21,0%,1:08,13:20,13.33,2,5,1.4%,0,177,25.8%,98%,0:34,0:54,2,,12:48,12.80
2024,Jul-24,27,27-2024,27,,2024-07-04,Thu,89%,67%,0%,,,,,,,21,11,6,10,10,,,53,7,,55%,0:29,0%,1:22,3:34,3.57,3,2,45.5%,1,21,66.7%,80%,1:35,1:10,0,,14:10,14.17
2024,Jul-24,27,27-2024,27,4,2024-07-05,Fri,94%,94%,0%,747,-32%,435,-30%,312,-36%,506,306,301,200,198,,,38,8,11.2,95%,0:24,0%,1:09,13:48,13.80,2,3,1.6%,0,137,30.9%,92%,0:55,1:03,2,,14:12,14.20
2024,Jul-24,27,27-2024,27,,2024-07-06,Sat,,,,,,,,,,,,,,,,,15,4,,,,,,,,,,,,,,,,,,,,
2024,Jul-24,27,28-2024,28,,2024-07-07,Sun,,,,,,,,,,,,,,,,,15,6,,,,,,,,,,,,,,,,,,,,
2024,Jul-24,28,28-2024,28,5,2024-07-08,Mon,82%,82%,0%,947,14%,546,10%,401,20%,1082,601,580,481,471,,,81,19,20.8,81%,0:50,0%,1:38,12:43,12.72,17,4,3.5%,2,203,25.4%,84%,1:40,1:20,10,,14:13,14.22
2024,Jul-24,28,28-2024,28,6,2024-07-09,Tue,82%,81%,0%,1013,11%,573,6%,440,18%,1128,609,582,519,512,,,64,13,21.3,78%,1:07,0%,1:55,12:44,12.73,23,4,4.4%,5,188,24.1%,85%,1:21,1:11,7,,14:02,14.03
2024,Jul-24,28,28-2024,28,7,2024-07-10,Wed,69%,70%,0%,1007,5%,568,0%,439,11%,1056,568,544,488,482,,,62,7,21.6,70%,1:08,0%,1:54,14:33,14.55,20,4,4.2%,1,201,26.2%,69%,2:26,1:39,6,,14:59,14.98
2024,Jul-24,28,28-2024,28,8,2024-07-11,Thu,85%,85%,0%,942,-1%,530,-1%,412,0%,934,523,504,411,405,,,43,11,20.4,85%,0:37,0%,1:22,12:32,12.53,11,8,3.6%,4,195,27.6%,86%,1:19,1:14,6,,14:59,14.98
2024,Jul-24,28,28-2024,28,9,2024-07-12,Fri,82%,82%,0%,797,3%,460,0%,337,6%,818,462,451,356,352,,,40,26,17.0,83%,0:35,0%,1:23,14:14,14.23,5,6,2.4%,0,171,27.0%,81%,1:33,1:25,4,,15:04,15.07
2024,Jul-24,28,28-2024,28,,2024-07-13,Sat,,,,,,,,,,,,,,,,,18,4,,,,,,,,,,,,,,,,,,,,
2024,Jul-24,28,29-2024,29,,2024-07-14,Sun,,,,,,,,,,,,,,,,,19,4,,,,,,,,,,,,,,,,,,,,
2024,Jul-24,29,29-2024,29,10,2024-07-15,Mon,67%,67%,0%,995,16%,570,20%,425,12%,1156,682,647,474,461,,,60,28,25.7,66%,1:26,0%,2:15,12:31,12.52,30,5,5.1%,8,234,26.2%,68%,2:22,1:40,13,,15:49,15.82
2024,Jul-24,29,29-2024,29,11,2024-07-16,Tue,83%,84%,0%,1060,-8%,597,-15%,463,2%,980,508,495,472,463,,,63,14,20.2,81%,0:51,0%,1:40,13:41,13.68,10,3,2.6%,1,188,27.1%,88%,1:16,1:14,9,,13:45,13.75
2024,Jul-24,29,29-2024,29,12,2024-07-17,Wed,67%,66%,0%,1051,7%,590,6%,461,8%,1124,626,595,498,482,,,71,11,23.1,64%,1:27,0%,2:14,13:18,13.30,27,4,5.0%,5,191,23.8%,69%,2:36,1:36,16,,15:23,15.38
2024,Jul-24,29,29-2024,29,13,2024-07-18,Thu,76%,75%,0%,982,15%,550,6%,432,27%,1129,582,555,547,538,,,60,14,22.1,73%,1:22,0%,2:07,13:34,13.57,26,1,4.6%,7,190,25.3%,78%,1:38,1:24,9,,12:49,12.82
2024,Jul-24,29,29-2024,29,14,2024-07-19,Fri,91%,91%,0%,832,-3%,478,4%,354,-14%,805,499,494,306,302,,,31,10,15.8,93%,0:22,0%,1:10,13:33,13.55,1,4,1.0%,0,173,25.7%,87%,1:17,1:12,4,,15:17,15.28
2024,Jul-24,29,29-2024,29,,2024-07-20,Sat,,,,,,,,,,,,,,,,,12,4,,,,,,,,,,,,,,,,,,,,
2024,Jul-24,29,30-2024,30,,2024-07-21,Sun,,,,,,,,,,,,,,,,,13,7,,,,,,,,,,,,,,,,,,,,
2024,Jul-24,30,30-2024,30,15,2024-07-22,Mon,73%,71%,0%,1014,10%,579,8%,435,12%,1112,624,596,488,480,,,61,23,21.8,71%,1:05,0%,1:52,13:10,13.17,23,5,4.5%,6,216,26.2%,72%,2:08,1:37,8,,14:58,14.97
2024,Jul-24,30,30-2024,30,16,2024-07-23,Tue,88%,88%,0%,1073,-2%,603,-3%,470,-1%,1052,586,570,466,460,,,47,14,20.3,88%,0:26,0%,1:11,12:52,12.87,10,6,2.7%,2,218,27.3%,88%,1:14,1:16,6,,13:45,13.75
2024,Jul-24,30,30-2024,30,17,2024-07-24,Wed,91%,92%,0%,1058,-9%,593,-11%,465,-6%,966,529,520,437,432,,,38,16,18.3,92%,0:23,0%,1:08,11:57,11.95,2,7,1.7%,0,213,28.7%,91%,1:08,1:15,5,,15:02,15.03
2024,Jul-24,30,30-2024,30,18,2024-07-25,Thu,80%,80%,0%,984,-11%,550,-10%,434,-12%,877,497,485,380,373,,,46,12,16.5,80%,0:42,0%,1:28,14:10,14.17,9,3,2.4%,3,209,29.9%,81%,1:41,1:28,7,,15:15,15.25
2024,Jul-24,30,30-2024,30,19,2024-07-26,Fri,92%,92%,0%,829,-17%,476,-14%,353,-20%,689,408,403,281,276,,,41,8,14.1,94%,0:20,0%,1:03,12:29,12.48,1,4,1.2%,0,139,25.4%,89%,1:02,1:15,5,,14:24,14.40
2024,Jul-24,30,30-2024,30,,2024-07-27,Sat,,,,,,,,,,,,,,,,,8,4,,,,,,,,,,,,,,,,,,,,
2024,Jul-24,30,31-2024,31,,2024-07-28,Sun,,,,,,,,,,,,,,,,,10,8,,,,,,,,,,,,,,,,,,,,
2024,Jul-24,31,31-2024,31,20,2024-07-29,Mon,81%,80%,0%,999,-3%,572,3%,427,-11%,968,589,567,379,375,,,44,28,20.4,78%,0:52,0%,1:39,13:01,13.02,16,6,3.7%,3,211,26.7%,84%,1:17,1:09,4,,14:59,14.98
2024,Jul-24,31,31-2024,31,21,2024-07-30,Tue,83%,82%,0%,1055,-6%,594,-8%,461,-4%,989,548,533,441,435,,,56,14,20.8,82%,0:57,0%,1:45,13:41,13.68,12,3,2.7%,4,231,30.0%,83%,1:42,1:28,6,,14:44,14.73
2024,Jul-24,31,31-2024,31,22,2024-07-31,Wed,82%,82%,0%,1039,7%,584,9%,455,5%,1114,637,610,477,465,,,47,7,21.0,80%,0:48,0%,1:34,13:15,13.25,21,6,4.2%,7,204,24.9%,84%,1:23,1:16,12,,14:27,14.45
2024,Aug-24,31,31-2024,31,1,2024-08-01,Thu,73%,72%,0%,1267,-5%,670,10%,597,-21%,1207,734,702,473,462,,,58,12,23.7,67%,1:15,0%,2:00,14:04,14.07,27,5,4.4%,13,189,21.6%,81%,1:41,1:26,11,,14:34,14.57
2024,Aug-24,31,31-2024,31,2,2024-08-02,Fri,92%,91%,0%,1063,-18%,577,-8%,486,-30%,874,532,523,342,336,,,42,11,16.4,91%,0:30,0%,1:14,12:44,12.73,5,4,1.7%,1,185,25.9%,92%,0:55,1:07,6,,13:52,13.87
2024,Aug-24,31,31-2024,31,,2024-08-03,Sat,,,,,,,,,,,,,,,,,14,7,,,,,,,,,,,,,,,,,,,,
2024,Aug-24,31,32-2024,32,,2024-08-04,Sun,,,,,,,,,,,,,,,,,12,3,,,,,,,,,,,,,,,,,,,,
2024,Aug-24,32,32-2024,32,3,2024-08-05,Mon,87%,86%,0%,1192,-16%,658,-12%,534,-21%,1000,578,565,422,415,,,71,20,19.7,87%,0:32,0%,1:18,12:59,12.98,8,5,2.2%,8,191,25.6%,85%,1:18,1:14,7,,15:54,15.90
2024,Aug-24,32,32-2024,32,4,2024-08-06,Tue,85%,84%,0%,1158,4%,626,8%,532,-2%,1199,679,654,520,514,,,58,18,22.4,83%,0:53,0%,1:41,13:26,13.43,20,5,3.7%,9,239,26.8%,86%,1:26,1:18,6,,14:12,14.20
2024,Aug-24,32,32-2024,32,5,2024-08-07,Wed,84%,84%,0%,1019,3%,575,-3%,444,11%,1051,560,547,491,477,,,59,6,19.1,88%,0:28,0%,1:17,12:42,12.70,10,3,2.3%,2,199,26.4%,79%,1:35,1:27,14,,15:19,15.32
2024,Aug-24,32,32-2024,32,6,2024-08-08,Thu,92%,92%,0%,939,10%,529,10%,410,9%,1030,582,575,448,445,,,50,12,19.1,95%,0:20,0%,1:06,12:17,12.28,3,4,1.2%,1,183,24.0%,87%,1:10,1:09,3,,13:28,13.47
2024,Aug-24,32,32-2024,32,7,2024-08-09,Fri,86%,85%,0%,791,-15%,459,-17%,332,-11%,675,380,372,295,290,,,40,8,13.4,87%,0:36,0%,1:20,14:08,14.13,6,2,2.1%,0,157,29.2%,82%,1:28,1:18,5,,13:32,13.53
2024,Aug-24,32,32-2024,32,,2024-08-10,Sat,,,,,,,,,,,,,,,,,9,2,,,,,,,,,,,,,,,,,,,,
2024,Aug-24,32,33-2024,33,,2024-08-11,Sun,,,,,,,,,,,,,,,,,14,10,,,,,,,,,,,,,,,,,,,,
2024,Aug-24,33,33-2024,33,8,2024-08-12,Mon,85%,85%,0%,983,7%,566,3%,417,13%,1051,581,563,470,461,,,49,25,22.0,83%,0:40,0%,1:27,12:55,12.92,13,5,3.1%,1,186,24.3%,88%,1:12,1:13,9,,14:17,14.28
2024,Aug-24,33,33-2024,33,9,2024-08-13,Tue,74%,73%,0%,1040,-1%,588,-8%,452,8%,1031,541,525,490,476,,,63,11,19.1,76%,1:08,0%,1:53,11:24,11.40,16,0,3.0%,1,181,25.2%,70%,2:12,1:43,14,,14:55,14.92
2024,Aug-24,33,33-2024,33,10,2024-08-14,Wed,76%,75%,0%,1028,-4%,580,-8%,448,0%,984,536,511,448,440,,,52,12,19.7,74%,1:12,0%,1:57,13:48,13.80,20,5,4.7%,4,163,23.8%,76%,1:58,1:26,8,,15:20,15.33
2024,Aug-24,33,33-2024,33,11,2024-08-15,Thu,69%,68%,0%,950,1%,535,-3%,415,7%,963,519,478,444,421,,,55,13,19.7,69%,1:45,0%,2:33,12:34,12.57,34,7,7.9%,5,150,23.0%,67%,2:38,1:54,23,,14:31,14.52
2024,Aug-24,33,33-2024,33,12,2024-08-16,Fri,85%,86%,0%,804,1%,465,-6%,339,10%,809,436,429,373,370,,,69,15,16.2,86%,0:34,0%,1:19,13:50,13.83,4,3,1.6%,3,141,24.8%,85%,1:09,1:07,3,,13:48,13.80
2024,Aug-24,33,33-2024,33,,2024-08-17,Sat,,,,,,,,,,,,,,,,,9,5,,,,,,,,,,,,,,,,,,,,
2024,Aug-24,33,34-2024,34,,2024-08-18,Sun,,,,,,,,,,,,,,,,,12,6,,,,,,,,,,,,,,,,,,,,
2024,Aug-24,34,34-2024,34,13,2024-08-19,Mon,74%,74%,0%,997,12%,572,7%,425,17%,1113,614,589,499,489,,,47,33,22.0,74%,1:07,0%,1:54,13:09,13.15,19,6,4.1%,4,166,21.7%,73%,2:05,1:33,10,,13:52,13.87
2024,Aug-24,34,34-2024,34,14,2024-08-20,Tue,79%,79%,0%,1055,4%,595,2%,460,8%,1100,604,589,496,485,,,44,19,21.6,79%,0:43,0%,1:31,12:46,12.77,12,3,2.5%,4,187,24.0%,78%,1:50,1:26,11,,13:19,13.32
2024,Aug-24,34,34-2024,34,15,2024-08-21,Wed,88%,88%,0%,1131,-4%,585,0%,546,-8%,1091,586,570,505,502,,,55,11,20.2,85%,0:34,0%,1:20,13:47,13.78,9,7,2.7%,5,188,24.8%,91%,1:04,1:11,3,,13:57,13.95
2024,Aug-24,34,34-2024,34,16,2024-08-22,Thu,86%,86%,0%,963,1%,540,3%,423,-2%,968,555,544,413,409,,,43,12,19.4,83%,0:40,0%,1:26,14:04,14.07,10,1,2.0%,2,173,24.0%,90%,1:02,1:09,4,,13:17,13.28
2024,Aug-24,34,34-2024,34,17,2024-08-23,Fri,95%,95%,0%,815,4%,469,5%,346,3%,848,491,485,357,352,,,30,9,16.4,95%,0:20,0%,1:08,12:20,12.33,3,3,1.2%,0,178,26.6%,96%,0:41,0:57,5,,13:05,13.08
2024,Aug-24,34,34-2024,34,,2024-08-24,Sat,,,,,,,,,,,,,,,,,,,,,,,,,,,,,,,,,,,,,,
2024,Aug-24,34,35-2024,35,,2024-08-25,Sun,,,,,,,,,,,,,,,,,,,,,,,,,,,,,,,,,,,,,,
2024,Aug-24,35,35-2024,35,18,2024-08-26,Mon,74%,81%,,1002,4%,573,-3%,429,14%,1047,557,540,490,490,,,94,,19.0,80%,0:38,0%,1:26,12:47,12.78,11,6,3.1%,3,192,25.9%,82%,2:42,,,,20:05,20.08
2024,Aug-24,35,35-2024,35,19,2024-08-27,Tue,69%,77%,,1057,8%,594,8%,463,7%,1139,642,602,497,497,,,127,,22.6,73%,0:52,0%,1:40,12:29,12.48,27,13,6.2%,8,177,22.4%,82%,6:32,,,,18:31,18.51
2024,Aug-24,35,35-2024,35,20,2024-08-28,Wed,46%,50%,,1041,4%,583,3%,458,5%,1080,599,543,481,481,,,111,,21.3,44%,2:07,0%,2:55,13:36,13.60,53,3,9.3%,8,207,26.4%,57%,5:53,,,,18:41,18.69
2024,Aug-24,35,35-2024,35,21,2024-08-29,Thu,67%,70%,,959,18%,536,14%,423,23%,1134,613,580,521,521,,,73,,21.6,75%,1:00,0%,1:46,13:20,13.33,29,4,5.4%,2,180,22.9%,65%,4:32,,,,16:18,16.30
2024,Aug-24,35,35-2024,35,22,2024-08-30,Fri,60%,60%,,810,34%,465,19%,345,55%,1088,552,497,536,536,,,82,,21.4,67%,2:07,0%,2:55,14:00,14.00,50,5,10.0%,15,192,27.3%,53%,10:03,,,,15:29,15.49
2024,Aug-24,35,35-2024,35,,2024-08-31,Sat,,,,,,,,,,,,,,,,,23,,,,,,,,,,,,,,,,,,,,,
2024,Sep-24,35,36-2024,36,,2024-09-01,Sun,,,,,,,,,,,,,,,,,18,,,,,,,,,,,,,,,,,,,,,
2024,Sep-24,36,36-2024,36,,2024-09-02,Mon,,,,,,,,,,,,,,,,,41,,,,,,,,,,,,,,,,,,,,,
2024,Sep-24,36,36-2024,36,1,2024-09-03,Tue,32%,34%,,1002,70%,555,59%,447,85%,1707,882,731,825,825,,,119,,33.2,30%,3:37,0%,4:26,13:34,13.57,141,10,17.1%,25,229,22.4%,38%,17:51,,,,14:00,14.00
2024,Sep-24,36,36-2024,36,2,2024-09-04,Wed,48%,51%,,993,36%,551,34%,442,38%,1348,736,685,612,612,,,83,,25.6,55%,1:52,0%,2:38,14:54,14.90,42,9,6.9%,7,179,20.2%,46%,8:29,,,,16:33,16.55
2024,Sep-24,36,36-2024,36,3,2024-09-05,Thu,59%,63%,,917,10%,509,12%,408,8%,1008,569,541,439,439,,,85,,18.0,73%,1:09,0%,1:56,14:32,14.53,25,3,4.9%,5,189,25.4%,51%,5:01,,,,18:44,18.74
2024,Sep-24,36,36-2024,36,4,2024-09-06,Fri,29%,30%,,769,125%,439,89%,330,172%,1727,828,638,899,899,,,110,,34.0,40%,3:11,0%,4:06,14:03,14.05,181,9,22.9%,29,383,33.2%,22%,26:29,,,,12:14,12.23
2024,Sep-24,36,36-2024,36,,2024-09-07,Sat,,,,,,,,,,,,,,,,,9,,,,,,,,,,,,,,,,,,,,,
2024,Sep-24,36,37-2024,37,,2024-09-08,Sun,,,,,,,,,,,,,,,,,21,,,,,,,,,,,,,,,,,,,,,
2024,Sep-24,37,37-2024,37,5,2024-09-09,Mon,46%,49%,,964,27%,551,24%,413,30%,1221,685,625,536,536,,,115,,26.7,42%,2:57,0%,3:46,14:35,14.58,55,5,8.8%,11,199,23.5%,58%,5:21,,,,16:31,16.52
2024,Sep-24,37,37-2024,37,6,2024-09-10,Tue,44%,44%,,1027,17%,576,11%,451,24%,1198,641,572,557,557,,,96,,23.1,39%,3:37,0%,4:26,15:24,15.40,67,2,10.8%,20,195,25.1%,51%,6:35,,,,18:54,18.90
2024,Sep-24,37,37-2024,37,7,2024-09-11,Wed,56%,56%,,1021,12%,573,6%,448,20%,1145,609,566,536,536,,,77,,24.9,54%,1:53,0%,2:40,15:13,15.22,36,7,7.1%,7,151,20.6%,59%,6:55,,,,16:52,16.86
2024,Sep-24,37,37-2024,37,8,2024-09-12,Thu,60%,59%,,948,16%,533,15%,415,17%,1100,615,567,485,485,,,73,,24.0,59%,1:52,0%,2:37,15:12,15.20,42,6,7.8%,7,164,21.8%,60%,3:24,,,,16:37,16.62
2024,Sep-24,37,37-2024,37,9,2024-09-13,Fri,74%,75%,,802,15%,464,16%,338,14%,924,539,506,385,385,,,62,,20.8,68%,1:05,0%,1:50,14:51,14.85,26,7,6.1%,2,177,24.9%,84%,1:07,,,,18:33,18.55
2024,Sep-24,37,37-2024,37,,2024-09-14,Sat,,,,,,,,,,,,,,,,,17,,,,,,,,,,,,,,,,,,,,,
2024,Sep-24,37,38-2024,38,,2024-09-15,Sun,,,,,,,,,,,,,,,,,29,,,,,,,,,,,,,,,,,,,,,
2024,Sep-24,38,38-2024,38,10,2024-09-16,Mon,72%,73%,,1000,8%,577,9%,423,7%,1080,628,600,452,452,,,87,,24.0,70%,1:09,0%,1:55,13:21,13.35,26,2,4.5%,4,183,22.9%,77%,1:47,,,,16:46,16.77
2024,Sep-24,38,38-2024,38,11,2024-09-17,Tue,81%,82%,,1063,2%,601,3%,462,-1%,1079,621,606,458,458,,,73,,20.8,74%,1:01,0%,1:47,13:26,13.43,14,1,2.4%,2,197,24.3%,93%,0:51,,,,18:07,18.11
2024,Sep-24,38,38-2024,38,12,2024-09-18,Wed,54%,54%,,1057,4%,598,2%,459,5%,1095,611,568,484,484,,,82,,22.3,55%,1:41,0%,2:28,13:51,13.85,34,9,7.0%,4,165,21.7%,52%,5:21,,,,17:27,17.45
2024,Sep-24,38,38-2024,38,13,2024-09-19,Thu,73%,74%,,982,7%,556,12%,426,0%,1048,620,606,428,428,,,57,,20.1,77%,0:51,0%,1:37,13:36,13.60,9,5,2.3%,2,167,21.4%,69%,2:49,,,,20:35,20.58
2024,Sep-24,38,38-2024,38,14,2024-09-20,Fri,77%,79%,,834,7%,486,10%,348,3%,891,533,512,358,358,,,52,,17.8,77%,1:05,,,14:46,14.77,13,8,3.9%,,,,83%,1:17,,,,18:07,18.11
2024,Sep-24,38,38-2024,38,,2024-09-21,Sat,,,,,,,,,,,,,,,,,22,,,,,,,,,,,,,,,,,,,,,
2024,Sep-24,38,39-2024,39,,2024-09-22,Sun,,,,,,,,,,,,,,,,,25,,,,,,,,,,,,,,,,,,,,,
2024,Sep-24,39,39-2024,39,15,2024-09-23,Mon,73%,74%,,1021,14%,591,13%,430,16%,1167,667,633,500,500,,,59,,22.8,68%,1:19,,,14:16,14.26,28,6,5.1%,,,,82%,15:50,,,,18:38,18.63
2024,Sep-24,39,39-2024,39,16,2024-09-24,Tue,83%,84%,,1080,1%,613,-3%,467,6%,1090,597,579,493,493,,,77,,19.0,83%,0:47,,,14:32,14.54,14,4,3.0%,,,,85%,1:19,,,,18:34,18.57
2024,Sep-24,39,39-2024,39,17,2024-09-25,Wed,79%,79%,,1070,2%,607,3%,463,0%,1087,625,610,462,462,,,60,,18.1,77%,1:08,,,14:26,14.43,10,5,2.4%,,,,82%,2:22,,,,18:13,18.22
2024,Sep-24,39,39-2024,39,18,2024-09-26,Thu,84%,85%,,990,11%,562,3%,428,22%,1103,579,568,524,524,,,110,,18.6,88%,0:42,15:18,,15:18,15.30,4,7,1.9%,,,,83%,1:08,,,,19:09,19.15
2024,Sep-24,39,39-2024,39,19,2024-09-27,Fri,87%,88%,,837,-19%,488,-14%,349,-27%,676,420,407,256,256,,,71,,11.2,86%,0:34,47:00,,14:49,14.82,5,8,3.1%,,,,92%,0:47,,,,21:32,21.53
2024,Sep-24,39,39-2024,39,,2024-09-28,Sat,,,,,,,,,,,,,,,,,41,,,,,,,,,,,,,,,,,,,,,
2024,Sep-24,39,40-2024,40,,2024-09-29,Sun,,,,,,,,,,,,,,,,,26,,,,,,,,,,,,,,,,,,,,,
2024,Sep-24,40,40-2024,40,20,2024-09-30,Mon,57%,61%,,1135,3%,645,20%,490,-19%,1166,771,726,395,395,,,94,,20.3,56%,1:53,,,13:20,13.33,39,6,5.8%,,,,69%,3:02,,,,18:40,18.67
2024,Oct-24,40,40-2024,40,1,2024-10-01,Tue,64%,67%,,1202,9%,684,14%,518,2%,1307,780,738,527,527,,,71,,23.1,64%,1:23,,,14:58,14.97,37,5,5.4%,,,,72%,2:36,,,,22:47,22.78
2024,Oct-24,40,40-2024,40,2,2024-10-02,Wed,68%,70%,,1178,-4%,669,-1%,509,-8%,1128,660,613,468,468,,,84,,20.0,70%,1:14,,,13:32,13.53,36,11,7.1%,,,,71%,2:27,,,,19:48,19.80
2024,Oct-24,40,40-2024,40,3,2024-10-03,Thu,86%,87%,,1094,-8%,622,-8%,472,-8%,1007,574,559,433,433,,,50,,16.9,83%,0:38,,,15:42,15.70,7,8,2.6%,,,,92%,4:37,,,,17:37,17.62
2024,Oct-24,40,40-2024,40,4,2024-10-04,Fri,89%,90%,,918,-2%,537,1%,381,-5%,902,541,526,361,361,,,46,,16.2,90%,0:26,,,14:47,14.78,6,9,2.8%,,,,90%,0:40,,,,20:31,20.52
2024,Oct-24,40,40-2024,40,,2024-10-05,Sat,,,,,,,,,,,,,,,,,11,,,,,,,,,,,,,,,,,,,,,
2024,Oct-24,40,41-2024,41,,2024-10-06,Sun,,,,,,,,,,,,,,,,,21,,,,,,,,,,,,,,,,,,,,,
2024,Oct-24,41,41-2024,41,5,2024-10-07,Mon,67%,74%,,1133,-3%,657,-6%,476,1%,1100,617,596,483,483,,,134,,20.6,77%,1:00,,,15:23,15.38,16,5,3.4%,,,,70%,1:14:48,,,,15:28,15.47
2024,Oct-24,41,41-2024,41,6,2024-10-08,Tue,74%,79%,,1144,-8%,651,-6%,493,-12%,1050,614,594,436,436,,,75,,19.3,77%,0:57,,,14:58,14.97,15,5,3.3%,,,,81%,2:49,,,,16:03,16.05
2024,Oct-24,41,41-2024,41,7,2024-10-09,Wed,52%,57%,,1122,2%,636,8%,486,-6%,1142,685,629,457,457,,,100,,20.4,51%,2:14,,,14:06,14.10,50,6,8.2%,,,,65%,2:37,,,,20:39,20.65
2024,Oct-24,41,41-2024,41,8,2024-10-10,Thu,59%,62%,,950,14%,539,15%,411,14%,1087,619,587,468,468,,,70,,20.5,59%,2:01,,,14:13,14.22,26,6,5.2%,,,,68%,2:43,,,,19:18,19.30
2024,Oct-24,41,41-2024,41,9,2024-10-11,Fri,81%,82%,,800,-5%,467,13%,333,-29%,762,527,514,235,235,,,68,,15.2,76%,1:02,,,13:58,13.97,10,3,2.5%,,,,94%,1:01,,,,19:44,19.73
2024,Oct-24,41,41-2024,41,,2024-10-12,Sat,,,,,,,,,,,,,,,,,17,,,,,,,,,,,,,,,,,,,,,
2024,Oct-24,41,42-2024,42,,2024-10-13,Sun,,,,,,,,,,,,,,,,,27,,,,,,,,,,,,,,,,,,,,,
2024,Oct-24,42,42-2024,42,10,2024-10-14,Mon,91%,94%,,997,-23%,576,-9%,421,-42%,771,527,513,244,244,,,68,,13.7,95%,0:28,,,14:29,14.48,9,5,2.7%,,,,92%,0:40,,,,18:57,18.95
2024,Oct-24,42,42-2024,42,11,2024-10-15,Tue,67%,63%,,1055,-4%,598,17%,457,-32%,1015,702,664,313,313,,,145,,18.3,58%,1:46,,,14:34,14.57,30,8,5.4%,,,,76%,2:04,,,,18:34,18.57
2024,Oct-24,42,42-2024,42,12,2024-10-16,Wed,68%,68%,,1039,-7%,587,11%,452,-30%,970,653,619,317,317,,,79,,17.6,66%,1:04,,,14:07,14.12,17,17,5.2%,,,,72%,2:21,,,,17:52,17.87
2024,Oct-24,42,42-2024,42,13,2024-10-17,Thu,70%,71%,,971,1%,549,23%,422,-28%,979,677,637,302,302,,,64,,18.5,65%,1:55,,,13:58,13.97,33,7,5.9%,,,,83%,1:22,,,,18:04,18.07
2024,Oct-24,42,42-2024,42,14,2024-10-18,Fri,78%,78%,,825,-11%,479,9%,346,-38%,737,523,507,214,214,,,74,,13.5,71%,1:02,,,13:37,13.62,11,5,3.1%,,,,94%,0:36,,,,18:16,18.27
2024,Oct-24,42,42-2024,42,,2024-10-19,Sat,,,,,,,,,,,,,,,,,18,,,,,,,,,,,,,,,,,,,,,
2024,Oct-24,42,43-2024,43,,2024-10-20,Sun,,,,,,,,,,,,,,,,,21,,,,,,,,,,,,,,,,,,,,,
2024,Oct-24,43,43-2024,43,15,2024-10-21,Mon,77%,77%,,1029,-5%,592,15%,437,-31%,982,679,662,303,303,,,82,,18.3,80%,0:46,,,13:37,13.62,13,4,2.5%,,,,72%,3:07,,,,17:58,17.97
2024,Oct-24,43,43-2024,43,16,2024-10-22,Tue,84%,85%,,1088,-12%,614,4%,474,-33%,956,640,631,316,316,,,83,,17.5,84%,0:33,,,14:15,14.25,6,3,1.4%,,,,88%,1:01,,,,17:53,17.88
2024,Oct-24,43,43-2024,43,17,2024-10-23,Wed,78%,79%,,1073,-14%,604,-2%,469,-29%,924,593,568,331,331,,,73,,17.4,76%,1:08,,,14:46,14.77,20,5,4.2%,,,,85%,1:34,,,,25:16,25.27
2024,Oct-24,43,43-2024,43,18,2024-10-24,Thu,74%,74%,,1004,-25%,565,-6%,439,-49%,755,531,505,224,224,,,100,,14.0,70%,1:05,,,13:36,13.60,21,5,4.9%,,,,84%,1:37,,,,23:22,23.37
2024,Oct-24,43,43-2024,43,19,2024-10-25,Fri,86%,87%,,856,-31%,494,-16%,362,-52%,588,416,406,172,172,,,66,,10.9,84%,0:44,,,13:56,13.93,7,3,2.4%,,,,93%,0:34,,,,15:45,15.75
2024,Oct-24,43,43-2024,43,,2024-10-26,Sat,,,,,,,,,,,,,,,,,15,,,,,,,,,,,,,,,,,,,,,
2024,Oct-24,43,44-2024,44,,2024-10-27,Sun,,,,,,,,,,,,,,,,,31,,,,,,,,,,,,,,,,,,,,,
2024,Oct-24,44,44-2024,44,20,2024-10-28,Mon,87%,91%,,1054,-8%,605,11%,449,-33%,969,669,656,300,300,,,118,,16.9,91%,0:30,,,14:01,14.02,10,3,1.9%,,,,91%,0:47,,,,17:35,17.58
2024,Oct-24,44,44-2024,44,21,2024-10-29,Tue,79%,80%,,1085,-12%,622,5%,463,-36%,951,655,638,296,296,,,90,,18.0,81%,0:45,,,14:14,14.23,12,5,2.6%,,,,77%,3:48,,,,17:40,17.67
2024,Oct-24,44,44-2024,44,22,2024-10-30,Wed,82%,83%,,898,1%,598,5%,300,-7%,907,627,592,280,280,,,72,,16.6,80%,1:01,,,13:43,13.72,20,15,5.6%,,,,91%,0:33,,,,17:24,17.40
2024,Oct-24,44,44-2024,44,23,2024-10-31,Thu,82%,83%,,831,13%,555,19%,276,0%,935,660,637,275,275,,,79,,17.6,82%,0:46,,,14:53,14.88,14,9,3.5%,,,,84%,1:11,,,,18:23,18.38
2024,Nov-24,44,44-2024,44,1,2024-11-01,Fri,92%,93%,,737,15%,488,17%,249,10%,846,573,566,273,273,,,57,,15.8,94%,0:20,,,16:44,16.73,1,6,1.2%,,,,91%,0:47,,,,18:23,18.38
2024,Nov-24,44,44-2024,44,,2024-11-02,Sat,,,,,,,,,,,,,,,,,22,,,,,,,,,,,,,,,,,,,,,
2024,Nov-24,44,45-2024,45,,2024-11-03,Sun,,,,,,,,,,,,,,,,,33,,,,,,,,,,,,,,,,,,,,,
2024,Nov-24,45,45-2024,45,2,2024-11-04,Mon,80%,81%,,1062,5%,716,6%,346,1%,1111,760,746,351,351,,,78,,18.8,80%,0:44,,,13:47,13.78,9,5,1.8%,,,,85%,1:10,,,,17:37,17.62
2024,Nov-24,45,45-2024,45,3,2024-11-05,Tue,83%,84%,,1099,-3%,728,4%,371,-16%,1067,754,732,313,313,,,84,,17.8,85%,0:40,,,14:05,14.08,10,12,2.9%,,,,81%,1:28,,,,16:50,16.83
2024,Nov-24,45,45-2024,45,4,2024-11-06,Wed,90%,91%,,1014,-10%,664,-2%,350,-25%,915,653,636,262,262,,,73,,15.1,89%,0:30,,,13:26,13.43,7,10,2.6%,,,,97%,0:20,,,,16:46,16.77
2024,Nov-24,45,45-2024,45,5,2024-11-07,Thu,85%,86%,,806,-8%,531,-4%,275,-15%,741,508,491,233,233,,,90,,13.2,85%,0:50,,,14:24,14.40,12,5,3.3%,,,,90%,0:44,,,,18:01,18.02
2024,Nov-24,45,45-2024,45,6,2024-11-08,Fri,87%,88%,,791,2%,528,7%,263,-8%,805,564,550,241,241,,,69,,14.0,87%,0:35,,,14:49,14.82,11,3,2.5%,,,,91%,0:51,,,,18:33,18.55
2024,Nov-24,45,45-2024,45,,2024-11-09,Sat,,,,,,,,,,,,,,,,,17,,,,,,,,,,,,,,,,,,,,,
2024,Nov-24,45,46-2024,46,,2024-11-10,Sun,,,,,,,,,,,,,,,,,32,,,,,,,,,,,,,,,,,,,,,
2024,Nov-24,46,46-2024,46,7,2024-11-11,Mon,95%,97%,,778,-5%,511,1%,267,-16%,742,517,511,225,225,,,67,,12.6,96%,0:19,,,13:19,13.32,3,3,1.2%,,,,98%,13:04,,,,19:44,19.73
2024,Nov-24,46,46-2024,46,8,2024-11-12,Tue,76%,75%,,1001,-6%,650,0%,351,-15%,945,647,622,298,298,,,79,,16.4,75%,1:16,,,14:24,14.40,19,6,3.9%,,,,75%,1:55,,,,17:04,17.07
2024,Nov-24,46,46-2024,46,9,2024-11-13,Wed,84%,85%,,994,-2%,643,5%,351,-16%,971,676,652,295,295,,,85,,16.6,82%,0:49,,,14:23,14.38,13,11,3.6%,,,,90%,0:46,,,0.0%,18:13,18.22
2024,Nov-24,46,46-2024,46,10,2024-11-14,Thu,75%,76%,,922,19%,597,19%,325,20%,1098,708,690,390,390,,,75,,19.3,80%,0:44,,,12:52,12.87,12,6,2.5%,,,,68%,4:13,,,0.0%,16:11,16.18
2024,Nov-24,46,46-2024,46,11,2024-11-15,Fri,87%,88%,,765,6%,506,17%,259,-15%,813,594,571,219,219,,,57,,15.4,85%,0:53,,,14:26,14.43,15,8,3.9%,,,,95%,0:31,,,0.0%,40:30,40.50
2024,Nov-24,46,46-2024,46,,2024-11-16,Sat,,,,,,,,,,,,,,,,,12,,,,,,,,,,,,,,,,,,,,,
2024,Nov-24,46,47-2024,47,,2024-11-17,Sun,,,,,,,,,,,,,,,,,18,,,,,,,,,,,,,,,,,,,,,
2024,Nov-24,47,47-2024,47,12,2024-11-18,Mon,86%,89%,,940,-4%,615,2%,325,-15%,905,629,615,276,276,,,91,,16.2,92%,0:32,,,13:55,13.92,10,4,2.2%,,,,83%,1:15,,,0.0%,15:35,15.58
2024,Nov-24,47,47-2024,47,13,2024-11-19,Tue,88%,88%,,989,-5%,637,1%,352,-17%,938,645,628,293,293,,,77,,15.9,87%,0:36,,,14:38,14.63,11,6,2.6%,,,,91%,0:37,,,0.0%,19:33,19.55
2024,Nov-24,47,47-2024,47,14,2024-11-20,Wed,91%,92%,,985,-8%,634,-1%,351,-22%,903,629,620,274,274,,,117,,15.8,91%,0:25,,,13:39,13.65,2,7,1.4%,,,,93%,0:43,,,0.0%,16:22,16.37
2024,Nov-24,47,47-2024,47,15,2024-11-21,Thu,84%,84%,,715,2%,453,9%,262,-11%,727,495,485,232,232,,,97,,12.2,85%,0:38,,,14:10,14.17,6,4,2.0%,,,,83%,1:35,,,0.0%,16:22,16.37
2024,Nov-24,47,47-2024,47,16,2024-11-22,Fri,85%,85%,,766,5%,505,18%,261,-20%,805,596,581,209,209,,,42,,15.2,83%,0:40,,,13:21,13.35,8,7,2.5%,,,,92%,0:48,,,0.0%,41:36,41.60
2024,Nov-24,47,47-2024,47,,2024-11-23,Sat,,,,,,,,,,,,,,,,,20,,,,,,,,,,,,,,,,,,,,,
2024,Nov-24,47,48-2024,48,,2024-11-24,Sun,,,,,,,,,,,,,,,,,11,,,,,,,,,,,,,,,,,,,,,
2024,Nov-24,48,48-2024,48,17,2024-11-25,Mon,85%,86%,,874,18%,570,20%,304,13%,1028,686,668,342,342,,,74,,17.9,88%,0:37,,,12:55,12.92,6,12,2.6%,,,,84%,2:19,,,0.0%,16:54,16.90
2024,Nov-24,48,48-2024,48,18,2024-11-26,Tue,92%,93%,,920,-10%,594,-5%,326,-18%,830,562,552,268,268,,,60,,13.9,93%,0:23,,,15:00,15.00,3,7,1.8%,,,,93%,0:28,,,0.0%,16:47,16.78
2024,Nov-24,48,48-2024,48,19,2024-11-27,Wed,97%,97%,,924,-27%,588,-17%,336,-45%,671,486,479,185,185,,,50,,11.8,97%,0:19,,,13:55,13.92,0,7,1.4%,,,,98%,0:09,,,0.0%,20:39,20.65
2024,Nov-24,48,48-2024,48,,2024-11-28,Thu,62%,48%,,,,,,,,28,17,11,11,11,,,37,,,29%,10:20,,,7:09,7.15,6,0,35.3%,,,,78%,1:29,,,0.0%,24:02,24.03
2024,Nov-24,48,48-2024,48,,2024-11-29,Fri,62%,26%,,,,,,,,29,22,7,7,7,,,65,,,5%,16:22,,,6:37,6.62,14,1,68.2%,,,,92%,35:13,,,0.0%,11:15,11.25
2024,Nov-24,48,48-2024,48,,2024-11-30,Sat,,,,,,,,,,,,,,,,,16,,,,,,,,,,,,,,,,,,,,,
2024,Dec-24,48,49-2024,49,,2024-12-01,Sun,,,,,,,,,,,,,,,,,25,,,,,,,,,,,,,,,,,,,,,
2024,Dec-24,49,49-2024,49,1,2024-12-02,Mon,56%,56%,,1164,14%,792,22%,372,-4%,1323,967,900,356,356,,,131,,23.5,53%,2:08,,,12:35,12.58,59,8,6.9%,,,,65%,15:12,,,0.0%,19:11,19.18
2024,Dec-24,49,49-2024,49,2,2024-12-03,Tue,45%,45%,,1162,6%,793,0,369,1%,1229,857,789,372,372,,,104,,21.8,44%,2:29,,,14:40,14.67,63,5,7.9%,,,,47%,5:27,,,0.0%,19:04,19.07
2024,Dec-24,49,49-2024,49,3,2024-12-04,Wed,76%,76%,,1004,3%,688,3%,316,4%,1038,709,688,329,329,,,70,,18.2,80%,0:42,,,12:48,12.80,11,10,3.0%,,,,68%,2:14,,,0.0%,18:31,18.52
2024,Dec-24,49,49-2024,49,4,2024-12-05,Thu,70%,69%,,943,4%,642,4%,301,6%,983,665,637,318,318,,,86,,18.2,66%,1:53,,,14:02,14.03,21,7,4.2%,,,,75%,1:18,,,0.0%,17:20,17.33
2024,Dec-24,49,49-2024,49,5,2024-12-06,Fri,76%,76%,,817,3%,569,5%,248,0%,844,596,579,248,248,,,54,,16.2,76%,0:59,,,14:08,14.13,14,3,2.9%,,,,77%,1:29,,,0.0%,31:11,31.18
2024,Dec-24,49,49-2024,49,,2024-12-07,Sat,,,,,,,,,,,,,,,,,16,,,,,,,,,,,,,,,,,,,,,
2024,Dec-24,49,50-2024,50,,2024-12-08,Sun,,,,,,,,,,,,,,,,,27,,,,,,,,,,,,,,,,,,,,,
2024,Dec-24,50,50-2024,50,6,2024-12-09,Mon,84%,85%,,1000,1%,683,3%,317,-6%,1005,706,690,299,299,,,76,,19.1,88%,0:29,,,12:59,12.98,10,6,2.3%,,,,78%,1:38,,,0.0%,19:00,19.00
2024,Dec-24,50,50-2024,50,7,2024-12-10,Tue,75%,76%,,993,6%,681,7%,312,4%,1054,729,699,325,325,,,68,,19.0,74%,1:22,,,13:45,13.75,26,4,4.1%,,,,80%,2:11,,,0.0%,16:55,16.92
2024,Dec-24,50,50-2024,50,8,2024-12-11,Wed,87%,89%,,992,-2%,677,-5%,315,2%,968,646,632,322,322,,,86,,17.1,92%,0:26,,,13:46,13.77,3,11,2.2%,,,,83%,1:19,,,0.0%,16:55,16.92
2024,Dec-24,50,50-2024,50,9,2024-12-12,Thu,82%,82%,,799,4%,545,4%,254,5%,831,565,545,266,266,,,91,,15.1,82%,0:47,,,14:06,14.10,16,4,3.5%,,,,82%,1:31,,,0.0%,15:54,15.90
2024,Dec-24,50,50-2024,50,10,2024-12-13,Fri,78%,80%,,924,-15%,628,-12%,296,-21%,786,551,532,235,235,,,60,,15.4,81%,0:44,,,13:25,13.42,12,7,3.4%,,,,80%,1:38,,,0.0%,17:38,17.63
2024,Dec-24,50,50-2024,50,,2024-12-14,Sat,,,,,,,,,,,,,,,,,12,,,,,,,,,,,,,,,,,,,,,
2024,Dec-24,50,51-2024,51,,2024-12-15,Sun,,,,,,,,,,,,,,,,,27,,,,,,,,,,,,,,,,,,,,,
2024,Dec-24,51,51-2024,51,11,2024-12-16,Mon,70%,71%,,973,5%,666,11%,307,-9%,1020,740,713,280,280,,,80,,21.3,70%,1:14,,,12:33,12.55,19,8,3.6%,,,,73%,2:10,,,0.0%,16:24,16.40
2024,Dec-24,51,51-2024,51,12,2024-12-17,Tue,81%,82%,,987,-8%,678,-8%,309,-7%,907,621,602,286,286,,,76,,16.3,81%,0:48,,,14:22,14.37,10,9,3.1%,,,,86%,2:58,,,0.0%,17:06,17.10
2024,Dec-24,51,51-2024,51,13,2024-12-18,Wed,89%,90%,,963,-10%,661,-9%,302,-12%,866,600,591,266,266,,,69,,15.4,92%,0:25,,,13:39,13.65,5,4,1.5%,,,,87%,0:48,,,0.0%,21:30,21.50
2024,Dec-24,51,51-2024,51,14,2024-12-19,Thu,92%,93%,,862,0%,586,1%,276,-3%,860,592,576,268,268,,,59,,15.4,93%,0:30,,,13:02,13.03,9,7,2.7%,,,,94%,0:29,,,0.0%,15:56,15.93
2024,Dec-24,51,51-2024,51,15,2024-12-20,Fri,90%,91%,,767,-19%,525,-18%,242,-20%,621,428,413,193,193,,,66,,11.0,92%,0:44,,,13:44,13.73,9,6,3.5%,,,,90%,0:51,,,0.0%,18:25,18.42
2024,Dec-24,51,51-2024,51,,2024-12-21,Sat,,,,,,,,,,,,,,,,,8,,,,,,,,,,,,,,,,,,,,,
2024,Dec-24,51,52-2024,52,,2024-12-22,Sun,,,,,,,,,,,,,,,,,11,,,,,,,,,,,,,,,,,,,,,
2024,Dec-24,52,52-2024,52,16,2024-12-23,Mon,94%,95%,,839,-16%,570,-11%,269,-26%,705,506,497,199,199,,,44,,12.4,96%,0:17,,,12:51,12.85,0,9,1.8%,,,,95%,0:28,,,0.0%,16:48,16.80
2024,Dec-24,52,52-2024,52,17,2024-12-24,Tue,95%,98%,,731,-74%,496,-76%,235,-71%,188,121,121,67,67,,,21,,3.5,99%,0:15,,,12:44,12.73,0,0,0.0%,,,,97%,0:19,,,0.0%,42:02,42.03
2024,Dec-24,52,52-2024,52,,2024-12-25,Wed,,,,,,,,,,,,,,,,,11,,,,,,,,,,,,,,,,,,,,,
2024,Dec-24,52,52-2024,52,,2024-12-26,Thu,,,,,,,,,,,,,,,,,84,,,,,,,,,,,,,,,,,,,,,
2024,Dec-24,52,52-2024,52,18,2024-12-27,Fri,85%,85%,,627,-3%,425,8%,202,-26%,608,458,444,150,150,,,41,,12.7,81%,0:51,,,14:07,14.12,7,7,3.1%,,,,98%,0:13,,,0.0%,16:50,16.83
2024,Dec-24,52,52-2024,52,,2024-12-28,Sat,,,,,,,,,,,,,,,,,20,,,,,,,,,,,,,,,,,,,,,
2024,Dec-24,52,53-2025,53,,2024-12-29,Sun,,,,,,,,,,,,,,,,,19,,,,,,,,,,,,,,,,,,,,,
2024,Dec-24,1,53-2025,53,19,2024-12-30,Mon,85%,86%,,840,-4%,572,5%,268,-24%,803,599,582,204,204,,,56,,15.0,84%,0:41,,,13:52,13.87,11,6,2.8%,,,,91%,0:51,,,0.0%,17:54,17.90
2024,Dec-24,1,53-2025,53,20,2024-12-31,Tue,88%,89%,,829,-30%,565,-24%,264,-41%,583,427,412,156,156,,,39,,13.2,87%,0:34,,,12:47,12.78,12,3,3.5%,,,,94%,0:26,,,0.0%,16:47,16.78
2025,Jan-25,1,0-2025,0,,2025-01-01,Wed,,,,,,,,,,,,,,,,,16,,,,,,,,,,,,,,,,,,,,,
2025,Jan-25,1,0-2025,0,1,2025-01-02,Thu,82%,83%,,1244,-13%,857,-12%,387,-15%,1084,755,740,329,329,,,77,,19.4,86%,0:31,,,12:58,12.97,4,11,2.0%,,,,74%,1:44,,,0.0%,16:26,16.43
2025,Jan-25,1,0-2025,0,2,2025-01-03,Fri,76%,76%,,1048,-1%,723,3%,325,-10%,1039,748,725,291,291,,,72,,19.6,75%,1:07,,,13:53,13.88,20,3,3.1%,,,,77%,1:40,,,0.0%,22:46,22.77
2025,Jan-25,1,0-2025,0,,2025-01-04,Sat,,,,,,,,,,,,,,,,,37,,,,,,,,,,,,,,,,,,,,,
2025,Jan-25,1,1-2025,1,,2025-01-05,Sun,,,,,,,,,,,,,,,,,34,,,,,,,,,,,,,,,,,,,,,
2025,Jan-25,2,1-2025,1,3,2025-01-06,Mon,67%,67%,,1481,-17%,1029,-13%,452,-24%,1236,891,850,345,345,,,93,,22.2,65%,1:23,,,13:21,13.35,36,5,4.6%,,,,73%,2:19,,,0.0%,18:47,18.78
2025,Jan-25,2,1-2025,1,4,2025-01-07,Tue,73%,73%,,1416,-12%,979,-11%,437,-15%,1241,868,834,373,373,,,84,,20.7,70%,1:02,,,13:58,13.97,21,13,3.9%,,,,78%,2:23,,,0.0%,19:07,19.12
2025,Jan-25,2,1-2025,1,5,2025-01-08,Wed,87%,89%,,1263,-17%,892,-20%,371,-9%,1050,713,698,337,337,,,89,,17.5,90%,0:27,,,13:50,13.83,8,7,2.1%,,,,88%,0:56,,,0.0%,18:01,18.02
2025,Jan-25,2,1-2025,1,6,2025-01-09,Thu,81%,81%,,1280,-18%,881,-22%,399,-8%,1052,686,666,366,366,,,78,,17.2,81%,0:44,,,14:23,14.38,11,9,2.9%,,,,81%,1:23,,,0.0%,23:14,23.23
2025,Jan-25,2,1-2025,1,7,2025-01-10,Fri,91%,93%,,842,7%,582,6%,260,10%,901,616,593,285,285,,,72,,15.4,93%,0:22,,,13:22,13.37,13,10,3.7%,,,,93%,0:29,,,0.0%,16:39,16.65
2025,Jan-25,2,1-2025,1,,2025-01-11,Sat,,,,,,,,,,,,,,,,,20,,,,,,,,,,,,,,,,,,,,,
2025,Jan-25,2,2-2025,2,,2025-01-12,Sun,,,,,,,,,,,,,,,,,23,,,,,,,,,,,,,,,,,,,,,
2025,Jan-25,3,2-2025,2,8,2025-01-13,Mon,87%,88%,,1041,1%,719,6%,322,-9%,1052,759,736,293,293,,,83,,17.0,87%,0:32,,,13:20,13.33,9,14,3.0%,,,,91%,0:38,,,0.0%,17:48,17.80
2025,Jan-25,3,2-2025,2,9,2025-01-14,Tue,84%,85%,,1081,4%,749,3%,332,6%,1121,769,753,352,352,,,90,,18.6,86%,0:43,,,13:13,13.22,11,5,2.1%,,,,82%,1:17,,,0.0%,16:02,16.03
2025,Jan-25,3,2-2025,2,10,2025-01-15,Wed,89%,90%,,1029,3%,709,0%,320,8%,1055,708,694,347,347,,,75,,17.1,92%,0:25,,,13:14,13.23,7,7,2.0%,,,,87%,0:56,,,0.0%,21:07,21.12
2025,Jan-25,3,2-2025,2,11,2025-01-16,Thu,93%,94%,,990,3%,682,0%,308,10%,1022,683,674,339,339,,,75,,16.5,95%,0:20,,,13:34,13.57,2,7,1.3%,,,,91%,0:58,,,0.0%,16:03,16.05
2025,Jan-25,3,2-2025,2,12,2025-01-17,Fri,88%,89%,,796,10%,548,12%,248,6%,876,613,594,263,263,,,52,,15.0,87%,0:34,,,12:34,12.57,7,12,3.1%,,,,94%,0:51,,,0.0%,21:54,21.90
2025,Jan-25,3,2-2025,2,,2025-01-18,Sat,,,,,,,,,,,,,,,,,8,,,,,,,,,,,,,,,,,,,,,
2025,Jan-25,3,3-2025,3,,2025-01-19,Sun,,,,,,,,,,,,,,,,,28,,,,,,,,,,,,,,,,,,,,,
2025,Jan-25,4,3-2025,3,13,2025-01-20,Mon,91%,94%,,827,-13%,579,-12%,248,-15%,720,508,500,212,212,,,62,,14.9,94%,0:30,,,14:35,14.58,7,1,1.6%,,,,94%,0:28,,,0.0%,17:02,17.03
2025,Jan-25,4,3-2025,3,14,2025-01-21,Tue,64%,67%,,1072,-4%,673,8%,399,-24%,1034,729,675,305,305,,,73,,22.6,65%,1:31,,,12:26,12.43,46,8,7.4%,,,,72%,2:53,,,0.0%,16:02,16.03
2025,Jan-25,4,3-2025,3,,2025-01-22,Wed,,,,,,,,,,,,,,,,,198,,,,,,,,,,,,,,,0%,8:47,,,0.0%,45:35,45.58
2025,Jan-25,4,3-2025,3,15,2025-01-23,Thu,62%,67%,,826,19%,605,12%,221,37%,983,680,637,303,303,,,86,,22.7,62%,2:13,,,14:00,14.00,40,3,6.3%,,,,77%,1:59,,,0.0%,16:02,16.03
2025,Jan-25,4,3-2025,3,16,2025-01-24,Fri,65%,70%,,728,27%,518,24%,210,33%,924,644,629,280,280,,,76,,20.5,73%,0:55,,,13:32,13.53,12,3,2.3%,,,,62%,51:43,,,0.0%,21:45,21.75
2025,Jan-25,4,3-2025,3,,2025-01-25,Sat,,,,,,,,,,,,,,,,,14,,,,,,,,,,,,,,,,,,,,,
2025,Jan-25,4,4-2025,4,,2025-01-26,Sun,,,,,,,,,,,,,,,,,26,,,,,,,,,,,,,,,,,,,,,
2025,Jan-25,5,4-2025,4,17,2025-01-27,Mon,74%,77%,,1203,-4%,832,-5%,371,-1%,1155,788,768,367,367,,,81,,19.7,78%,0:51,,,14:36,14.60,12,8,2.5%,,,,74%,2:40,,,0.0%,15:15,15.25
2025,Jan-25,5,4-2025,4,18,2025-01-28,Tue,90%,92%,,1099,-2%,761,-3%,338,0%,1075,736,729,339,339,,,84,,16.9,93%,0:23,,,13:13,13.22,5,2,1.0%,,,,89%,0:57,,,0.0%,16:12,16.20
2025,Jan-25,5,4-2025,4,19,2025-01-29,Wed,82%,84%,,1044,1%,722,-1%,322,6%,1054,712,687,342,342,,,82,,17.7,81%,0:47,,,13:49,13.82,19,6,3.5%,,,,89%,0:50,,,0.0%,16:42,16.70
2025,Jan-25,5,4-2025,4,20,2025-01-30,Thu,83%,84%,,949,6%,654,7%,295,4%,1008,702,685,306,306,,,77,,17.4,84%,0:38,,,13:34,13.57,13,4,2.4%,,,,86%,0:59,,,,15:37,15.62
2025,Jan-25,5,4-2025,4,21,2025-01-31,Fri,84%,86%,,793,18%,545,26%,248,-2%,932,688,665,244,244,,,103,,16.4,85%,0:52,,,13:57,13.95,17,6,3.3%,,,,89%,0:53,,,,16:48,16.80
2025,Feb-25,5,4-2025,4,,2025-02-01,Sat,,,,,,,,,,,,,,,,,18,,,,,,,,,,,,,,,,,,,,,
2025,Feb-25,5,5-2025,5,,2025-02-02,Sun,,,,,,,,,,,,,,,,,34,,,,,,,,,,,,,,,,,,,,,
2025,Feb-25,6,5-2025,5,1,2025-02-03,Mon,51%,52%,,1081,16%,725,25%,356,-3%,1249,903,837,346,346,,,82,,23.6,48%,2:37,,,12:42,12.70,57,9,7.3%,,,,65%,2:49,,,,17:56,17.93
2025,Feb-25,6,5-2025,5,2,2025-02-04,Tue,65%,69%,,1123,9%,735,16%,388,-4%,1223,852,807,371,371,,,86,,21.6,65%,1:23,,,13:31,13.52,36,9,5.3%,,,,78%,2:20,,,,15:52,15.87
2025,Feb-25,6,5-2025,5,3,2025-02-05,Wed,71%,72%,,1090,11%,704,20%,386,-6%,1209,847,814,362,362,,,85,,20.7,75%,0:57,,,13:31,13.52,22,11,3.9%,,,,66%,2:26,,,,17:49,17.82
2025,Feb-25,6,5-2025,5,4,2025-02-06,Thu,83%,83%,,983,11%,638,20%,345,-6%,1093,768,748,325,325,,,71,,18.4,80%,0:49,,,13:57,13.95,14,6,2.6%,,,,91%,0:48,,,,17:00,17.00
2025,Feb-25,6,5-2025,5,5,2025-02-07,Fri,83%,84%,,829,12%,566,22%,263,-9%,930,691,671,239,239,,,68,,16.2,82%,0:46,,,14:07,14.12,14,6,2.9%,,,,88%,0:56,,,,16:54,16.90
2025,Feb-25,6,5-2025,5,,2025-02-08,Sat,,,,,,,,,,,,,,,,,13,,,,,,,,,,,,,,,,,,,,,
2025,Feb-25,6,6-2025,6,,2025-02-09,Sun,,,,,,,,,,,,,,,,,19,,,,,,,,,,,,,,,,,,,,,
2025,Feb-25,7,6-2025,6,6,2025-02-10,Mon,75%,78%,,1040,3%,687,9%,353,-10%,1068,749,715,319,319,,,77,,18.6,72%,1:11,,,13:17,13.28,26,8,4.5%,,,,92%,0:44,,,,16:03,16.05
2025,Feb-25,7,6-2025,6,7,2025-02-11,Tue,79%,80%,,1082,0%,698,11%,384,-20%,1080,774,751,306,306,,,74,,19.0,77%,0:44,,,13:56,13.93,17,6,3.0%,,,,87%,0:56,,,,16:41,16.68
2025,Feb-25,7,6-2025,6,8,2025-02-12,Wed,79%,78%,,1057,-4%,731,-4%,326,-4%,1018,705,679,313,313,,,70,,17.9,76%,0:51,,,13:26,13.43,17,9,3.7%,,,,84%,1:40,,,,16:53,16.88
2025,Feb-25,7,6-2025,6,9,2025-02-13,Thu,81%,82%,,834,-3%,561,1%,273,-13%,805,568,545,237,237,,,65,,14.2,82%,0:42,,,13:53,13.88,16,7,4.0%,,,,81%,1:41,,,,17:05,17.08
2025,Feb-25,7,6-2025,6,10,2025-02-14,Fri,91%,92%,,839,-6%,581,0%,258,-19%,791,583,573,208,208,,,44,,13.8,90%,0:29,,,13:11,13.18,4,6,1.7%,,,,98%,0:16,,,,14:43,14.72
2025,Feb-25,7,6-2025,6,,2025-02-15,Sat,,,,,,,,,,,,,,,,,22,,,,,,,,,,,,,,,,,,,,,
2025,Feb-25,7,7-2025,7,,2025-02-16,Sun,,,,,,,,,,,,,,,,,24,,,,,,,,,,,,,,,,,,,,,
2025,Feb-25,8,7-2025,7,11,2025-02-17,Mon,92%,93%,,954,-21%,659,-19%,295,-26%,752,533,519,219,219,,,51,,13.2,92%,0:24,,,13:39,13.65,7,7,2.6%,,,,95%,0:28,,,,16:10,16.17
2025,Feb-25,8,7-2025,7,12,2025-02-18,Tue,87%,88%,,1090,-11%,753,-7%,337,-18%,973,698,684,275,275,,,96,,18.1,87%,0:31,,,13:49,13.82,9,5,2.0%,,,,92%,0:44,,,,15:49,15.82
2025,Feb-25,8,7-2025,7,13,2025-02-19,Wed,88%,89%,,1069,-8%,739,-6%,330,-13%,979,693,675,286,286,,,69,,17.0,90%,0:30,,,13:51,13.85,10,8,2.6%,,,,87%,1:00,,,,15:37,15.62
2025,Feb-25,8,7-2025,7,14,2025-02-20,Thu,85%,86%,,994,2%,686,1%,308,4%,1013,694,671,319,319,,,70,,17.9,87%,0:30,,,13:37,13.62,10,13,3.3%,,,,83%,1:28,,,,16:42,16.70
2025,Feb-25,8,7-2025,7,15,2025-02-21,Fri,84%,85%,,850,4%,588,8%,262,-5%,886,636,615,250,250,,,55,,15.7,83%,0:59,,,13:50,13.83,17,4,3.3%,,,,92%,1:46,,,,23:57,23.95
2025,Feb-25,8,7-2025,7,,2025-02-22,Sat,,,,,,,,,,,,,,,,,17,,,,,,,,,,,,,,,,,,,,,
2025,Feb-25,8,8-2025,8,,2025-02-23,Sun,,,,,,,,,,,,,,,,,32,,,,,,,,,,,,,,,,,,,,,
2025,Feb-25,9,8-2025,8,16,2025-02-24,Mon,86%,87%,,993,-3%,689,1%,304,-14%,959,699,679,260,260,,,75,,18.3,84%,0:37,,,13:24,13.40,13,7,2.9%,,,,95%,0:23,,,,15:34,15.57
2025,Feb-25,9,8-2025,8,17,2025-02-25,Tue,75%,75%,,993,6%,683,7%,310,4%,1050,729,704,321,321,,,51,,18.3,74%,0:58,,,13:26,13.43,21,4,3.4%,,,,77%,3:16,,,,15:34,15.57
2025,Feb-25,9,8-2025,8,18,2025-02-26,Wed,84%,85%,,980,-1%,670,-2%,310,-1%,967,659,639,308,308,,,65,,16.1,85%,0:41,,,13:41,13.68,12,8,3.0%,,,,86%,0:54,,,,15:34,15.57
2025,Feb-25,9,8-2025,8,19,2025-02-27,Thu,83%,85%,,941,13%,648,15%,293,11%,1068,743,724,325,325,,,94,,17.7,88%,0:30,,,14:03,14.05,13,6,2.6%,,,,78%,1:40,,,,17:06,17.10
2025,Feb-25,9,8-2025,8,20,2025-02-28,Fri,89%,91%,,749,2%,526,5%,223,-4%,765,552,546,213,213,,,83,,12.6,91%,0:25,,,13:08,13.13,5,1,1.1%,,,,90%,0:55,,,,16:26,16.43
2025,Mar-25,9,8-2025,8,,2025-03-01,Sat,,,,,,,,,,,,,,,,,20,,,,,,,,,,,,,,,,,,,,,
2025,Mar-25,9,9-2025,9,,2025-03-02,Sun,,,,,,,,,,,,,,,,,29,,,,,,,,,,,,,,,,,,,,,
2025,Mar-25,10,9-2025,9,1,2025-03-03,Mon,79%,81%,,1160,7%,798,11%,362,-2%,1240,884,865,356,356,,,92,,19.5,82%,0:49,,,14:06,14.10,14,5,2.1%,,,,80%,1:23,,,,16:53,16.88
2025,Mar-25,10,9-2025,9,2,2025-03-04,Tue,79%,80%,,1208,-7%,839,-6%,369,-8%,1125,787,764,338,338,,,73,,18.6,84%,0:41,,,13:34,13.57,14,9,2.9%,,,,71%,2:19,,,,16:10,16.17
2025,Mar-25,10,9-2025,9,3,2025-03-05,Wed,87%,89%,,1190,-9%,823,-9%,367,-8%,1086,748,730,338,338,,,83,,17.3,88%,0:26,,,13:57,13.95,8,10,2.4%,,,,91%,0:49,,,,16:39,16.65
2025,Mar-25,10,9-2025,9,4,2025-03-06,Thu,89%,89%,,1101,-4%,763,-3%,338,-7%,1055,740,726,315,315,,,81,,16.8,91%,0:29,,,12:58,12.97,9,5,1.9%,,,,86%,0:57,,,,20:26,20.43
2025,Mar-25,10,9-2025,9,5,2025-03-07,Fri,91%,92%,,775,4%,546,8%,229,-5%,806,589,577,217,217,,,60,,12.7,91%,0:25,,,14:53,14.88,8,4,2.0%,,,,94%,0:43,,,,14:41,14.68
2025,Mar-25,10,9-2025,9,,2025-03-08,Sat,,,,,,,,,,,,,,,,,18,,,,,,,,,,,,,,,,,,,,,
2025,Mar-25,10,10-2025,10,,2025-03-09,Sun,,,,,,,,,,,,,,,,,14,,,,,,,,,,,,,,,,,,,,,
2025,Mar-25,11,10-2025,10,6,2025-03-10,Mon,81%,82%,,988,13%,664,24%,324,-10%,1117,826,801,291,291,,,85,,20.2,79%,0:53,,,13:31,13.52,19,6,3.0%,,,,92%,0:41,,,,14:57,14.95
2025,Mar-25,11,10-2025,10,7,2025-03-11,Tue,82%,82%,,1037,-2%,681,11%,356,-28%,1014,756,733,258,258,,,78,,17.3,79%,0:46,,,12:39,12.65,22,1,3.0%,,,,92%,0:52,,,,15:42,15.70
2025,Mar-25,11,10-2025,10,8,2025-03-12,Wed,84%,85%,,1013,-3%,669,3%,344,-15%,978,686,672,292,292,,,72,,17.0,86%,0:38,,,13:47,13.78,11,3,2.0%,,,,83%,1:29,,,,15:42,15.70
2025,Mar-25,11,10-2025,10,9,2025-03-13,Thu,81%,82%,,816,5%,540,13%,276,-12%,855,611,585,244,244,,,120,,14.7,79%,0:57,,,13:47,13.78,21,5,4.3%,,,,89%,0:46,,,,16:55,16.92
2025,Mar-25,11,10-2025,10,10,2025-03-14,Fri,78%,79%,,785,12%,555,13%,230,9%,876,626,608,250,250,,,51,,16.0,79%,0:45,,,14:08,14.13,9,9,2.9%,,,,77%,1:49,,,,23:54,23.90
2025,Mar-25,11,10-2025,10,,2025-03-15,Sat,,,,,,,,,,,,,,,,,21,,,,,,,,,,,,,,,,,,,,,
2025,Mar-25,11,11-2025,11,,2025-03-16,Sun,,,,,,,,,,,,,,,,,18,,,,,,,,,,,,,,,,,,,,,
2025,Mar-25,12,11-2025,11,11,2025-03-17,Mon,74%,76%,,1008,4%,694,7%,314,-5%,1045,746,718,299,299,,,94,,19.1,75%,0:54,,,13:41,13.68,17,11,3.8%,,,,81%,1:50,,,,16:55,16.92
2025,Mar-25,12,11-2025,11,12,2025-03-18,Tue,83%,82%,,1025,2%,686,5%,339,-4%,1044,718,693,326,326,,,83,,17.7,83%,0:38,,,13:48,13.80,13,12,3.5%,,,,81%,1:21,,,,15:38,15.63
2025,Mar-25,12,11-2025,11,13,2025-03-19,Wed,82%,83%,,1009,3%,674,10%,335,-12%,1035,741,713,294,294,,,81,,18.0,78%,0:55,,,13:38,13.63,19,9,3.8%,,,,94%,0:42,,,,15:38,15.63
2025,Mar-25,12,11-2025,11,14,2025-03-20,Thu,87%,89%,,851,5%,577,12%,274,-9%,894,644,629,250,250,,,106,,15.2,90%,0:32,,,13:16,13.27,8,7,2.3%,,,,86%,1:01,,,,17:37,17.62
2025,Mar-25,12,11-2025,11,15,2025-03-21,Fri,92%,93%,,785,2%,569,1%,216,5%,801,574,561,227,227,,,49,,13.5,94%,0:20,,,13:32,13.53,4,9,2.3%,,,,90%,0:49,,,,16:13,16.22
2025,Mar-25,12,11-2025,11,,2025-03-22,Sat,,,,,,,,,,,,,,,,,18,,,,,,,,,,,,,,,,,,,,,
2025,Mar-25,12,12-2025,12,,2025-03-23,Sun,,,,,,,,,,,,,,,,,19,,,,,,,,,,,,,,,,,,,,,
2025,Mar-25,13,12-2025,12,16,2025-03-24,Mon,88%,89%,,988,11%,693,13%,295,5%,1093,782,754,311,311,,,83,,19.1,88%,0:29,,,12:11,12.18,16,12,3.6%,,,,92%,0:40,,,,14:52,14.87
2025,Mar-25,13,12-2025,12,17,2025-03-25,Tue,92%,92%,,1014,-1%,688,1%,326,-6%,1000,692,681,308,308,,,72,,16.8,94%,0:20,,,13:20,13.33,2,9,1.6%,,,,88%,0:53,,,,16:38,16.63
2025,Mar-25,13,12-2025,12,18,2025-03-26,Wed,87%,87%,,1001,0%,678,-1%,323,1%,1001,674,658,327,327,,,81,,16.8,86%,0:38,,,14:17,14.28,10,6,2.4%,,,,89%,0:52,,,,18:06,18.10
2025,Mar-25,13,12-2025,12,19,2025-03-27,Thu,90%,91%,,917,2%,631,2%,286,1%,932,644,627,288,288,,,69,,16.9,90%,0:31,,,13:23,13.38,12,5,2.6%,,,,94%,0:49,,,,16:27,16.45
2025,Mar-25,13,12-2025,12,20,2025-03-28,Fri,84%,84%,,764,11%,560,6%,204,25%,848,593,578,255,255,,,66,,16.2,84%,0:43,,,13:43,13.72,10,5,2.5%,,,,86%,1:23,,,,21:58,21.97
2025,Mar-25,13,12-2025,12,,2025-03-29,Sat,,,,,,,,,,,,,,,,,29,,,,,,,,,,,,,,,,,,,,,
2025,Mar-25,13,13-2025,13,,2025-03-30,Sun,,,,,,,,,,,,,,,,,27,,,,,,,,,,,,,,,,,,,,,
2025,Mar-25,14,13-2025,13,21,2025-03-31,Mon,60%,63%,,1081,7%,752,10%,329,2%,1162,825,741,337,337,,,113,,22.7,60%,1:33,,,12:26,12.43,54,30,10.2%,,,,70%,2:47,,,,16:27,16.45
2025,Apr-25,14,13-2025,13,1,2025-04-01,Tue,69%,71%,,1182,1%,808,6%,374,-8%,1199,855,806,344,344,,,96,,22.1,67%,1:13,,,12:53,12.88,43,6,5.7%,,,,83%,1:17,,,,15:59,15.98
2025,Apr-25,14,13-2025,13,2,2025-04-02,Wed,62%,62%,,1158,1%,800,1%,358,0%,1169,811,769,358,358,,,105,,21.3,61%,1:35,,,13:49,13.82,33,9,5.2%,,,,64%,3:54,,,,13:49,13.82
2025,Apr-25,14,13-2025,13,3,2025-04-03,Thu,76%,76%,,1066,-4%,746,-4%,320,-5%,1020,716,687,304,304,,,82,,18.6,72%,1:00,,,13:49,13.82,19,10,4.1%,,,,87%,1:06,,,,18:27,18.45
2025,Apr-25,14,13-2025,13,4,2025-04-04,Fri,88%,88%,,877,-7%,653,-12%,224,8%,815,574,559,241,241,,,67,,15.7,90%,0:34,,,14:25,14.42,10,5,2.6%,,,,86%,1:04,,,,16:09,16.15
2025,Apr-25,14,13-2025,13,,2025-04-05,Sat,,,,,,,,,,,,,,,,,19,,,,,,,,,,,,,,,,,,,,,
2025,Apr-25,14,14-2025,14,,2025-04-06,Sun,,,,,,,,,,,,,,,,,26,,,,,,,,,,,,,,,,,,,,,
2025,Apr-25,15,14-2025,14,5,2025-04-07,Mon,70%,69%,,1110,10%,787,9%,323,11%,1220,861,791,359,359,,,112,,22.5,69%,1:55,,,11:56,11.93,64,6,8.1%,,,,71%,3:49,,,,13:54,13.90
2025,Apr-25,15,14-2025,14,6,2025-04-08,Tue,80%,81%,,1065,-7%,732,-8%,333,-5%,988,671,651,317,317,,,85,,19.0,84%,0:44,,,13:20,13.33,13,7,3.0%,,,,75%,2:26,,,,15:21,15.35
2025,Apr-25,15,14-2025,14,7,2025-04-09,Wed,72%,73%,,1059,-6%,731,-2%,328,-16%,992,715,682,277,277,,,78,,19.2,70%,1:16,,,13:49,13.82,28,5,4.6%,,,,80%,1:47,,,,15:21,15.35
2025,Apr-25,15,14-2025,14,8,2025-04-10,Thu,68%,68%,,835,-10%,580,-10%,255,-11%,750,522,494,228,228,,,94,,15.2,67%,1:04,,,12:53,12.88,19,9,5.4%,,,,72%,2:14,,,,17:29,17.48
2025,Apr-25,15,14-2025,14,9,2025-04-11,Fri,76%,77%,,827,-6%,612,-7%,215,-2%,780,570,544,210,210,,,61,,16.3,75%,0:59,,,12:46,12.77,16,10,4.6%,,,,81%,1:26,,,,16:16,16.27
2025,Apr-25,15,14-2025,14,,2025-04-12,Sat,,,,,,,,,,,,,,,,,21,,,,,,,,,,,,,,,,,,,,,
2025,Apr-25,15,15-2025,15,,2025-04-13,Sun,,,,,,,,,,,,,,,,,32,,,,,,,,,,,,,,,,,,,,,
2025,Apr-25,16,15-2025,15,10,2025-04-14,Mon,79%,80%,,1067,-7%,752,-3%,315,-16%,993,729,709,264,264,,,84,,18.5,79%,0:49,,,13:02,13.03,12,8,2.7%,,,,85%,1:29,,,,15:09,15.15
2025,Apr-25,16,15-2025,15,11,2025-04-15,Tue,75%,78%,,1078,-10%,739,-8%,339,-15%,965,677,646,288,288,,,123,,17.7,80%,0:47,,,13:11,13.18,25,6,4.6%,,,,73%,1:56,,,,15:50,15.83
2025,Apr-25,16,15-2025,15,12,2025-04-16,Wed,74%,77%,,1079,-13%,745,-12%,334,-14%,942,656,642,286,286,,,98,,18.0,77%,0:49,,,14:25,14.42,6,8,2.1%,,,,77%,1:50,,,,26:54,26.90
2025,Apr-25,16,15-2025,15,13,2025-04-17,Thu,83%,84%,,947,-14%,667,-11%,280,-19%,819,592,568,227,227,,,56,,16.0,84%,0:37,,,13:13,13.22,15,9,4.1%,,,,85%,1:23,,,,23:08,23.13
2025,Apr-25,16,15-2025,15,14,2025-04-18,Fri,94%,95%,,777,-27%,591,-31%,186,-11%,570,405,401,165,165,,,46,,11.0,96%,0:21,,,14:05,14.08,0,4,1.0%,,,,92%,0:41,,,,28:31,28.52
2025,Apr-25,16,15-2025,15,,2025-04-19,Sat,,,,,,,,,,,,,,,,,12,,,,,,,,,,,,,,,,,,,,,
2025,Apr-25,16,16-2025,16,,2025-04-20,Sun,,,,,,,,,,,,,,,,,15,,,,,,,,,,,,,,,,,,,,,
2025,Apr-25,17,16-2025,16,15,2025-04-21,Mon,77%,78%,,1020,-11%,726,-9%,294,-15%,909,658,630,251,251,,,72,,18.5,76%,1:04,,,13:35,13.58,27,1,4.3%,,,,84%,2:03,,,,15:33,15.55
2025,Apr-25,17,16-2025,16,16,2025-04-22,Tue,83%,85%,,1074,-8%,743,-8%,331,-6%,991,680,653,311,311,,,91,,17.9,86%,0:50,,,12:13,12.22,17,10,4.0%,,,,82%,1:28,,,,16:22,16.37
2025,Apr-25,17,16-2025,16,17,2025-04-23,Wed,83%,84%,,1065,-16%,739,-18%,326,-12%,895,609,591,286,286,,,71,,16.3,83%,0:46,,,14:23,14.38,8,10,3.0%,,,,87%,0:55,,,,15:48,15.80
2025,Apr-25,17,16-2025,16,18,2025-04-24,Thu,83%,83%,,868,3%,603,-1%,265,12%,892,594,587,298,298,,,67,,16.5,84%,0:38,,,13:08,13.13,6,1,1.2%,,,,81%,1:57,,,,15:21,15.35
2025,Apr-25,17,16-2025,16,19,2025-04-25,Fri,84%,85%,,728,-8%,535,-8%,193,-10%,667,493,476,174,174,,,55,,12.3,82%,0:45,,,13:47,13.78,12,5,3.4%,,,,94%,0:30,,,,15:18,15.30
2025,Apr-25,17,16-2025,16,,2025-04-26,Sat,,,,,,,,,,,,,,,,,17,,,,,,,,,,,,,,,,,,,,,
2025,Apr-25,17,17-2025,17,,2025-04-27,Sun,,,,,,,,,,,,,,,,,34,,,,,,,,,,,,,,,,,,,,,
2025,Apr-25,18,17-2025,17,20,2025-04-28,Mon,85%,86%,,1043,-10%,735,-9%,308,-11%,942,669,646,273,273,,,74,,17.6,86%,0:35,,,13:08,13.13,11,12,3.4%,,,,86%,1:14,,,,15:18,15.30
2025,Apr-25,18,17-2025,17,21,2025-04-29,Tue,81%,82%,,1016,-5%,694,-1%,322,-14%,967,689,677,278,278,,,92,,19.0,82%,0:41,,,13:58,13.97,9,3,1.7%,,,,84%,1:31,,,,16:21,16.35
2025,Apr-25,18,17-2025,17,22,2025-04-30,Wed,65%,65%,,998,8%,677,17%,321,-11%,1076,790,748,286,286,,,92,,20.7,64%,1:37,,,13:56,13.93,37,5,5.3%,,,,68%,3:05,,,,14:43,14.72
2025,May-25,18,17-2025,17,1,2025-05-01,Thu,75%,75%,,1174,-7%,823,-4%,351,-14%,1094,792,755,302,302,,,65,,19.6,73%,1:00,,,13:41,13.68,29,8,4.7%,,,,81%,1:35,,,,16:51,16.85
2025,May-25,18,17-2025,17,2,2025-05-02,Fri,67%,66%,,901,24%,638,29%,263,11%,1113,822,702,291,291,,,111,,21.2,67%,1:49,,,11:11,11.18,111,9,14.6%,,,,64%,5:53,,,,12:40,12.67
2025,May-25,18,17-2025,17,,2025-05-03,Sat,,,,,,,,,,,,,,,,,21,,,,,,,,,,,,,,,,,,,,,
2025,May-25,18,18-2025,18,,2025-05-04,Sun,,,,,,,,,,,,,,,,,23,,,,,,,,,,,,,,,,,,,,,
2025,May-25,19,18-2025,18,3,2025-05-05,Mon,88%,89%,,1169,-9%,822,-3%,347,-23%,1063,796,781,267,267,,,79,,18.6,87%,0:36,,,12:41,12.68,9,6,1.9%,,,,94%,0:28,,,,15:51,15.85
2025,May-25,19,18-2025,18,4,2025-05-06,Tue,87%,88%,,1166,-12%,821,-11%,345,-15%,1021,727,714,294,294,,,84,,16.7,87%,0:32,,,13:33,13.55,7,6,1.8%,,,,90%,1:00,,,,17:19,17.32
2025,May-25,19,18-2025,18,5,2025-05-07,Wed,79%,78%,,1124,-5%,790,-3%,334,-10%,1069,769,747,300,300,,,69,,17.5,79%,0:45,,,13:59,13.98,15,7,2.9%,,,,76%,2:04,,,,15:52,15.87
2025,May-25,19,18-2025,18,6,2025-05-08,Thu,78%,78%,,868,-5%,607,-1%,261,-15%,823,602,579,221,221,,,119,,13.3,75%,1:11,,,13:43,13.72,18,5,3.8%,,,,85%,1:31,,,,19:49,19.82
2025,May-25,19,18-2025,18,7,2025-05-09,Fri,88%,89%,,831,-4%,584,1%,247,-15%,800,589,578,211,211,,,62,,13.2,89%,0:29,,,13:02,13.03,6,5,1.9%,,,,91%,0:55,,,,26:00,26.00
2025,May-25,19,18-2025,18,,2025-05-10,Sat,,,,,,,,,,,,,,,,,16,,,,,,,,,,,,,,,,,,,,,
2025,May-25,19,19-2025,19,,2025-05-11,Sun,,,,,,,,,,,,,,,,,31,,,,,,,,,,,,,,,,,,,,,
2025,May-25,20,19-2025,19,8,2025-05-12,Mon,65%,66%,,1031,6%,722,8%,309,3%,1097,780,730,317,317,,,104,,18.1,64%,1:26,,,13:59,13.98,43,7,6.4%,,,,69%,2:50,,,,15:15,15.25
2025,May-25,20,19-2025,19,9,2025-05-13,Tue,90%,91%,,1054,-9%,740,-5%,314,-17%,961,701,688,260,260,,,87,,14.3,93%,0:25,,,13:44,13.73,8,5,1.9%,,,,85%,1:29,,,,17:01,17.02
2025,May-25,20,19-2025,19,10,2025-05-14,Wed,82%,84%,,1027,-11%,718,-6%,309,-22%,918,676,664,242,242,,,89,,14.5,85%,0:35,,,14:38,14.63,7,5,1.8%,,,,79%,1:27,,,,17:11,17.18
2025,May-25,20,19-2025,19,11,2025-05-15,Thu,86%,86%,,935,1%,654,1%,281,3%,947,658,642,289,289,,,71,,14.5,87%,0:40,,,13:45,13.75,8,8,2.4%,,,,84%,1:14,,,,16:17,16.28
2025,May-25,20,19-2025,19,12,2025-05-16,Fri,84%,85%,,760,6%,532,11%,228,-4%,807,589,580,218,218,,,72,,13.1,86%,0:37,,,14:00,14.00,6,3,1.5%,,,,84%,1:05,,,,17:04,17.07
2025,May-25,20,19-2025,19,,2025-05-17,Sat,,,,,,,,,,,,,,,,,13,,,,,,,,,,,,,,,,,,,,,
2025,May-25,20,20-2025,20,,2025-05-18,Sun,,,,,,,,,,,,,,,,,19,,,,,,,,,,,,,,,,,,,,,
2025,May-25,21,20-2025,20,13,2025-05-19,Mon,75%,76%,,988,-7%,694,-7%,294,-9%,915,647,626,268,268,,,69,,17.2,74%,1:01,,,14:53,14.88,12,9,3.2%,,,,81%,1:18,,,,16:02,16.03
2025,May-25,21,20-2025,20,14,2025-05-20,Tue,88%,90%,,1011,-8%,711,-9%,300,-7%,926,648,638,278,278,,,81,,17.0,91%,0:29,,,13:30,13.50,7,3,1.5%,,,,89%,0:59,,,,16:03,16.05
2025,May-25,21,20-2025,20,15,2025-05-21,Wed,81%,81%,,997,-5%,700,-3%,297,-9%,947,676,650,271,271,,,90,,17.5,79%,0:50,,,13:08,13.13,16,10,3.8%,,,,85%,1:10,,,,16:51,16.85
2025,May-25,21,20-2025,20,16,2025-05-22,Thu,84%,85%,,918,-11%,641,-10%,277,-13%,817,576,550,241,241,,,101,,14.0,83%,0:48,,,14:47,14.78,16,10,4.5%,,,,91%,0:41,,,,15:37,15.62
2025,May-25,21,20-2025,20,17,2025-05-23,Fri,85%,86%,,755,-4%,530,2%,225,-16%,727,539,529,188,188,,,56,,15.1,85%,0:35,,,14:01,14.02,5,5,1.9%,,,,90%,0:50,,,,16:06,16.10
2025,May-25,21,20-2025,20,,2025-05-24,Sat,,,,,,,,,,,,,,,,,12,,,,,,,,,,,,,,,,,,,,,
2025,May-25,21,21-2025,21,,2025-05-25,Sun,,,,,,,,,,,,,,,,,15,,,,,,,,,,,,,,,,,,,,,
2025,May-25,22,21-2025,21,,2025-05-26,Mon,45%,100%,,,,,,,,2,2,2,,,,,47,,,100%,0:15,,,8:36,8.60,0,0,0.0%,,,,,,,,,,
2025,May-25,22,21-2025,21,18,2025-05-27,Tue,70%,69%,,965,-1%,672,0%,293,-3%,960,675,636,285,285,,,119,,18.6,67%,1:22,,,14:43,14.72,27,12,5.8%,,,,76%,24:40,,,,15:15,15.25
2025,May-25,22,21-2025,21,19,2025-05-28,Wed,71%,70%,,950,3%,660,2%,290,4%,976,674,628,302,302,,,101,,19.1,63%,1:13,,,12:49,12.82,38,8,6.8%,,,,84%,1:07,,,,16:11,16.18
2025,May-25,22,21-2025,21,20,2025-05-29,Thu,84%,84%,,853,11%,593,12%,260,8%,946,665,650,281,281,,,109,,17.6,86%,0:35,,,13:49,13.82,7,8,2.3%,,,,81%,1:41,,,,18:46,18.77
2025,May-25,22,21-2025,21,21,2025-05-30,Fri,63%,61%,,709,3%,524,2%,185,4%,727,535,495,192,192,,,84,,13.9,57%,1:49,,,13:04,13.07,33,7,7.5%,,,,72%,2:14,,,,15:20,15.33
2025,May-25,22,21-2025,21,,2025-05-31,Sat,,,,,,,,,,,,,,,,,27,,,,,,,,,,,,,,,,,,,,,
2025,Jun-25,22,22-2025,22,,2025-06-01,Sun,,,,,,,,,,,,,,,,,22,,,,,,,,,,,,,,,,,,,,,
2025,Jun-25,23,22-2025,22,1,2025-06-02,Mon,76%,76%,,1224,-7%,878,-3%,346,-17%,1141,855,812,286,286,,,87,,20.4,75%,1:10,,,18:56,18.93,30,13,5.0%,,,,79%,1:33,,,,18:56,18.93
2025,Jun-25,23,22-2025,22,2,2025-06-03,Tue,70%,69%,,1241,-14%,870,-14%,371,-14%,1071,751,720,320,320,,,89,,19.2,68%,1:28,,,13:55,13.92,22,9,4.1%,,,,70%,2:02,,,,17:20,17.33
2025,Jun-25,23,22-2025,22,3,2025-06-04,Wed,87%,90%,,1148,-18%,790,-13%,358,-29%,946,691,674,255,255,,,115,,15.0,92%,0:29,,,13:22,13.37,5,12,2.5%,,,,84%,1:38,,,,18:13,18.22
2025,Jun-25,23,22-2025,22,4,2025-06-05,Thu,62%,60%,,902,-2%,630,-2%,272,-1%,883,615,577,268,268,,,128,,14.9,62%,1:40,,,14:02,14.03,34,4,6.2%,,,,55%,5:59,,,,14:48,14.80
2025,Jun-25,23,22-2025,22,5,2025-06-06,Fri,71%,70%,,810,7%,585,9%,225,1%,867,640,613,227,227,,,86,,15.6,71%,1:27,,,14:04,14.07,25,2,4.2%,,,,68%,2:55,,,,16:08,16.13
2025,Jun-25,23,22-2025,22,,2025-06-07,Sat,,,,,,,,,,,,,,,,,21,,,,,,,,,,,,,,,,,,,,,
2025,Jun-25,23,23-2025,23,,2025-06-08,Sun,,,,,,,,,,,,,,,,,23,,,,,,,,,,,,,,,,,,,,,
2025,Jun-25,24,23-2025,23,6,2025-06-09,Mon,57%,55%,,1085,2%,779,5%,306,-6%,1104,817,756,287,287,,,133,,20.3,55%,2:46,,,12:17,12.28,57,4,7.5%,,,,56%,4:41,,,,15:26,15.43
2025,Jun-25,24,23-2025,23,7,2025-06-10,Tue,68%,69%,,1064,2%,743,4%,321,-2%,1084,771,722,313,313,,,113,,18.1,70%,1:49,,,14:10,14.17,46,3,6.4%,,,,68%,3:17,,,,15:33,15.55
2025,Jun-25,24,23-2025,23,8,2025-06-11,Wed,79%,79%,,1021,-4%,708,-3%,313,-5%,984,686,638,298,298,,,85,,16.7,79%,1:20,,,14:04,14.07,44,4,7.0%,,,,79%,1:45,,,,17:22,17.37
2025,Jun-25,24,23-2025,23,9,2025-06-12,Thu,73%,73%,,977,1%,680,6%,297,-13%,982,724,694,258,258,,,107,,16.9,70%,1:26,,,13:59,13.98,28,2,4.1%,,,,80%,1:35,,,,18:21,18.35
2025,Jun-25,24,23-2025,23,10,2025-06-13,Fri,76%,77%,,789,-2%,567,4%,222,-17%,771,587,560,184,184,,,66,,15.0,76%,1:16,,,14:13,14.22,26,1,4.6%,,,,79%,2:14,,,,17:49,17.82
2025,Jun-25,24,23-2025,23,,2025-06-14,Sat,,,,,,,,,,,,,,,,,30,,,,,,,,,,,,,,,,,,,,,
2025,Jun-25,24,24-2025,24,,2025-06-15,Sun,,,,,,,,,,,,,,,,,29,,,,,,,,,,,,,,,,,,,,,
2025,Jun-25,25,24-2025,24,11,2025-06-16,Mon,84%,86%,,1058,-7%,759,-7%,299,-8%,984,708,691,276,276,,,99,,18.1,86%,0:32,,,13:29,13.48,16,1,2.4%,,,,85%,1:23,,,,16:51,16.85
2025,Jun-25,25,24-2025,24,12,2025-06-17,Tue,64%,63%,,1042,-1%,726,4%,316,-12%,1031,753,718,278,278,,,128,,18.8,63%,1:17,,,13:38,13.63,33,2,4.6%,,,,65%,2:39,,,,16:05,16.08
2025,Jun-25,25,24-2025,24,13,2025-06-18,Wed,66%,64%,,977,5%,684,5%,293,5%,1023,716,679,307,307,,,117,,18.3,64%,1:20,,,14:27,14.45,31,6,5.2%,,,,65%,3:17,,,,18:17,18.28
2025,Jun-25,25,24-2025,24,14,2025-06-19,Thu,81%,82%,,913,7%,633,7%,280,6%,977,679,658,298,298,,,68,,17.3,81%,0:46,,,13:10,13.17,11,10,3.1%,,,,85%,1:26,,,,14:31,14.52
2025,Jun-25,25,24-2025,24,15,2025-06-20,Fri,81%,83%,,743,-2%,532,-2%,211,-3%,725,520,501,205,205,,,72,,13.8,81%,0:56,,,13:52,13.87,12,7,3.7%,,,,87%,1:01,,,,24:02,24.03
2025,Jun-25,25,24-2025,24,,2025-06-21,Sat,,,,,,,,,,,,,,,,,24,,,,,,,,,,,,,,,,,,,,,
2025,Jun-25,25,25-2025,25,,2025-06-22,Sun,,,,,,,,,,,,,,,,,28,,,,,,,,,,,,,,,,,,,,,
2025,Jun-25,26,25-2025,25,16,2025-06-23,Mon,86%,86%,,1013,-10%,725,-9%,288,-11%,914,659,640,255,255,,,72,,16.6,88%,0:37,,,13:02,13.03,15,4,2.9%,,,,82%,1:29,,,,22:52,22.87
2025,Jun-25,26,25-2025,25,17,2025-06-24,Tue,87%,89%,,973,-3%,677,-5%,296,0%,939,642,624,297,297,,,96,,15.8,89%,0:45,,,12:59,12.98,9,9,2.8%,,,,89%,1:21,,,,18:30,18.50
2025,Jun-25,26,25-2025,25,18,2025-06-25,Wed,85%,86%,,922,-1%,650,-5%,272,9%,916,620,606,296,296,,,123,,15.9,89%,0:35,,,13:56,13.93,8,6,2.3%,,,,79%,1:53,,,,18:16,18.27
2025,Jun-25,26,25-2025,25,19,2025-06-26,Thu,87%,88%,,912,-1%,636,4%,276,-11%,906,659,639,247,247,,,96,,15.4,85%,0:41,,,13:04,13.07,15,5,3.0%,,,,95%,3:20,,,,16:11,16.18
2025,Jun-25,26,25-2025,25,20,2025-06-27,Fri,80%,81%,,740,5%,533,3%,207,8%,774,551,523,223,223,,,67,,14.5,81%,0:59,,,12:55,12.92,19,9,5.1%,,,,82%,4:37,,,,39:22,39.37
2025,Jun-25,26,25-2025,25,,2025-06-28,Sat,,,,,,,,,,,,,,,,,10,,,,,,,,,,,,,,,,,,,,,
2025,Jun-25,26,26-2025,26,,2025-06-29,Sun,,,,,,,,,,,,,,,,,39,,,,,,,,,,,,,,,,,,,,,
2025,Jun-25,27,26-2025,26,21,2025-06-30,Mon,75%,77%,,1019,2%,751,-2%,268,10%,1035,739,717,296,296,,,135,,18.6,79%,1:05,,,13:25,13.42,17,5,3.0%,,,,71%,2:00,,,,17:17,17.28
2025,Jul-25,27,26-2025,26,1,2025-07-01,Tue,48%,49%,,1182,24%,826,34%,356,1%,1462,1104,804,358,358,,,180,,24.5,46%,6:59,,,9:29,9.48,291,9,27.2%,,,,57%,23:08,,,,18:16,18.27
2025,Jul-25,27,26-2025,26,2,2025-07-02,Wed,48%,48%,,1164,-4%,812,-3%,352,-6%,1118,786,680,332,332,,,237,,18.9,42%,3:30,,,12:49,12.82,92,14,13.5%,,,,61%,6:00,,,,15:48,15.80
2025,Jul-25,27,26-2025,26,3,2025-07-03,Thu,70%,77%,,1058,-15%,741,-11%,317,-25%,898,660,628,238,238,,,110,,15.1,73%,1:12,,,13:19,13.32,24,8,4.8%,,,,89%,0:44,,,,17:24,17.40
2025,Jul-25,27,26-2025,26,,2025-07-04,Fri,37%,35%,,,,,,,,26,11,7,15,15,,,31,,,46%,5:52,,,10:03,10.05,4,0,36.4%,,,,27%,27:22,,,,11:19,11.32
2025,Jul-25,27,26-2025,26,,2025-07-05,Sat,,,,,,,,,,,,,,,,,13,,,,,,,,,,,,,,,,,,,,,
2025,Jul-25,27,27-2025,27,,2025-07-06,Sun,,,,,,,,,,,,,,,,,27,,,,,,,,,,,,,,,,,,,,,
2025,Jul-25,28,27-2025,27,4,2025-07-07,Mon,65%,67%,,1171,-5%,822,3%,349,-24%,1108,843,788,265,265,14,,114,,18.9,65%,1:33,,,13:26,13.43,42,13,6.5%,,,,74%,1:49,,,,16:22,16.37
2025,Jul-25,28,27-2025,27,5,2025-07-08,Tue,69%,70%,,1052,-8%,717,0%,335,-24%,968,714,676,254,254,17,,104,,18.2,70%,1:31,,,13:34,13.57,32,6,5.3%,,,,71%,2:22,,,,16:34,16.57
2025,Jul-25,28,27-2025,27,6,2025-07-09,Wed,58%,62%,,1053,0%,738,2%,315,-6%,1050,755,717,295,295,18,,111,,18.1,65%,1:31,,,13:31,13.52,31,7,5.0%,,,,54%,3:25,,,,17:43,17.72
2025,Jul-25,28,27-2025,27,7,2025-07-10,Thu,52%,54%,,974,4%,682,9%,292,-6%,1014,740,655,274,274,21,,89,,18.5,50%,3:19,,,12:50,12.83,79,6,11.5%,,,,62%,4:46,,,,14:54,14.90
2025,Jul-25,28,27-2025,27,8,2025-07-11,Fri,81%,82%,,837,-4%,586,-1%,251,-11%,804,581,552,223,223,12,,66,,15.9,81%,0:55,,,13:22,13.37,18,11,5.0%,,,,86%,0:55,,,,15:49,15.82
2025,Jul-25,28,27-2025,27,,2025-07-12,Sat,,,,,,,,,,,,,,,,,13,,,,,,,,,,,,,,,,,,,,,
2025,Jul-25,28,28-2025,28,,2025-07-13,Sun,,,,,,,,,,,,,,,,,26,,,,,,,,,,,,,,,,,,,,,
2025,Jul-25,29,28-2025,28,9,2025-07-14,Mon,78%,79%,,1070,-3%,750,4%,320,-19%,1040,781,752,259,259,23,,91,,17.6,75%,0:26,,,12:26,12.43,15,14,3.7%,,,,90%,0:52,,,,16:41,16.68
2025,Jul-25,29,28-2025,28,10,2025-07-15,Tue,66%,66%,,1084,0%,762,4%,322,-10%,1083,793,742,290,290,52,,96,,18.5,64%,1:47,,,12:39,12.65,47,4,6.4%,,,,70%,2:52,,,,18:04,18.07
2025,Jul-25,29,28-2025,28,11,2025-07-16,Wed,70%,72%,,1076,-13%,757,-8%,319,-27%,931,699,645,232,232,52,,88,,17.1,67%,1:39,,,13:48,13.80,48,6,7.7%,,,,88%,1:40,,,,16:41,16.68
2025,Jul-25,29,28-2025,28,12,2025-07-17,Thu,66%,66%,,995,-7%,697,-1%,298,-19%,929,687,654,242,242,49,,100,,16.9,67%,1:20,,,13:36,13.60,27,6,4.8%,,,,65%,4:20,,,,14:46,14.77
2025,Jul-25,29,28-2025,28,13,2025-07-18,Fri,74%,75%,,778,-2%,543,3%,235,-14%,759,558,525,201,201,40,,63,,15.0,70%,1:06,,,13:32,13.53,20,13,5.9%,,,,87%,1:03,,,,32:28,32.47
2025,Jul-25,29,28-2025,28,,2025-07-19,Sat,,,,,,,,,,,,,,,,,22,,,,,,,,,,,,,,,,,,,,,
2025,Jul-25,29,29-2025,29,,2025-07-20,Sun,,,,,,,,,,,,,,,,,27,,,,,,,,,,,,,,,,,,,,,
2025,Jul-25,30,29-2025,29,14,2025-07-21,Mon,48%,47%,,994,6%,695,11%,299,-7%,1053,774,683,279,279,109,,108,,21.8,49%,2:48,,,11:36,11.60,87,4,11.8%,,,,42%,8:14,,,,13:33,13.55
2025,Jul-25,30,29-2025,29,15,2025-07-22,Tue,81%,83%,,987,-5%,694,-3%,293,-10%,939,675,662,264,264,96,,96,,16.3,86%,0:44,,,14:26,14.43,8,5,1.9%,,,,75%,2:11,,,,18:31,18.52
2025,Jul-25,30,29-2025,29,16,2025-07-23,Wed,85%,86%,,972,-12%,679,-9%,293,-19%,854,616,592,238,238,116,,92,,14.9,85%,0:49,,,14:10,14.17,15,9,3.9%,,,,90%,1:17,,,,16:13,16.22
2025,Jul-25,30,29-2025,29,17,2025-07-24,Thu,78%,78%,,885,-1%,618,5%,267,-17%,873,651,624,222,222,106,,60,,15.9,81%,1:13,,,13:30,13.50,15,12,4.1%,,,,71%,0:39,,,,16:13,16.22
2025,Jul-25,30,29-2025,29,18,2025-07-25,Fri,90%,92%,,762,-13%,533,-3%,229,-36%,663,517,507,146,146,72,,63,,12.4,91%,0:34,,,14:34,14.57,4,6,1.9%,,,,95%,0:31,,,,27:17,27.28
2025,Jul-25,30,29-2025,29,,2025-07-26,Sat,,,,,,,,,,,,,,,,,14,,,,,,,,,,,,,,,,,,,,,
2025,Jul-25,30,30-2025,30,,2025-07-27,Sun,,,,,,,,,,,,,,,,,23,,,,,,,,,,,,,,,,,,,,,
2025,Jul-25,31,30-2025,30,19,2025-07-28,Mon,72%,71%,,994,5%,697,3%,297,9%,1042,719,689,323,323,142,,99,,19.9,71%,1:27,,,13:18,13.30,28,2,4.2%,,,,72%,11:13,,,,16:54,16.90
2025,Jul-25,31,30-2025,30,20,2025-07-29,Tue,82%,84%,,1011,-14%,706,-8%,305,-29%,865,647,629,218,218,149,,96,,15.4,82%,0:45,,,13:46,13.77,13,5,2.8%,,,,89%,0:48,,,,16:49,16.82
2025,Jul-25,31,30-2025,30,21,2025-07-30,Wed,81%,85%,,989,-12%,693,-6%,296,-26%,871,651,633,220,220,175,,133,,15.9,86%,0:35,,,13:40,13.67,13,5,2.8%,,,,82%,1:11,,,,19:49,19.82
2025,Jul-25,31,30-2025,30,22,2025-07-31,Thu,74%,76%,,775,22%,543,30%,232,3%,944,704,680,240,240,195,,110,,18.2,77%,0:58,,,12:15,12.25,18,6,3.4%,,,,75%,2:07,,,,17:33,17.55
2025,Aug-25,31,30-2025,30,1,2025-08-01,Fri,77%,77%,,875,-5%,640,4%,235,-28%,833,664,638,169,169,180,,64,,15.5,74%,1:01,,,13:50,13.83,17,9,3.9%,,,,89%,1:20,,,,16:04,16.07
2025,Aug-25,31,30-2025,30,,2025-08-02,Sat,,,,,,,,,,,,,,,,,21,,,,,,,,,,,,,,,,,,,,,
2025,Aug-25,31,31-2025,31,,2025-08-03,Sun,,,,,,,,,,,,,,,,,27,,,,,,,,,,,,,,,,,,,,,
2025,Aug-25,32,31-2025,31,2,2025-08-04,Mon,75%,76%,,1154,-9%,844,-4%,310,-24%,1048,813,780,235,235,168,,95,,16.9,75%,1:14,,,12:30,12.50,24,9,4.1%,,,,81%,1:45,,,,17:37,17.62
2025,Aug-25,32,31-2025,31,3,2025-08-05,Tue,64%,62%,,1098,-1%,805,3%,293,-10%,1092,827,770,265,265,237,,101,,17.7,56%,1:56,,,12:55,12.92,47,10,6.9%,,,,80%,1:49,,,,17:34,17.57
2025,Aug-25,32,31-2025,31,4,2025-08-06,Wed,73%,74%,,1070,-10%,781,-6%,289,-21%,961,734,703,227,227,355,,89,,15.1,73%,1:00,,,14:23,14.38,21,10,4.2%,,,,75%,1:46,,,,15:27,15.45
2025,Aug-25,32,31-2025,31,5,2025-08-07,Thu,84%,85%,,1064,-25%,778,-19%,286,-44%,795,634,620,161,161,444,,95,,14.8,85%,0:43,,,14:08,14.13,4,10,2.2%,,,,85%,3:55,,,,20:47,20.78
2025,Aug-25,32,31-2025,31,6,2025-08-08,Fri,78%,78%,,847,-19%,620,-4%,227,-61%,687,598,571,89,89,342,,84,,12.5,77%,0:50,,,13:22,13.37,20,7,4.5%,,,,85%,1:43,,,,35:34,35.57
2025,Aug-25,32,31-2025,31,,2025-08-09,Sat,,,,,,,,,,,,,,,,,13,,,,,,,,,,,,,,,,,,,,,
2025,Aug-25,32,32-2025,32,,2025-08-10,Sun,,,,,,,,,,,,,,,,,28,,,,,,,,,,,,,,,,,,,,,
2025,Aug-25,33,32-2025,32,7,2025-08-11,Mon,83%,82%,,1093,-14%,801,-2%,292,-46%,941,784,760,157,157,459,,114,,17.0,81%,0:52,,,13:13,13.22,16,8,3.1%,,,,87%,1:17,,,,16:54,16.90
2025,Aug-25,33,32-2025,32,8,2025-08-12,Tue,80%,80%,,1109,-23%,809,-14%,300,-46%,856,694,670,162,162,589,,95,,14.9,79%,0:45,,,13:55,13.92,12,12,3.5%,,,,86%,1:07,,,,14:57,14.95
2025,Aug-25,33,32-2025,32,9,2025-08-13,Wed,74%,75%,,1003,-14%,732,-5%,271,-39%,860,695,665,165,165,527,,71,,15.1,72%,0:57,,,14:17,14.28,20,10,4.3%,,,,87%,1:04,,,,17:25,17.42
2025,Aug-25,33,32-2025,32,10,2025-08-14,Thu,71%,73%,,976,-16%,709,-4%,267,-47%,823,681,653,142,142,509,,91,,15.4,71%,1:08,,,13:20,13.33,18,10,4.1%,,,,82%,3:41,,,,16:51,16.85
2025,Aug-25,33,32-2025,32,11,2025-08-15,Fri,69%,70%,,810,-18%,591,-5%,219,-51%,666,559,535,107,107,436,,68,,14.9,70%,1:15,,,14:04,14.07,22,2,4.3%,,,,74%,2:20,,,,19:23,19.38
2025,Aug-25,33,32-2025,32,,2025-08-16,Sat,,,,,,,,,,,,,,,,,24,,,,,,,,,,,,,,,,,,,,,
2025,Aug-25,33,33-2025,33,,2025-08-17,Sun,,,,,,,,,,,,,,,,,21,,,,,,,,,,,,,,,,,,,,,
2025,Aug-25,34,33-2025,33,12,2025-08-18,Mon,66%,66%,,1081,-13%,788,-4%,293,-38%,936,755,710,181,181,501,,92,,16.9,63%,1:52,,,13:35,13.58,36,9,6.0%,,,,78%,2:29,,,,16:51,16.85
2025,Aug-25,34,33-2025,33,13,2025-08-19,Tue,69%,68%,,990,-4%,721,7%,269,-32%,955,771,708,184,184,603,,92,,17.2,66%,2:07,,,14:22,14.37,55,8,8.2%,,,,79%,2:04,,,,19:07,19.12
2025,Aug-25,34,33-2025,33,14,2025-08-20,Wed,82%,83%,,919,-6%,670,4%,249,-32%,866,696,668,170,170,575,,93,,15.4,83%,0:53,,,14:19,14.32,22,6,4.0%,,,,87%,1:08,,,,15:44,15.73
2025,Aug-25,34,33-2025,33,15,2025-08-21,Thu,64%,64%,,912,-4%,663,10%,249,-42%,875,730,657,145,145,312,,82,,16.8,62%,2:06,,,12:47,12.78,66,7,10.0%,,,,72%,3:37,,,,17:27,17.45
2025,Aug-25,34,33-2025,33,16,2025-08-22,Fri,76%,77%,,716,-8%,523,5%,193,-44%,656,548,525,108,108,425,,63,,14.0,74%,1:14,,,14:44,14.73,16,7,4.2%,,,,91%,0:34,,,,17:44,17.73
2025,Aug-25,34,33-2025,33,,2025-08-23,Sat,,,,,,,,,,,,,,,,,20,,,,,,,,,,,,,,,,,,,,,
2025,Aug-25,34,34-2025,34,,2025-08-24,Sun,,,,,,,,,,,,,,,,,20,,,,,,,,,,,,,,,,,,,,,
2025,Aug-25,35,34-2025,34,17,2025-08-25,Mon,80%,81%,,1086,-26%,790,-17%,296,-47%,809,653,636,156,156,483,,93,,15.7,79%,1:08,,,14:25,14.42,15,2,2.6%,,,,87%,0:59,,,,16:52,16.87
2025,Aug-25,35,34-2025,34,18,2025-08-26,Tue,85%,87%,,930,-16%,676,-9%,254,-37%,778,618,604,160,160,513,,83,,14.8,86%,0:35,,,13:43,13.72,9,5,2.3%,,,,91%,0:53,,,,16:19,16.32
2025,Aug-25,35,34-2025,34,19,2025-08-27,Wed,81%,82%,,921,-15%,672,-6%,249,-41%,780,632,603,148,148,518,,84,,15.2,80%,0:58,,,13:10,13.17,23,6,4.6%,,,,89%,0:51,,,,17:23,17.38
2025,Aug-25,35,34-2025,34,20,2025-08-28,Thu,80%,84%,,917,-9%,668,2%,249,-39%,835,684,669,151,151,511,,109,,14.6,84%,0:36,,,13:19,13.32,10,5,2.2%,,,,88%,0:50,,,,16:14,16.23
2025,Aug-25,35,34-2025,34,21,2025-08-29,Fri,69%,69%,,694,4%,504,13%,190,-21%,721,571,528,150,150,368,,41,,16.8,66%,1:43,,,12:56,12.93,39,4,7.5%,,,,82%,4:01,,,,17:03,17.05
2025,Aug-25,35,34-2025,34,,2025-08-30,Sat,,,,,,,,,,,,,,,,,9,,,,,,,,,,,,,,,,,,,,,
2025,Aug-25,35,35-2025,35,,2025-08-31,Sun,,,,,,,,,,,,,,,,,14,,,,,,,,,,,,,,,,,,,,,
2025,Sep-25,36,35-2025,35,1,2025-09-01,Mon,68%,68%,,237,-54%,172,-58%,65,-45%,109,73,64,36,36,136,,48,,4.9,59%,2:40,,,13:19,13.32,7,2,12.3%,,,,86%,1:11,,,,17:54,17.90
2025,Sep-25,36,35-2025,35,2,2025-09-02,Tue,48%,46%,,1102,-2%,867,2%,235,-15%,1081,882,792,199,199,607,,87,,19.0,40%,2:53,,,13:31,13.52,82,8,10.2%,,,,70%,2:42,,,,16:31,16.52
2025,Sep-25,36,35-2025,35,3,2025-09-03,Wed,64%,62%,,1004,14%,832,4%,172,63%,1149,869,819,280,280,800,,146,,19.8,63%,1:36,,,12:28,12.47,41,9,5.8%,,,,61%,4:29,,,,15:26,15.43
2025,Sep-25,36,35-2025,35,4,2025-09-04,Thu,52%,53%,,813,23%,663,18%,150,49%,1004,781,715,223,223,632,,121,,18.4,54%,2:13,,,13:13,13.22,58,8,8.5%,,,,49%,7:29,,,,14:31,14.52
2025,Sep-25,36,35-2025,35,5,2025-09-05,Fri,66%,65%,,731,8%,606,-5%,125,74%,791,573,521,218,218,592,,88,,16.1,59%,1:47,,,14:02,14.03,44,8,9.1%,,,,81%,1:30,,,,16:43,16.72
2025,Sep-25,36,35-2025,35,,2025-09-06,Sat,,,,,,,,,,,,,,,,,22,,,,,,,,,,,,,,,,,,,,,
2025,Sep-25,36,36-2025,36,,2025-09-07,Sun,,,,,,,,,,,,,,,,,26,,,,,,,,,,,,,,,,,,,,,
2025,Sep-25,37,36-2025,36,6,2025-09-08,Mon,69%,72%,,895,14%,721,13%,174,17%,1019,815,785,204,204,594,,109,,18.7,71%,1:06,,,13:14,13.23,22,8,3.7%,,,,77%,2:10,,,,16:05,16.08
2025,Sep-25,37,36-2025,36,7,2025-09-09,Tue,64%,63%,,910,8%,705,5%,205,20%,984,739,685,245,245,607,,82,,18.4,59%,2:04,,,13:46,13.77,43,11,7.3%,,,,75%,2:00,,,,15:07,15.12
2025,Sep-25,37,36-2025,36,8,2025-09-10,Wed,79%,80%,,876,-3%,683,0%,193,-12%,850,681,664,169,169,719,,96,,15.0,80%,0:44,,,13:32,13.53,9,8,2.5%,,,,83%,1:43,,,,16:14,16.23
2025,Sep-25,37,36-2025,36,9,2025-09-11,Thu,76%,78%,,885,-4%,694,-5%,191,1%,852,660,643,192,192,699,,91,,15.6,75%,0:56,,,13:43,13.72,12,5,2.6%,,,,90%,1:30,,,,22:57,22.95
2025,Sep-25,37,36-2025,36,10,2025-09-12,Fri,63%,63%,,725,2%,586,2%,139,5%,742,596,547,146,146,578,,59,,15.5,60%,2:25,,,13:42,13.70,45,4,8.2%,,,,77%,4:21,,,,17:01,17.02
2025,Sep-25,37,36-2025,36,,2025-09-13,Sat,,,,,,,,,,,,,,,,,16,,,,,,,,,,,,,,,,,,,,,
2025,Sep-25,37,37-2025,37,,2025-09-14,Sun,,,,,,,,,,,,,,,,,20,,,,,,,,,,,,,,,,,,,,,
2025,Sep-25,38,37-2025,37,11,2025-09-15,Mon,82%,83%,,1023,-11%,805,-13%,218,0%,915,698,680,217,217,531,,63,,16.4,83%,0:40,,,13:29,13.48,10,8,2.6%,,,,83%,1:23,,,,16:02,16.03
2025,Sep-25,38,37-2025,37,12,2025-09-16,Tue,87%,88%,,973,-10%,752,-10%,221,-12%,871,677,661,194,194,649,,78,,15.4,89%,0:35,,,13:31,13.52,6,10,2.4%,,,,82%,2:10,,,,18:12,18.20
2025,Sep-25,38,37-2025,37,13,2025-09-17,Wed,79%,81%,,925,-7%,731,-7%,194,-7%,862,682,654,180,180,625,,88,,15.9,80%,0:52,,,13:28,13.47,20,8,4.1%,,,,84%,1:28,,,,17:10,17.17
2025,Sep-25,38,37-2025,37,14,2025-09-18,Thu,77%,79%,,915,-12%,720,-13%,195,-7%,809,628,608,181,181,594,,89,,15.3,80%,0:47,,,14:28,14.47,15,5,3.2%,,,,76%,2:05,,,,15:33,15.55
2025,Sep-25,38,37-2025,37,15,2025-09-19,Fri,74%,75%,,728,-7%,583,-3%,145,-22%,680,567,541,113,113,556,,68,,13.9,75%,1:05,,,13:42,13.70,21,5,4.6%,,,,74%,2:49,,,,15:25,15.42
2025,Sep-25,38,37-2025,37,,2025-09-20,Sat,,,,,,,,,,,,,,,,,15,,,,,,,,,,,,,,,,,,,,,
2025,Sep-25,38,38-2025,38,,2025-09-21,Sun,,,,,,,,,,,,,,,,,18,,,,,,,,,,,,,,,,,,,,,
2025,Sep-25,39,38-2025,38,16,2025-09-22,Mon,66%,65%,,931,-9%,721,-5%,210,-20%,849,682,643,167,167,571,,86,,17.3,66%,1:23,,,13:53,13.88,37,2,5.7%,,,,62%,3:37,,,,18:17,18.28
2025,Sep-25,39,38-2025,38,17,2025-09-23,Tue,89%,90%,,926,-12%,703,-10%,223,-19%,817,636,625,181,181,597,,78,,14.7,92%,0:28,,,13:38,13.63,5,6,1.7%,,,,82%,1:21,,,,15:35,15.58
2025,Sep-25,39,38-2025,38,18,2025-09-24,Wed,79%,80%,,874,-6%,675,-3%,199,-16%,822,654,634,168,168,590,,94,,15.3,80%,0:47,,,14:44,14.73,12,8,3.1%,,,,81%,1:36,,,,17:01,17.02
2025,Sep-25,39,38-2025,38,19,2025-09-25,Thu,58%,59%,,876,4%,682,6%,194,-5%,910,726,667,184,184,742,,107,,17.9,60%,1:54,,,12:27,12.45,48,11,8.1%,,,,54%,6:14,,,,20:30,20.50
2025,Sep-25,39,38-2025,38,20,2025-09-26,Fri,79%,80%,,870,-20%,675,-21%,195,-16%,695,531,503,164,164,577,,70,,14.3,81%,0:59,,,14:58,14.97,22,6,5.3%,,,,76%,4:20,,,,16:30,16.50
2025,Sep-25,39,38-2025,38,,2025-09-27,Sat,,,,,,,,,,,,,,,,,24,,,,,,,,,,,,,,,,,,,,,
2025,Sep-25,39,39-2025,39,,2025-09-28,Sun,,,,,,,,,,,,,,,,,24,,,,,,,,,,,,,,,,,,,,,
2025,Sep-25,40,39-2025,39,21,2025-09-29,Mon,66%,68%,,939,-1%,719,3%,220,-15%,925,738,703,187,187,567,,115,,18.0,68%,1:11,,,13:25,13.42,25,10,4.7%,,,,72%,2:47,,,,15:51,15.85
2025,Sep-25,40,39-2025,39,22,2025-09-30,Tue,70%,71%,,929,-3%,703,1%,226,-18%,898,712,675,186,186,548,,99,,17.4,69%,1:25,,,13:48,13.80,29,8,5.2%,,,,79%,1:53,,,,19:23,19.38
2025,Oct-25,40,39-2025,39,1,2025-10-01,Wed,53%,51%,,1119,0%,853,3%,266,-12%,1114,881,805,233,233,699,,87,,20.0,49%,2:20,,,12:50,12.83,67,9,8.6%,,,,61%,4:12,,,,15:04,15.07
2025,Oct-25,40,39-2025,39,2,2025-10-02,Thu,78%,80%,,1114,-14%,853,-13%,261,-18%,955,742,707,213,213,589,,108,,17.0,81%,0:45,,,12:51,12.85,24,11,4.7%,,,,74%,2:17,,,,14:49,14.82
2025,Oct-25,40,39-2025,39,3,2025-10-03,Fri,59%,57%,,873,-8%,677,-2%,196,-27%,807,664,590,143,143,571,,81,,16.9,55%,3:02,,,12:42,12.70,62,12,11.1%,,,,69%,2:41,,,,19:11,19.18
2025,Oct-25,40,39-2025,39,,2025-10-04,Sat,,,,,,,,,,,,,,,,,16,,,,,,,,,,,,,,,,,,,,,
2025,Oct-25,40,40-2025,40,,2025-10-05,Sun,,,,,,,,,,,,,,,,,35,,,,,,,,,,,,,,,,,,,,,
2025,Oct-25,41,40-2025,40,4,2025-10-06,Mon,66%,67%,,873,34%,677,32%,196,41%,1173,897,857,276,276,245,,135,,21.9,68%,1:13,,,11:16,11.27,28,12,4.5%,,,,64%,3:54,,,,14:49,14.82
2025,Oct-25,41,40-2025,40,5,2025-10-07,Tue,69%,68%,,902,27%,677,25%,225,36%,1150,843,805,307,307,271,,142,,19.4,69%,1:13,,,11:53,11.88,30,8,4.5%,,,,68%,2:36,,,,14:11,14.18
2025,Oct-25,41,40-2025,40,6,2025-10-08,Wed,67%,66%,,861,11%,665,13%,196,4%,952,749,716,203,203,201,,114,,16.5,65%,1:22,,,13:40,13.67,23,10,4.4%,,,,70%,3:04,,,,17:04,17.07
2025,Oct-25,41,40-2025,40,7,2025-10-09,Thu,82%,82%,,881,-5%,672,-1%,209,-19%,834,664,643,170,170,614,,76,,15.0,81%,0:47,,,13:50,13.83,8,13,3.2%,,,,85%,1:52,,,,15:54,15.90
2025,Oct-25,41,40-2025,40,8,2025-10-10,Fri,86%,87%,,757,-11%,584,-9%,173,-18%,675,534,520,141,141,480,,67,,13.0,85%,0:33,,,14:36,14.60,7,7,2.6%,,,,94%,0:50,,,,27:40,27.67
2025,Oct-25,41,40-2025,40,,2025-10-11,Sat,,,,,,,,,,,,,,,,,13,,,,,,,,,,,,,,,,,,,,,
2025,Oct-25,41,41-2025,41,,2025-10-12,Sun,,,,,,,,,,,,,,,,,24,,,,,,,,,,,,,,,,,,,,,
2025,Oct-25,42,41-2025,41,9,2025-10-13,Mon,82%,84%,,806,-2%,618,3%,188,-18%,792,638,620,154,154,461,,86,,14.6,84%,0:48,,,13:39,13.65,16,2,2.8%,,,,83%,1:05,,,,18:25,18.42
2025,Oct-25,42,41-2025,41,10,2025-10-14,Tue,78%,79%,,966,-9%,731,-8%,235,-13%,879,674,646,205,205,560,,120,,16.1,77%,1:14,,,13:21,13.35,25,3,4.2%,,,,87%,1:11,,,,13:59,13.98
2025,Oct-25,42,41-2025,41,11,2025-10-15,Wed,75%,75%,,868,4%,667,9%,201,-13%,901,727,701,174,174,655,,113,,16.3,73%,0:59,,,13:41,13.68,19,7,3.6%,,,,86%,3:08,,,,13:59,13.98
2025,Oct-25,42,41-2025,41,12,2025-10-16,Thu,67%,68%,,901,5%,684,4%,217,7%,946,713,676,233,233,701,,100,,17.8,70%,1:22,,,13:41,13.68,29,8,5.2%,,,,61%,3:53,,,13:41,15:06,15.10
2025,Oct-25,42,41-2025,41,13,2025-10-17,Fri,86%,86%,,745,-6%,572,-5%,173,-8%,703,543,529,160,160,570,,75,,13.5,85%,0:37,,,14:28,14.47,7,7,2.6%,,,,93%,0:39,,,,17:51,17.85
2025,Oct-25,42,41-2025,41,,2025-10-18,Sat,,,,,,,,,,,,,,,,,22,,,,,,,,,,,,,,,,,,,,,
2025,Oct-25,42,42-2025,42,,2025-10-19,Sun,,,,,,,,,,,,,,,,,37,,,,,,,,,,,,,,,,,,,,,
2025,Oct-25,43,42-2025,42,14,2025-10-20,Mon,74%,71%,,923,-16%,706,-35%,217,47%,777,459,367,318,318,766,,157,,14.2,65%,0:55,,,11:02,11.03,86,6,20.0%,,,,79%,2:11,,,,14:38,14.63
2025,Oct-25,43,42-2025,42,15,2025-10-21,Tue,71%,72%,,999,-8%,731,2%,268,-33%,924,745,723,179,179,621,,112,,15.5,69%,1:09,,,14:34,14.57,19,3,3.0%,,,,87%,1:25,,,,16:10,16.17
2025,Oct-25,43,42-2025,42,16,2025-10-22,Wed,72%,72%,,910,8%,691,13%,219,-6%,984,778,742,206,206,627,,128,,16.8,74%,1:03,,,13:28,13.47,23,13,4.6%,,,,68%,2:44,,,,17:30,17.50
2025,Oct-25,43,42-2025,42,17,2025-10-23,Thu,73%,73%,,896,1%,681,7%,215,-16%,906,726,687,180,180,647,,88,,16.0,72%,1:07,,,13:32,13.53,28,11,5.4%,,,,80%,1:41,,,,16:14,16.23
2025,Oct-25,43,42-2025,42,18,2025-10-24,Fri,70%,72%,,738,-8%,566,-3%,172,-24%,682,551,519,131,131,511,,102,,13.3,71%,1:26,,,14:06,14.10,25,7,5.8%,,,,77%,1:49,,,,17:26,17.43
2025,Oct-25,43,42-2025,42,,2025-10-25,Sat,,,,,,,,,,,,,,,,,24,,,,,,,,,,,,,,,,,,,,,
2025,Oct-25,43,43-2025,43,,2025-10-26,Sun,,,,,,,,,,,,,,,,,34,,,,,,,,,,,,,,,,,,,,,
2025,Oct-25,44,43-2025,43,19,2025-10-27,Mon,55%,55%,,1035,-9%,785,-4%,250,-22%,947,752,700,195,195,652,,143,,17.5,56%,2:06,,,13:24,13.40,46,6,6.9%,,,,50%,5:49,,,,17:13,17.22
2025,Oct-25,44,43-2025,43,20,2025-10-28,Tue,65%,63%,,979,3%,723,12%,256,-21%,1010,808,769,202,202,705,,156,,18.1,62%,1:43,,,13:23,13.38,30,9,4.8%,,,,67%,2:53,,,,16:04,16.07
2025,Oct-25,44,43-2025,43,21,2025-10-29,Wed,64%,63%,,924,11%,706,13%,218,7%,1029,795,748,234,234,769,,138,,17.3,63%,1:28,,,13:31,13.52,35,12,5.9%,,,,63%,3:02,,,,16:01,16.02
2025,Oct-25,44,43-2025,43,22,2025-10-30,Thu,63%,61%,,916,11%,689,17%,227,-7%,1015,805,744,210,210,681,,145,,17.5,60%,1:50,,,12:52,12.87,53,8,7.6%,,,,64%,4:37,,,,16:16,16.27
2025,Oct-25,44,43-2025,43,23,2025-10-31,Fri,59%,56%,,714,9%,543,16%,171,-12%,780,630,565,150,150,531,,81,,17.4,56%,2:40,,,13:35,13.58,59,6,10.3%,,,,57%,4:58,,,,16:22,16.37
2025,Nov-25,44,43-2025,43,,2025-11-01,Sat,,,,,,,,,,,,,,,,,9,,,,,,,,,,,,,,,,,,,,,
2025,Nov-25,44,44-2025,44,,2025-11-02,Sun,,,,,,,,,,,,,,,,,40,,,,,,,,,,,,,,,,,,,,,
2025,Nov-25,45,44-2025,44,1,2025-11-03,Mon,46%,42%,,1142,5%,878,8%,264,-5%,1199,947,842,252,252,868,,114,,22.0,40%,3:14,,,12:57,12.95,94,11,11.1%,,,,50%,6:47,,,,14:48,14.80
2025,Nov-25,45,44-2025,44,2,2025-11-04,Tue,45%,41%,,1068,0%,825,4%,243,-12%,1072,857,757,215,215,753,,104,,19.7,41%,2:27,,,12:47,12.78,94,6,11.7%,,,,44%,5:28,,,,15:02,15.03
2025,Nov-25,45,44-2025,44,3,2025-11-05,Wed,76%,76%,,1065,-4%,816,-3%,249,-8%,1025,795,764,230,230,718,,97,,17.8,75%,1:01,,,14:23,14.38,23,8,3.9%,,,,78%,1:55,,,,15:48,15.80
2025,Nov-25,45,44-2025,44,4,2025-11-06,Thu,66%,66%,,907,8%,679,13%,228,-7%,981,769,717,212,212,676,,102,,18.7,64%,1:19,,,13:50,13.83,43,9,6.8%,,,,73%,2:35,,,,16:44,16.73
2025,Nov-25,45,44-2025,44,5,2025-11-07,Fri,76%,76%,,709,15%,534,20%,175,-1%,817,643,614,174,174,592,,87,,16.0,78%,0:53,,,13:46,13.77,23,6,4.5%,,,,71%,2:50,,,,17:53,17.88
2025,Nov-25,45,44-2025,44,,2025-11-08,Sat,,,,,,,,,,,,,,,,,4,,,,,,,,,,,,,,,,,,,,,
2025,Nov-25,45,45-2025,45,,2025-11-09,Sun,,,,,,,,,,,,,,,,,24,,,,,,,,,,,,,,,,,,,,,
2025,Nov-25,46,45-2025,45,6,2025-11-10,Mon,39%,36%,,1043,32%,791,47%,252,-14%,1378,1162,824,216,216,625,,128,,24.6,34%,8:04,,,10:22,10.37,325,13,29.1%,,,,44%,10:11,,,,17:55,17.92
2025,Nov-25,46,45-2025,45,7,2025-11-11,Tue,77%,77%,,796,4%,605,8%,191,-8%,826,651,622,175,175,553,,72,,14.8,76%,1:00,,,13:48,13.80,19,10,4.5%,,,,79%,2:31,,,,18:31,18.52
2025,Nov-25,46,45-2025,45,8,2025-11-12,Wed,87%,88%,,973,-5%,736,1%,237,-24%,923,743,715,180,180,732,,87,,16.7,86%,0:35,,,14:27,14.45,20,8,3.8%,,,,93%,0:34,,,,16:39,16.65
2025,Nov-25,46,45-2025,45,9,2025-11-13,Thu,90%,91%,,921,-6%,694,-2%,227,-18%,868,681,668,187,187,644,,79,,14.5,92%,0:26,,,14:35,14.58,6,7,1.9%,,,,88%,1:13,,,,16:49,16.82
2025,Nov-25,46,45-2025,45,10,2025-11-14,Fri,80%,81%,,731,3%,556,9%,175,-17%,751,606,588,145,145,569,,78,,13.9,83%,0:46,,,15:20,15.33,9,9,3.0%,,,,75%,2:02,,,,14:57,14.95
2025,Nov-25,46,45-2025,45,,2025-11-15,Sat,,,,,,,,,,,,,,,,,7,,,,,,,,,,,,,,,,,,,,,
2025,Nov-25,46,46-2025,46,,2025-11-16,Sun,,,,,,,,,,,,,,,,,19,,,,,,,,,,,,,,,,,,,,,
2025,Nov-25,47,46-2025,46,11,2025-11-17,Mon,69%,68%,,1108,4%,851,6%,257,0%,1155,898,787,257,257,637,,121,,19.3,68%,2:29,,,12:10,12.17,105,6,12.4%,,,,67%,3:53,,,,17:55,17.92
2025,Nov-25,47,46-2025,46,12,2025-11-18,Tue,76%,75%,,920,3%,701,7%,219,-11%,945,751,723,194,194,709,,100,,16.8,72%,1:16,,,14:38,14.63,18,10,3.7%,,,,85%,1:20,,,,16:36,16.60
2025,Nov-25,47,46-2025,46,13,2025-11-19,Wed,75%,74%,,783,0%,589,3%,194,-7%,786,606,583,180,180,837,,111,,15.9,76%,0:54,,,15:06,15.10,17,6,3.8%,,,,66%,3:31,,,,16:36,16.60
2025,Nov-25,47,46-2025,46,14,2025-11-20,Thu,81%,81%,,918,-5%,695,-1%,223,-15%,874,685,664,189,189,725,,86,,15.1,83%,0:46,,,15:50,15.83,14,7,3.1%,,,,73%,2:47,,,,19:01,19.02
2025,Nov-25,47,46-2025,46,15,2025-11-21,Fri,83%,83%,,759,-2%,579,2%,180,-14%,742,588,569,154,154,555,,69,,13.6,82%,0:43,,,16:23,16.38,15,4,3.2%,,,,87%,1:10,,,,17:31,17.52
2025,Nov-25,47,46-2025,46,,2025-11-22,Sat,,,,,,,,,,,,,,,,,14,,,,,,,,,,,,,,,,,,,,,
2025,Nov-25,47,47-2025,47,,2025-11-23,Sun,,,,,,,,,,,,,,,,,15,,,,,,,,,,,,,,,,,,,,,
2025,Nov-25,48,47-2025,47,16,2025-11-24,Mon,82%,82%,,1051,-14%,794,-11%,257,-23%,906,708,687,198,198,575,,91,,15.6,84%,0:37,,,16:01,16.02,18,3,3.0%,,,,75%,2:41,,,,16:34,16.57
2025,Nov-25,48,47-2025,47,17,2025-11-25,Tue,85%,85%,,968,-16%,738,-11%,230,-32%,812,655,632,157,157,647,,72,,14.2,84%,0:43,,,15:39,15.65,19,4,3.5%,,,,88%,1:03,,,,15:06,15.10
2025,Nov-25,48,47-2025,47,18,2025-11-26,Wed,93%,94%,,745,-17%,571,-13%,174,-31%,615,495,488,120,120,561,,54,,11.0,94%,0:20,,,17:00,17.00,6,1,1.4%,,,,93%,0:42,,,,15:10,15.17
2025,Nov-25,48,47-2025,47,19,2025-11-27,Thu,86%,89%,,110,-9%,35,-6%,75,-11%,100,33,30,67,67,178,,26,,7.1,79%,3:14,,,12:46,12.77,3,0,9.1%,,,,94%,0:47,,,,24:50,24.83
2025,Nov-25,48,47-2025,47,20,2025-11-28,Fri,94%,98%,,102,-11%,30,-50%,72,6%,91,15,15,76,76,171,,38,,5.7,100%,0:06,,,8:17,8.28,0,0,0.0%,,,,97%,0:12,,,,25:43,25.72
2025,Nov-25,48,47-2025,47,,2025-11-29,Sat,,,,,,,,,,,,,,,,,17,,,,,,,,,,,,,,,,,,,,,
2025,Nov-25,48,48-2025,48,,2025-11-30,Sun,,,,,,,,,,,,,,,,,12,,,,,,,,,,,,,,,,,,,,,
2025,Dec-25,49,48-2025,48,1,2025-12-01,Mon,53%,51%,,1241,-4%,997,-3%,244,-8%,1191,966,885,225,225,706,,135,,20.8,51%,1:59,,,14:07,14.12,77,4,8.4%,,,,49%,1:56:13,,,,16:36,16.60
2025,Dec-25,49,48-2025,48,2,2025-12-02,Tue,81%,80%,,1091,-16%,831,-17%,260,-14%,913,689,617,224,224,741,,94,,16.0,80%,0:55,,,15:10,15.17,27,45,10.4%,,,,80%,1:46,,,,19:47,19.78
2025,Dec-25,49,48-2025,48,3,2025-12-03,Wed,86%,87%,,1071,-13%,815,-11%,256,-17%,936,724,704,212,212,737,,90,,15.8,85%,0:47,,,15:57,15.95,19,1,2.8%,,,,93%,0:49,,,,14:59,14.98
2025,Dec-25,49,48-2025,48,4,2025-12-04,Thu,71%,71%,,972,-9%,735,-1%,237,-32%,889,728,710,161,161,763,,87,,16.3,73%,0:55,,,16:17,16.28,16,2,2.5%,,,,62%,3:15,,,,18:37,18.62
2025,Dec-25,49,48-2025,48,5,2025-12-05,Fri,78%,77%,,796,-10%,629,-7%,167,-22%,715,585,553,130,130,591,,73,,13.8,75%,1:16,,,15:37,15.62,29,3,5.5%,,,,85%,1:13,,,,14:41,14.68
2025,Dec-25,49,48-2025,48,,2025-12-06,Sat,,,,,,,,,,,,,,,,,17,,,,,,,,,,,,,,,,,,,,,
2025,Dec-25,49,49-2025,49,,2025-12-07,Sun,,,,,,,,,,,,,,,,,19,,,,,,,,,,,,,,,,,,,,,
2025,Dec-25,50,49-2025,49,6,2025-12-08,Mon,79%,79%,,1013,-5%,771,0%,242,-22%,963,774,758,189,189,769,,86,,17.4,77%,1:02,,,16:05,16.08,15,1,2.1%,,,,85%,1:38,,,,17:42,17.70
2025,Dec-25,50,49-2025,49,7,2025-12-09,Tue,91%,91%,,949,-3%,728,4%,221,-27%,917,755,740,162,162,854,,80,,15.5,90%,0:22,,,14:37,14.62,13,2,2.0%,,,,98%,0:16,,,,14:20,14.33
2025,Dec-25,50,49-2025,49,8,2025-12-10,Wed,90%,91%,,861,-1%,654,2%,207,-12%,852,670,657,182,182,782,,90,,14.7,93%,0:20,,,15:04,15.07,8,5,1.9%,,,,86%,0:16,,,,16:54,16.90
2025,Dec-25,50,49-2025,49,9,2025-12-11,Thu,79%,78%,,862,-4%,635,-1%,227,-13%,824,626,597,198,198,831,,110,,16.2,77%,0:56,,,13:47,13.78,26,3,4.6%,,,,83%,1:19,,,,15:05,15.08
2025,Dec-25,50,49-2025,49,10,2025-12-12,Fri,89%,90%,,788,-10%,607,-13%,181,0%,712,531,518,181,181,646,,59,,13.7,91%,0:25,,,13:49,13.82,8,5,2.4%,,,,86%,1:07,,,,15:14,15.23
2025,Dec-25,50,49-2025,49,,2025-12-13,Sat,,,,,,,,,,,,,,,,,11,,,,,,,,,,,,,,,,,,,,,
2025,Dec-25,50,50-2025,50,,2025-12-14,Sun,,,,,,,,,,,,,,,,,24,,,,,,,,,,,,,,,,,,,,,
2025,Dec-25,51,50-2025,50,11,2025-12-15,Mon,75%,75%,,1018,-11%,775,-7%,243,-25%,907,724,689,183,183,725,,80,,17.3,72%,1:25,,,13:55,13.92,31,4,4.8%,,,,87%,0:49,,,,15:14,15.23
2025,Dec-25,51,50-2025,50,12,2025-12-16,Tue,84%,84%,,945,-7%,724,-2%,221,-22%,882,709,689,173,173,907,,94,,16.4,84%,0:41,,,14:05,14.08,16,4,2.8%,,,,83%,1:28,,,,16:26,16.43
2025,Dec-25,51,50-2025,50,13,2025-12-17,Wed,86%,86%,,855,-3%,649,3%,206,-21%,832,669,646,163,163,803,,80,,15.3,86%,0:38,,,14:46,14.77,17,6,3.4%,,,,88%,1:07,,,,18:43,18.72
2025,Dec-25,51,50-2025,50,14,2025-12-18,Thu,85%,86%,,869,-10%,673,-10%,196,-12%,778,606,595,172,172,798,,82,,15.1,87%,0:31,,,14:06,14.10,8,3,1.8%,,,,82%,1:53,,,,18:25,18.42
2025,Dec-25,51,50-2025,50,15,2025-12-19,Fri,78%,79%,,773,-18%,590,-12%,183,-34%,637,517,498,120,120,691,,57,,12.9,78%,1:03,,,15:17,15.28,18,1,3.7%,,,,82%,1:19,,,,19:27,19.45
2025,Dec-25,51,50-2025,50,,2025-12-20,Sat,,,,,,,,,,,,,,,,,10,,,,,,,,,,,,,,,,,,,,,
2025,Dec-25,51,51-2025,51,,2025-12-21,Sun,,,,,,,,,,,,,,,,,12,,,,,,,,,,,,,,,,,,,,,
2025,Dec-25,52,51-2025,51,16,2025-12-22,Mon,72%,72%,,746,13%,578,18%,168,-3%,843,680,655,163,163,581,,78,,16.8,69%,1:17,,,15:20,15.33,21,4,3.7%,,,,81%,1:42,,,,16:46,16.77
2025,Dec-25,52,51-2025,51,17,2025-12-23,Tue,90%,91%,,747,-15%,577,-11%,170,-27%,636,512,502,124,124,611,,65,,14.3,89%,0:30,,,14:45,14.75,8,2,2.0%,,,,100%,0:13,,,,15:56,15.93
2025,Dec-25,52,51-2025,51,18,2025-12-24,Wed,93%,95%,,192,14%,131,34%,61,-31%,218,176,172,42,42,217,,22,,5.2,94%,0:28,,,14:30,14.50,3,1,2.3%,,,,98%,0:09,,,,20:16,20.27
2025,Dec-25,52,51-2025,51,,2025-12-25,Thu,,,,,,,,,,,,,,,,,7,,,,,,,,,,,,,,,,,,,,,
2025,Dec-25,52,51-2025,51,,2025-12-26,Fri,,,,,,,,,,,,,,,,,23,,,,,,,,,,,,,,,,,,,,,
2025,Dec-25,52,51-2025,51,,2025-12-27,Sat,,,,,,,,,,,,,,,,,7,,,,,,,,,,,,,,,,,,,,,
2025,Dec-25,52,52-2025,52,,2025-12-28,Sun,,,,,,,,,,,,,,,,,19,,,,,,,,,,,,,,,,,,,,,
2025,Dec-25,1,52-2025,52,19,2025-12-29,Mon,42%,40%,,855,6%,667,11%,188,-12%,907,741,666,166,166,587,,47,,21.3,39%,2:46,,,14:07,14.12,72,3,10.1%,,,,45%,9:13,,,,18:45,18.75
2025,Dec-25,1,52-2025,52,20,2025-12-30,Tue,77%,76%,,796,-2%,617,3%,179,-21%,778,637,611,141,141,597,,72,,17.1,74%,1:01,,,14:20,14.33,24,2,4.1%,,,,82%,2:26,,,,16:40,16.67
2025,Dec-25,1,52-2025,52,21,2025-12-31,Wed,92%,93%,,513,5%,402,9%,111,-10%,538,438,423,100,100,477,,49,,12.6,92%,0:20,,,13:27,13.45,14,1,3.4%,,,,97%,0:13,,,,17:37,17.62
2026,Jan-26,1,52-2026,52,,2026-01-01,Thu,,,,,,,,,,,,,,,,,27,,,,,,,,,,,,,,,,,,,,,
2026,Jan-26,1,52-2026,52,1,2026-01-02,Fri,65%,64%,,724,22%,559,24%,165,16%,883,692,636,191,191,593,,68,,19.7,63%,1:47,,,12:04,12.07,53,3,8.1%,,,,66%,2:34,,,,13:32,13.53
2026,Jan-26,1,52-2026,52,,2026-01-03,Sat,,,,,,,,,,,,,,,,,18,,,,,,,,,,,,,,,,,,,,,
2026,Jan-26,1,1-2026,1,,2026-01-04,Sun,,,,,,,,,,,,,,,,,24,,,,,,,,,,,,,,,,,,,,,
2026,Jan-26,2,1-2026,1,2,2026-01-05,Mon,37%,31%,,1224,12%,954,16%,270,0%,1372,1102,965,270,270,1028,,144,,24.8,32%,3:20,,,11:56,11.93,129,8,12.4%,,,,30%,14:02,,,,16:09,16.15
2026,Jan-26,2,1-2026,1,3,2026-01-06,Tue,36%,31%,,1219,6%,954,9%,265,-4%,1290,1036,900,254,254,1141,,127,,22.5,31%,4:11,,,13:09,13.15,128,8,13.1%,,,,30%,22:47,,,,14:33,14.55
2026,Jan-26,2,1-2026,1,4,2026-01-07,Wed,69%,66%,,1040,7%,813,10%,227,-4%,1115,897,850,218,218,1065,,114,,19.7,64%,1:28,,,14:14,14.23,41,6,5.2%,,,,76%,3:21,,,,14:33,14.55
2026,Jan-26,2,1-2026,1,5,2026-01-08,Thu,45%,41%,,1041,10%,815,12%,226,3%,1142,909,808,233,233,1020,,122,,20.6,41%,3:15,,,14:19,14.32,97,4,11.1%,,,,43%,10:17,,,14:14,20:26,20.43
2026,Jan-26,2,1-2026,1,6,2026-01-09,Fri,77%,77%,,934,-2%,739,1%,195,-16%,912,749,724,163,163,859,,105,,16.5,75%,0:52,,,14:56,14.93,22,3,3.3%,,,,83%,1:39,,,,14:33,14.55
2026,Jan-26,2,1-2026,1,,2026-01-10,Sat,,,,,,,,,,,,,,,,,15,,,,,,,,,,,,,,,,,,,,,
2026,Jan-26,2,2-2026,2,,2026-01-11,Sun,,,,,,,,,,,,,,,,,25,,,,,,,,,,,,,,,,,,,,,
2026,Jan-26,3,2-2026,2,7,2026-01-12,Mon,43%,39%,,1199,1%,966,2%,233,-6%,1209,989,891,220,220,947,,121,,21.0,34%,3:11,,,13:19,13.32,95,3,9.9%,,,,62%,3:41,,,14:56,16:13,16.22
2026,Jan-26,3,2-2026,2,8,2026-01-13,Tue,61%,59%,,1147,2%,915,0%,232,13%,1173,911,865,262,262,1017,,127,,19.2,63%,1:34,,,14:48,14.80,44,2,5.0%,,,,46%,6:01,,,14:56,15:23,15.38
2026,Jan-26,3,2-2026,2,9,2026-01-14,Wed,77%,78%,,1095,4%,861,4%,234,5%,1138,892,859,246,246,,,116,,19.3,77%,0:58,,,14:27,14.45,24,9,3.7%,,,,83%,1:14,,,14:56,15:23,15.38
2026,Jan-26,3,2-2026,2,10,2026-01-15,Thu,84%,85%,,1036,5%,822,1%,214,19%,1088,834,816,254,254,,,125,,18.3,87%,0:35,,,14:24,14.40,16,2,2.2%,,,,79%,1:38,,,14:56,17:22,17.37
2026,Jan-26,3,2-2026,2,11,2026-01-16,Fri,86%,86%,,932,1%,743,0%,189,7%,944,741,726,203,203,,,81,,17.1,84%,0:37,,,15:00,15.00,9,6,2.0%,,,,91%,0:58,,,14:56,35:49,35.82
2026,Jan-26,3,2-2026,2,,2026-01-17,Sat,,,,,,,,,,,,,,,,,22,,,,,,,,,,,,,,,,,,,,,
2026,Jan-26,3,3-2026,3,,2026-01-18,Sun,,,,,,,,,,,,,,,,,28,,,,,,,,,,,,,,,,,,,,,
2026,Jan-26,4,3-2026,3,12,2026-01-19,Mon,88%,97%,,338,-50%,13,46%,325,-54%,168,19,15,149,149,,,101,,7.3,79%,0:29,,,9:15,9.25,3,1,21.1%,,,,99%,0:08,,,14:56,19:20,19.33
2026,Jan-26,4,3-2026,3,13,2026-01-20,Tue,92%,98%,,314,-12%,13,85%,301,-17%,275,24,21,251,251,,,143,,8.9,83%,0:26,,,6:45,6.75,0,3,12.5%,,,,100%,0:03,,,14:56,19:44,19.73
2026,Jan-26,4,3-2026,3,14,2026-01-21,Wed,34%,32%,,1138,-6%,869,-4%,269,-13%,1065,832,713,233,233,,,160,,19.7,28%,5:14,,,14:17,14.28,119,0,14.3%,,,,44%,9:44,,,14:56,18:14,18.23
2026,Jan-26,4,3-2026,3,15,2026-01-22,Thu,30%,27%,,1042,2%,807,14%,235,-42%,1060,923,770,137,137,,,73,,21.7,26%,4:47,,,13:23,13.38,147,6,16.6%,,,,32%,17:19,,,14:17,14:15,14.25
2026,Jan-26,4,3-2026,3,16,2026-01-23,Fri,93%,94%,,851,4%,673,5%,178,1%,888,708,701,180,180,,,89,,14.4,94%,0:17,,,15:23,15.38,3,4,1.0%,,,,92%,0:38,,,13:23,17:24,17.40
2026,Jan-26,4,3-2026,3,,2026-01-24,Sat,,,,,,,,,,,,,,,,,12,,,,,,,,,,,,,,,,,,,,,
2026,Jan-26,4,4-2026,4,,2026-01-25,Sun,,,,,,,,,,,,,,,,,14,,,,,,,,,,,,,,,,,,,,,
2026,Jan-26,5,4-2026,4,17,2026-01-26,Mon,79%,78%,,1133,2%,880,4%,253,-6%,1157,918,879,239,239,,,111,,18.5,77%,0:49,,,15:53,15.88,35,4,4.2%,,,,86%,1:13,,,13:23,16:04,16.07
2026,Jan-26,5,4-2026,4,18,2026-01-27,Tue,84%,84%,,893,14%,637,26%,256,-15%,1020,802,789,218,218,,,119,,16.6,85%,0:34,,,14:17,14.28,10,3,1.6%,,,,83%,1:11,,,15:53,17:41,17.68
2026,Jan-26,5,4-2026,4,19,2026-01-28,Wed,85%,86%,,1040,1%,795,4%,245,-8%,1055,829,818,226,226,,,117,,17.8,88%,0:29,,,15:13,15.22,8,3,1.3%,,,,80%,1:44,,,15:53,15:33,15.55
2026,Jan-26,5,4-2026,4,20,2026-01-29,Thu,87%,87%,,1060,-9%,799,-5%,261,-21%,967,760,750,207,207,,,119,,15.6,87%,0:28,,,16:20,16.33,5,5,1.3%,,,,87%,1:05,,,15:53,26:38,26.63
2026,Jan-26,5,4-2026,4,21,2026-01-30,Fri,87%,88%,,857,9%,661,12%,196,-2%,931,738,729,193,193,,,89,,16.8,89%,0:31,,,14:58,14.97,7,2,1.2%,,,,83%,1:35,,,15:53,18:23,18.38
2026,Jan-26,5,4-2026,4,,2026-01-31,Sat,,,,,,,,,,,,,,,,,23,,,,,,,,,,,,,,,,,,,,,
2026,Feb-26,5,5-2026,5,,2026-02-01,Sun,,,,,,,,,,,,,,,,,43,,,,,,,,,,,,,,,,,,,,,
2026,Feb-26,6,5-2026,5,1,2026-02-02,Mon,67%,66%,,1288,1%,1018,6%,270,-16%,1301,1074,1022,227,227,,,124,,21.1,66%,1:26,,,13:45,13.75,48,4,4.8%,,,,66%,3:25,,,15:53,18:37,18.62
2026,Feb-26,6,5-2026,5,2,2026-02-03,Tue,85%,85%,,1200,-9%,946,-10%,254,-2%,1098,848,829,250,250,,,102,,18.0,85%,0:31,,,14:59,14.98,16,3,2.2%,,,,86%,1:08,,,15:53,16:39,16.65
2026,Feb-26,6,5-2026,5,3,2026-02-04,Wed,80%,81%,,1082,5%,852,4%,230,9%,1138,887,862,251,251,,,164,,19.3,81%,0:50,,,14:01,14.02,23,2,2.8%,,,,85%,1:09,,,15:53,15:44,15.73
2026,Feb-26,6,5-2026,5,4,2026-02-05,Thu,83%,83%,,1063,6%,837,5%,226,9%,1125,879,852,246,246,,,123,,19.1,84%,0:37,,,14:26,14.43,25,2,3.1%,,,,81%,1:56,,,15:53,15:06,15.10
2026,Feb-26,6,5-2026,5,5,2026-02-06,Fri,85%,86%,,885,-3%,706,-5%,179,6%,859,669,651,190,190,,,72,,16.3,87%,0:28,,,15:59,15.98,11,7,2.7%,,,,82%,2:02,,,,16:33,16.55
2026,Feb-26,6,5-2026,5,,2026-02-07,Sat,,,,,,,,,,,,,,,,,,,,,,,,,,,,,,,,,,,,,,
2026,Feb-26,6,6-2026,6,,2026-02-08,Sun,,,,,,,,,,,,,,,,,,,,,,,,,,,,,,,,,,,,,,
2026,Feb-26,7,6-2026,6,6,2026-02-09,Mon,52%,49%,,1096,9%,853,11%,243,0%,1192,949,879,243,243,,,95,,20.4,49%,2:22,,,14:34,14.57,65,5,7.4%,,,,50%,6:54,,,,19:50,19.83
2026,Feb-26,7,6-2026,6,7,2026-02-10,Tue,78%,86%,,1111,-5%,867,-5%,244,-3%,1060,823,803,237,237,,,110,,18.3,86%,0:32,,,14:09,14.15,16,4,2.4%,,,,87%,0:53,,,,16:37,16.62
,,,-,,,,,,,,0,,,,,,,,,,,,,,,0.0,,,,,,,,,,,,,,,,,,,
,,,-,,,,,,,,0,,,,,,,,,,,,,,,,,,,,,,,,,,,,,,,,,,
,,,-,,,,,,,,0,,,,,,,,,,,,,,,,,,,,,,,,,,,,,,,,,,
,,,-,,,,,,,,0,,,,,,,,,,,,,,,,,,,,,,,,,,,,,,,,,,
,,,-,,,,,,,,0,,,,,,,,,,,,,,,,,,,,,,,,,,,,,,,,,,
,,,-,,,,,,,,0,,,,,,,,,,,,,,,,,,,,,,,,,,,,,,,,,,
,,,-,,,,,,,,0,,,,,,,,,,,,,,,,,,,,,,,,,,,,,,,,,,
,,,-,,,,,,,,0,,,,,,,,,,,,,,,,,,,,,,,,,,,,,,,,,,
,,,-,,,,,,,,0,,,,,,,,,,,,,,,,,,,,,,,,,,,,,,,,,,
,,,-,,,,,,,,0,,,,,,,,,,,,,,,,,,,,,,,,,,,,,,,,,,